order_id,order_date,branch,product_id,quantity,unit_price_egp,discount_pct,payment_method,customer_id
ORD-000001,01/01/2024,Miami,AX01,1,977.0,0.0,mobile wallet,C0457
ORD-000018,01/01/2024,Heliopolis,TV03,1,14518.0,0.0,cash,C0384
ORD-000017,01/01/2024,Mansoura,KA06,2,12187.0,0.0,mobile wallet,C0123
ORD-000016,01/01/2024,NASR CITY,AU02,2,9127.0,0.0,Cash,C0131
ORD-000015,01/01/2024,6th of October,AU04,2,1414.0,0.0,Cash,C1729
ORD-000014,01/01/2024,Heliopolis,TV06,1,87274.0,0.0,installments,C2419
ORD-000012,01/01/2024,6th of October,TV05,1,23406.0,0.0,installments,C2234
ORD-000011,01/01/2024,Smouha,KA04,1,24502.0,0.0,installments,C0420
ORD-000010,01/01/2024,Dokki,AX09,5,1840.0,0.0,cash,
ORD-000013,01/01/2024,Mansoura,AX04,2,249.0,0.0,CASH,C0357
ORD-000008,01/01/2024,Dokki,AU04,2,1462.0,0.0,Visa/Mastercard,
ORD-000007,01/01/2024,Smouha,AX06,2,1147.0,0.0,CASH,C0915
ORD-000006,01/01/2024,Miami,AC01,1,33075.0,0.0,CASH,
ORD-000005,01/01/2024,Nasr City,KA02,1,3637.0,0.0,mobile wallet,C1004
ORD-000004,01/01/2024,Nasr City,AX12,5,925.0,0.0,CASH,C1127
ORD-000003,01/01/2024,6th of october,AX03,2,566.0,0.0,VF Cash,C0103
ORD-000002,01/01/2024,Mansoura,AU03,1,13454.0,0.0,Visa/Mastercard,
ORD-000009,01/01/2024,Heliopolis,AC01,1,34210.0,0.0,CASH,C0572
ORD-000028,02/01/2024,Nasr City,AC01,1,34437.0,0.0,Valu/Installments,C0903
ORD-000033,02/01/2024,Nasr City,LP02,1,42230.0,0.0,Credit Card,C0654
ORD-000032,02/01/2024,MAADI,SP02,1,50956.0,0.0,CASH,C0027
ORD-000031,02/01/2024,Heliopolis,AX06,5,1123.0,0.0,Visa/Mastercard,C1140
ORD-000030,02/01/2024,6th of October,AC04,1,58058.0,0.0,Valu/Installments,C2414
ORD-000029,02/01/2024,Nasr City,SP08,1,45889.0,0.0,credit card,C1840
ORD-000027,02/01/2024,Dokki,AU03,2,13327.0,0.0,cash,C1719
ORD-000023,02/01/2024,Smouha,TB02,1,13854.0,0.0,Cash,C0109
ORD-000025,02/01/2024,Nasr City,LP02,1,42448.0,0.0,VF Cash,C0815
ORD-000024,02/01/2024,6th of October,AX01,1,939.0,0.0,Installments,C2299
ORD-000022,02/01/2024,Smouha,AX02,5,350.0,0.0,mobile wallet,C2466
ORD-000021,02/01/2024,Dokki,TB03,1,9309.0,0.05,Visa/Mastercard,C2070
ORD-000020,02/01/2024,Nasr City,AU01,2,6629.0,0.0,cash,C0953
ORD-000019,02/01/2024,Smouha,TB03,1,9591.0,0.0,Mobile Wallet,C0896
ORD-000026,02/01/2024,Miami,AX09,1,1809.0,0.0,Valu/Installments,C2233
ORD-000038,03/01/2024,Maadi,AC01,1,33873.0,0.0,Valu/Installments,C0882
ORD-000037,03/01/2024,6th of October,TB02,1,13208.0,0.0,credit card,C0637
ORD-000036,03/01/2024,Miami,AU05,2,3130.0,0.0,Visa/Mastercard,C1139
ORD-000034,03/01/2024,Heliopolis,TB03,1,9452.0,0.05,cash,C1732
ORD-000035,03/01/2024,Miami,SP08,1,43918.0,0.0,Valu/Installments,C1394
ORD-000048,04/01/2024,Heliopolis,AX07,4,732.0,0.0,Valu/Installments,C0178
RET-000103,04/01/2024,Smouha,AX01,-3,958.0,0.0,mobile wallet,C1379
ORD-000053,04/01/2024,Nasr City,AX03,1,542.0,0.0,Valu/Installments,
ORD-000052,04/01/2024,Miami,SP05,1,19061.0,0.0,Mobile Wallet,C0512
ORD-000051,04/01/2024,Miami,LP03,1,30176.0,0.0,Valu/Installments,C2197
ORD-000050,04/01/2024,Miami,LP01,1,28767.0,0.05,CASH,
ORD-000049,04/01/2024,Nasr City,AX09,4,1867.0,0.0,Valu/Installments,C1882
ORD-000047,04/01/2024,Nasr City,AU05,2,3106.0,0.0,mobile wallet,C1084
ORD-000043,04/01/2024,Dokki,AU03,1,13192.0,0.0,CASH,C0397
ORD-000045,04/01/2024,Nasr City,AX03,3,546.0,0.0,credit card,C1409
ORD-000044,04/01/2024,Miami,AU04,1,1485.0,0.0,CASH,C1471
ORD-000039,04/01/2024,Smouha,AX01,3,958.0,0.0,mobile wallet,C1379
ORD-000042,04/01/2024,6th of October,LP05,1,35638.0,0.0,Visa/Mastercard,C1557
ORD-000041,04/01/2024,Mansoura,AX11,3,407.0,0.0,Installments,C0380
ORD-000040,04/01/2024,Miami,SP06,1,9562.0,0.0,cash,C0419
ORD-000046,04/01/2024,Dokki,AC03,1,26340.0,0.0,CASH,C2473
ORD-000074,05/01/2024,Dokki,AX07,5,772.0,0.0,mobile wallet,C0667
ORD-000073,05/01/2024,Mansoura,TB01,1,24844.0,0.0,Credit Card,
ORD-000072,05/01/2024,Mansoura,AX11,5,391.0,0.0,credit card,C1495
ORD-000071,05/01/2024,Smouha,AU05,2,3223.0,0.0,VF Cash,C1858
ORD-000070,05/01/2024,Heliopolis,SP06,1,10051.0,0.0,Cash,
ORD-000069,05/01/2024,Maadi,KA01,2,4100.0,0.0,installments,C1139
ORD-000068,05/01/2024,Miami,KA07,2,18891.0,0.0,Valu/Installments,C1557
ORD-000067,05/01/2024,Miami,AU04,2,1465.0,0.0,CASH,C0414
ORD-000065,05/01/2024,Maadi,SP06,1,9761.0,0.0,CASH,C0327
ORD-000066,05/01/2024,Nasr City,LP05,1,,0.0,Mobile Wallet,C0954
ORD-000063,05/01/2024,Maadi,AX08,4,1341.0,0.0,CASH,C0934
ORD-000062,05/01/2024,Maadi,SP04,1,11238.0,0.0,installments,C0188
ORD-000061,05/01/2024,Heliopolis,TV02,1,26204.0,0.0,Cash,C0285
ORD-000060,05/01/2024,Dokki ,AX06,2,1173.0,0.0,Cash,C0788
ORD-000059,05/01/2024,Dokki,AU05,2,3202.0,0.0,installments,C2365
ORD-000058,05/01/2024,Heliopolis,AU05,2,3239.0,0.0,credit card,C1482
ORD-000057,05/01/2024,Maadi,AC03,1,25560.0,0.0,Visa/Mastercard,C1201
ORD-000056,05/01/2024,Maadi,KA03,1,6651.0,0.0,cash,C2262
ORD-000055,05/01/2024,Mansoura,TV06,1,90067.0,0.0,installments,C0323
ORD-000054,05/01/2024,Nasr City,LP02,1,43210.0,0.0,Installments,C1551
ORD-000064,05/01/2024,Nasr City,AX11,5,401.0,0.0,Valu/Installments,C1186
ORD-000089,06/01/2024,Miami,AX07,2,742.0,0.0,Visa/Mastercard,C2282
ORD-000090,06/01/2024,Mansoura,SP04,1,11473.0,0.0,cash,C0900
ORD-000091,06/01/2024,Nasr City,LP01,1,27698.0,0.0,installments,C1329
ORD-000092,06/01/2024,Miami,SP01,1,16850.0,0.0,CASH,C0230
ORD-000088,06/01/2024,Nasr City,SP06,1,9507.0,0.0,Visa/Mastercard,C1106
ORD-000094,06/01/2024,6TH OF OCTOBER,LP05,1,35112.0,0.0,cash,C0132
ORD-000095,06/01/2024,Nasr City,AX06,4,1166.0,0.0,Installments,C1293
ORD-000096,06/01/2024,Smouha,LP02,1,42018.0,0.0,CASH,C1644
ORD-000093,06/01/2024,Mansoura,KA05,2,10085.0,0.0,installments,C0939
ORD-000086,06/01/2024,Nasr City ,SP02,1,50644.0,0.0,Mobile Wallet,C1894
ORD-000087,06/01/2024,Nasr City,AC02,1,47053.0,0.0,Credit Card,C1555
ORD-000085,06/01/2024,6th of October,SP06,1,10068.0,0.0,credit card,
ORD-000075,06/01/2024,Maadi,SP06,1,9903.0,0.0,Mobile Wallet,C1517
ORD-000077,06/01/2024,Nasr City,AC04,1,59102.0,0.0,Valu/Installments,C0859
ORD-000078,06/01/2024,Heliopolis,AU03,1,13318.0,0.0,CASH,C1094
ORD-000079,06/01/2024,Miami,AX12,4,895.0,0.0,Credit Card,C0293
ORD-000076,06/01/2024,Miami,SP04,1,11584.0,0.0,Cash,C1456
ORD-000081,06/01/2024,Dokki,AU01,2,6469.0,0.0,mobile wallet,C0701
ORD-000082,06/01/2024,Mansoura,LP03,1,31761.0,0.0,Installments,C2188
ORD-000083,06/01/2024,Heliopolis,TB04,1,17138.0,0.0,Cash,C1003
ORD-000084,06/01/2024,Miami,KA03,1,7002.0,0.0,VF Cash,C0670
ORD-000080,06/01/2024,6TH OF OCTOBER,AC04,1,58489.0,0.0,Credit Card,C2496
ORD-000107,07/01/2024,Dokki,TB02,1,13132.0,0.0,Installments,C1085
ORD-000115,07/01/2024,Mansoura,LP03,1,31101.0,0.0,Visa/Mastercard,C2391
ORD-000114,07/01/2024,Dokki,KA01,2,4209.0,0.0,cash,C1755
ORD-000113,07/01/2024,Maadi,KA06,2,12309.0,0.0,Installments,C2395
ORD-000112,07/01/2024,Heliopolis,AX08,1,1343.0,0.0,CASH,C1077
ORD-000111,07/01/2024,Maadi,AX08,1,1326.0,0.0,CASH,C2208
ORD-000109,07/01/2024,Nasr City,SP06,1,9685.0,0.0,CASH,C1011
ORD-000106,07/01/2024,Heliopolis,SP01,1,16751.0,0.0,cash,C0586
ORD-000110,07/01/2024,Nasr City,TB01,1,24001.0,0.0,installments,C2300
ORD-000104,07/01/2024,Maadi,TV06,1,89581.0,0.0,Credit Card,C1621
ORD-000097,07/01/2024,6TH OF OCTOBER,TB01,1,23839.0,0.0,credit card,C1097
ORD-000105,07/01/2024,Heliopolis,AC06,1,41236.0,0.0,Cash,C1880
ORD-000098,07/01/2024,6th of October,LP01,1,29139.0,0.0,Installments,C0272
ORD-000099,07/01/2024,Smouha,AU04,2,1492.0,0.0,Visa/Mastercard,C0865
ORD-000100,07/01/2024,Maadi,SP01,1,16886.0,0.0,mobile wallet,C2324
ORD-000108,07/01/2024,Heliopolis,TV01,1,32508.0,0.0,Installments,C0572
ORD-000102,07/01/2024,Dokki,AX03,4,559.0,0.0,CASH,C0871
ORD-000103,07/01/2024,Nasr City,LP01,1,28917.0,0.05,Valu/Installments,C2045
ORD-000101,07/01/2024,Heliopolis,AX02,5,344.0,0.0,VF Cash,C1289
ORD-000127,08/01/2024,Smouha,SP06,1,10021.0,0.0,credit card,C1730
ORD-000126,08/01/2024,Smouha,AX12,3,887.0,0.0,cash,C0656
ORD-000125,08/01/2024,Nasr City,TB01,1,23969.0,0.0,Valu/Installments,C0627
ORD-000124,08/01/2024,Smouha,SP07,1,14349.0,0.0,VF Cash,C0450
ORD-000123,08/01/2024,Maadi,AU02,1,8851.0,0.0,CASH,C0193
ORD-000122,08/01/2024,Heliopolis,AX03,4,547.0,0.0,VF Cash,C0373
ORD-000120,08/01/2024,Dokki,AU04,2,1448.0,0.0,cash,C2088
ORD-000119,08/01/2024,Nasr City,KA06,1,12239.0,0.0,Credit Card,C0567
ORD-000117,08/01/2024,Nasr City,AX11,4,389.0,0.0,mobile wallet,C1483
ORD-000116,08/01/2024,Dokki,AC03,1,26050.0,0.0,Installments,C1636
ORD-000121,08/01/2024,Miami,SP07,1,14841.0,0.0,installments,C2022
ORD-000118,08/01/2024,Miami,LP01,1,28394.0,0.0,CASH,C0899
ORD-000137,09/01/2024,Nasr City,SP08,1,43832.0,0.05,cash,C2267
ORD-000138,09/01/2024,Nasr City,AU03,2,13231.0,0.0,Installments,C0048
ORD-000130,09/01/2024,6th of October,AC04,1,59609.0,0.0,Cash,
ORD-000136,09/01/2024,Maadi,TV03,1,14762.0,0.0,Valu/Installments,C1030
ORD-000139,09/01/2024,Nasr City,AC01,1,33978.0,0.0,Installments,C0470
ORD-000135,09/01/2024,Dokki,AC05,1,38898.0,0.0,Installments,C2168
ORD-000128,09/01/2024,Dokki,AU05,1,3151.0,0.0,Installments,C2443
ORD-000133,09/01/2024,Mansoura,AU01,1,6630.0,0.0,credit card,C2441
ORD-000132,09/01/2024,Maadi,AU05,2,3292.0,0.0,CASH,C1564
ORD-000131,09/01/2024,Miami,AX11,1,407.0,0.0,credit card,C1577
ORD-000129,09/01/2024,Smouha,AX07,1,748.0,0.0,credit card,C0261
ORD-000134,09/01/2024,Smouha,AX03,1,551.0,0.0,VF Cash,C1918
ORD-000151,10/01/2024,Dokki,AX11,2,398.0,0.0,cash,C2051
ORD-000150,10/01/2024,Maadi,TV02,1,26622.0,0.0,CASH,C1079
ORD-000149,10/01/2024,6th of october,SP05,1,19797.0,0.0,Visa/Mastercard,C0014
ORD-000148,10/01/2024,Heliopolis,AU01,1,6651.0,0.0,Cash,C1859
ORD-000147,10/01/2024,Maadi,LP06,1,21518.0,0.0,credit card,
ORD-000152,10/01/2024,Miami,AU03,2,13426.0,0.0,installments,C0732
ORD-000145,10/01/2024,Nasr City,LP01,1,28750.0,0.0,Installments,C1781
ORD-000144,10/01/2024,6th of October ,AC06,1,41555.0,0.0,Mobile Wallet,C1203
ORD-000143,10/01/2024,Nasr City,SP03,1,57952.0,0.0,credit card,C0457
ORD-000142,10/01/2024,Heliopolis,AU04,2,1470.0,0.0,Credit Card,C1394
ORD-000141,10/01/2024,Mansoura,SP01,1,16449.0,0.0,Valu/Installments,C1093
ORD-000140,10/01/2024,Heliopolis,AX06,5,1121.0,0.0,Cash,C2200
ORD-000146,10/01/2024,Nasr City,LP03,1,31160.0,0.0,Installments,C0648
ORD-000165,11/01/2024,Mansoura,AX10,5,438.0,0.0,Cash,C0003
ORD-000164,11/01/2024,nasr city,KA02,2,3699.0,0.05,mobile wallet,C2173
ORD-000163,11/01/2024,Miami,AX02,2,353.0,0.0,Credit Card,C2210
ORD-000162,11/01/2024,Dokki,LP06,1,21524.0,0.0,Credit Card,C0662
ORD-000161,11/01/2024,Dokki,KA07,2,18126.0,0.0,Visa/Mastercard,
ORD-000160,11/01/2024,MAADI,SP03,1,59175.0,0.0,Visa/Mastercard,C1532
ORD-000158,11/01/2024,Dokki,KA05,2,,0.0,Visa/Mastercard,C0815
ORD-000157,11/01/2024,Nasr City,AX06,5,1141.0,0.0,CASH,C2495
ORD-000156,11/01/2024,Nasr City,AX09,5,1797.0,0.0,installments,C2080
ORD-000155,11/01/2024,MANSOURA,AU01,2,6326.0,0.0,Credit Card,C1223
ORD-000154,11/01/2024,Nasr City,AX04,5,246.0,0.0,mobile wallet,C0436
ORD-000153,11/01/2024,Dokki,AU02,1,8985.0,0.0,CASH,C2080
ORD-000159,11/01/2024,Nasr City,AX05,3,2459.0,0.0,credit card,C0627
ORD-000179,12/01/2024,Dokki,LP03,1,30314.0,0.0,Valu/Installments,C1991
ORD-000178,12/01/2024,Smouha,AU03,2,13395.0,0.0,Valu/Installments,C0351
ORD-000181,12/01/2024,Smouha,AX01,1,942.0,0.0,cash,C2182
ORD-000177,12/01/2024,Nasr City,AX12,4,915.0,0.0,Credit Card,C0323
ORD-000183,12/01/2024,Heliopolis,TV04,1,40204.0,0.0,Visa/Mastercard,C0526
ORD-000184,12/01/2024,Heliopolis,SP02,1,51809.0,0.0,Visa/Mastercard,C1947
ORD-000182,12/01/2024,Dokki,AX03,1,549.0,0.0,Mobile Wallet,C0516
ORD-000176,12/01/2024,6th of October,LP01,1,27732.0,0.0,credit card,C2324
ORD-000180,12/01/2024,Heliopolis,SP01,1,16158.0,0.0,CASH,C0284
ORD-000174,12/01/2024,Dokki,LP03,1,31413.0,0.0,Valu/Installments,C0238
ORD-000175,12/01/2024,Dokki ,KA06,2,12871.0,0.0,credit card,C0987
ORD-000168,12/01/2024,Dokki,AX12,2,911.0,0.0,Visa/Mastercard,C2002
ORD-000169,12/01/2024,maadi,SP01,1,16777.0,0.0,Installments,C0080
ORD-000170,12/01/2024,Nasr City,LP06,1,21629.0,0.0,Valu/Installments,C0459
ORD-000167,12/01/2024,Miami,AX10,5,463.0,0.0,installments,C1328
ORD-000171,12/01/2024,Nasr City,SP06,1,9621.0,0.0,Installments,C1487
ORD-000172,12/01/2024,Heliopolis,AX04,4,255.0,0.0,Cash,C1260
ORD-000173,12/01/2024,Mansoura,AC02,1,47255.0,0.0,credit card,C0981
ORD-000166,12/01/2024,Dokki,SP05,1,19278.0,0.0,CASH,C2454
ORD-000195,13/01/2024,Dokki,LP01,1,28438.0,0.0,Installments,C0824
ORD-000202,13/01/2024,Smouha,AX05,1,2428.0,0.0,Visa/Mastercard,C0496
ORD-000201,13/01/2024,Mansoura,TB02,1,13692.0,0.0,Visa/Mastercard,C1850
ORD-000200,13/01/2024,Heliopolis,SP07,1,14272.0,0.0,credit card,C2120
ORD-000198,13/01/2024,Miami,LP01,1,29128.0,0.0,Installments,C1530
ORD-000197,13/01/2024,Maadi,SP08,1,45376.0,0.0,Credit Card,C1635
ORD-000196,13/01/2024,Heliopolis,TB04,1,17117.0,0.0,Credit Card,C1277
ORD-000194,13/01/2024,Mansoura,AC01,1,34351.0,0.0,installments,C2209
ORD-000199,13/01/2024,Miami,AX08,4,1345.0,0.0,Visa/Mastercard,C1795
ORD-000192,13/01/2024,Mansoura,SP08,1,45051.0,0.0,Cash,C1734
ORD-000191,13/01/2024,Heliopolis,AX12,4,893.0,0.0,CASH,
ORD-000190,13/01/2024,Nasr City,AU05,2,3149.0,0.0,installments,C2485
ORD-000189,13/01/2024,Maadi,AX03,1,540.0,0.0,VF Cash,C2162
ORD-000185,13/01/2024,Miami,AX02,3,358.0,0.0,mobile wallet,C2252
ORD-000188,13/01/2024,Mansoura,TV02,1,26591.0,0.0,Cash,
ORD-000187,13/01/2024,Miami,AX02,5,358.0,0.0,Cash,C1086
ORD-000186,13/01/2024,Nasr City,KA03,1,6828.0,0.0,mobile wallet,C0677
ORD-000193,13/01/2024,Maadi,LP01,1,28346.0,0.0,Installments,C0868
ORD-000215,14/01/2024,Nasr City,LP05,1,36017.0,0.0,installments,C0242
ORD-000214,14/01/2024,6th of October,SP05,1,,0.0,CASH,C0291
ORD-000213,14/01/2024,Smouha,AX05,1,2460.0,0.0,Credit Card,C0030
ORD-000212,14/01/2024,Miami,TV01,1,32357.0,0.0,CASH,C0903
ORD-000211,14/01/2024,Dokki,TV03,1,14472.0,0.0,VF Cash,C2411
ORD-000210,14/01/2024,Nasr City,AX07,3,762.0,0.0,Installments,C0943
ORD-000208,14/01/2024,Mansoura,AX05,1,2462.0,0.0,installments,C2410
ORD-000207,14/01/2024,Mansoura,AX05,4,2486.0,0.0,Credit Card,C0087
ORD-000206,14/01/2024,smouha,AX12,2,902.0,0.0,Cash,C1385
ORD-000205,14/01/2024,Maadi,AX03,1,547.0,0.0,cash,C0263
ORD-000204,14/01/2024,Smouha ,AX09,5,1819.0,0.0,Credit Card,C0921
ORD-000203,14/01/2024,Heliopolis,AX11,2,412.0,0.0,Cash,C1016
ORD-000209,14/01/2024,Maadi,LP01,1,27799.0,0.0,Cash,C2269
ORD-000224,15/01/2024,Heliopolis,AX04,5,,0.0,credit card,
ORD-000229,15/01/2024,Dokki,AU04,2,1474.0,0.0,Mobile Wallet,C0542
ORD-000228,15/01/2024,HELIOPOLIS,KA03,2,6688.0,0.05,cash,C2209
ORD-000227,15/01/2024,Mansoura,KA03,1,6679.0,0.0,Mobile Wallet,C0878
ORD-000225,15/01/2024,Heliopolis,AU01,1,6330.0,0.05,Visa/Mastercard,C1989
ORD-000223,15/01/2024,Dokki,AU02,2,8973.0,0.0,VF Cash,C1141
ORD-000226,15/01/2024,6th of October,KA02,2,3508.0,0.0,installments,
ORD-000221,15/01/2024,Mansoura,AX04,3,252.0,0.0,Installments,C2106
ORD-000220,15/01/2024,Smouha,AX07,2,738.0,0.0,CASH,C0291
ORD-000216,15/01/2024,6th of October,AX10,3,451.0,0.0,Mobile Wallet,C0938
ORD-000219,15/01/2024,6th of October,TV01,1,32272.0,0.0,Installments,C1354
ORD-000218,15/01/2024,Nasr City,KA01,2,4259.0,0.05,Visa/Mastercard,C0129
ORD-000217,15/01/2024,Mansoura,KA03,2,6989.0,0.0,cash,C0277
ORD-000222,15/01/2024,Heliopolis,KA07,1,19038.0,0.0,VF Cash,C0975
ORD-000240,16/01/2024,Heliopolis,KA05,1,9982.0,0.0,Credit Card,
ORD-000239,16/01/2024,DOKKI,TB03,1,9565.0,0.0,Credit Card,C1766
ORD-000238,16/01/2024,Nasr City,SP06,1,9534.0,0.0,CASH,C0398
ORD-000237,16/01/2024,Dokki,AX05,1,2517.0,0.0,cash,C0387
ORD-000236,16/01/2024,Nasr City,AU05,1,3118.0,0.0,Mobile Wallet,C0780
ORD-000235,16/01/2024,Miami,TB02,1,13846.0,0.0,mobile wallet,C1668
ORD-000234,16/01/2024,Heliopolis,LP02,1,43115.0,0.0,credit card,C1938
ORD-000233,16/01/2024,Smouha,AX05,3,2451.0,0.0,installments,C0996
ORD-000232,16/01/2024,Nasr City,AX05,4,2467.0,0.0,credit card,C1937
ORD-000231,16/01/2024,Nasr City,AX05,3,2489.0,0.0,Installments,C2361
ORD-000230,16/01/2024,Heliopolis,KA04,1,24025.0,0.0,installments,C2339
ORD-000252,17/01/2024,Maadi,AC01,1,33154.0,0.0,cash,C1019
ORD-000251,17/01/2024,Heliopolis,SP03,1,57096.0,0.0,Cash,C0448
ORD-000249,17/01/2024,Smouha,SP06,1,10057.0,0.0,VF Cash,C1390
ORD-000248,17/01/2024,6th of October,LP04,1,77264.0,0.05,VF Cash,C1650
ORD-000247,17/01/2024,Smouha,TB02,1,13378.0,0.0,credit card,C0249
ORD-000250,17/01/2024,Maadi,LP02,1,42084.0,0.0,installments,
ORD-000245,17/01/2024,Heliopolis,KA02,2,3589.0,0.0,Valu/Installments,C0222
ORD-000244,17/01/2024,Nasr City,AX03,2,550.0,0.0,Credit Card,C1913
ORD-000243,17/01/2024,Nasr City,KA07,1,18305.0,0.0,Valu/Installments,C1684
ORD-000242,17/01/2024,6th of October,AX10,5,438.0,0.0,credit card,C1735
ORD-000241,17/01/2024,Nasr City,AX07,5,729.0,0.0,VF Cash,C1452
ORD-000246,17/01/2024,Mansoura,LP06,1,21381.0,0.0,Credit Card,C0404
ORD-000266,18/01/2024,Heliopolis,AC05,1,37950.0,0.0,Credit Card,C0309
ORD-000265,18/01/2024,Miami,SP06,1,9723.0,0.0,Cash,
ORD-000264,18/01/2024,Nasr City,SP06,1,9705.0,0.0,cash,C1024
ORD-000263,18/01/2024,Maadi,TV04,1,40794.0,0.0,installments,C1895
ORD-000261,18/01/2024,Heliopolis,TV04,1,41216.0,0.0,credit card,C0752
ORD-000260,18/01/2024,Miami,SP03,1,58043.0,0.0,installments,C1729
ORD-000262,18/01/2024,Dokki,AX07,2,769.0,0.0,cash,C1141
ORD-000258,18/01/2024,Heliopolis,AX05,1,2519.0,0.0,CASH,C0575
ORD-000257,18/01/2024,Maadi,TB04,1,17503.0,0.0,cash,C1838
ORD-000256,18/01/2024,Maadi,AC05,1,39376.0,0.0,Valu/Installments,C2197
ORD-000255,18/01/2024,Miami,AU05,2,3123.0,0.0,Visa/Mastercard,C0780
ORD-000254,18/01/2024,Mansoura,SP04,1,11841.0,0.0,Cash,
ORD-000253,18/01/2024,Maadi,AX09,4,1888.0,0.0,Credit Card,C0785
ORD-000259,18/01/2024,Miami,AU01,1,6668.0,0.0,credit card,
ORD-000280,19/01/2024,Nasr City,KA07,1,18683.0,0.0,CASH,C0876
ORD-000281,19/01/2024,Dokki,KA04,1,24214.0,0.0,Credit Card,C1643
ORD-000282,19/01/2024,Nasr City,AX09,5,1821.0,0.0,CASH,
ORD-000283,19/01/2024,MANSOURA,SP01,1,16076.0,0.0,VF Cash,C0241
ORD-000286,19/01/2024,Mansoura ,AC02,1,46464.0,0.0,credit card,C0009
ORD-000285,19/01/2024,Mansoura,AX04,2,251.0,0.0,Cash,C1553
ORD-000287,19/01/2024,Mansoura ,SP02,1,52828.0,0.0,Installments,C1600
ORD-000279,19/01/2024,Heliopolis,KA01,1,4274.0,0.0,Visa/Mastercard,C1972
ORD-000284,19/01/2024,6th of October,AX12,2,883.0,0.0,credit card,C0675
ORD-000278,19/01/2024,Smouha,SP07,1,14792.0,0.0,CASH,
ORD-000267,19/01/2024,6th of October,AX08,3,1383.0,0.0,CASH,C1816
ORD-000276,19/01/2024,6th of October,KA07,2,18363.0,0.0,cash,C1665
ORD-000268,19/01/2024,Dokki,SP04,1,11543.0,0.0,Mobile Wallet,C2255
ORD-000269,19/01/2024,6th of October,AU01,1,6634.0,0.0,CASH,C0402
ORD-000270,19/01/2024,Miami,AU05,1,3140.0,0.0,Mobile Wallet,C0208
ORD-000271,19/01/2024,Smouha,LP05,1,35058.0,0.0,installments,C2215
ORD-000277,19/01/2024,Miami,TV04,1,39940.0,0.0,cash,C1990
ORD-000273,19/01/2024,Dokki,KA08,1,5407.0,0.0,credit card,C0383
ORD-000274,19/01/2024,Maadi,LP01,1,28247.0,0.0,Cash,C0969
ORD-000275,19/01/2024,Nasr City,SP04,1,11433.0,0.0,cash,C0682
ORD-000272,19/01/2024,Nasr City,AX05,4,2377.0,0.0,Installments,C0061
RET-000110,20/01/2024,Smouha,AX05,-4,2463.0,0.0,Mobile Wallet,C1087
ORD-000307,20/01/2024,Dokki,AC05,1,39408.0,0.0,CASH,C2060
ORD-000306,20/01/2024,Nasr City,AX06,2,1129.0,0.05,Credit Card,C1953
ORD-000305,20/01/2024,Dokki,AX05,5,2457.0,0.0,VF Cash,C2393
ORD-000304,20/01/2024,DOKKI,AU05,1,,0.0,credit card,C0206
ORD-000303,20/01/2024,Heliopolis,AX04,1,246.0,0.0,CASH,C0235
ORD-000301,20/01/2024,Maadi,SP08,1,,0.0,credit card,C0250
ORD-000300,20/01/2024,6th of October,AU05,2,3237.0,0.05,installments,C2221
ORD-000298,20/01/2024,Nasr City,SP02,1,53050.0,0.0,Credit Card,C0240
ORD-000302,20/01/2024,Maadi,AX04,4,247.0,0.0,Credit Card,C1285
ORD-000299,20/01/2024,Nasr City,AU05,1,3224.0,0.0,CASH,C2373
ORD-000296,20/01/2024,Dokki,LP01,1,28498.0,0.05,Valu/Installments,C1216
ORD-000295,20/01/2024,Nasr City,AU04,2,1441.0,0.05,Valu/Installments,C0778
ORD-000294,20/01/2024,Mansoura,KA07,1,18062.0,0.0,VF Cash,C0635
ORD-000293,20/01/2024,Miami,AX08,2,1339.0,0.05,cash,C1994
ORD-000292,20/01/2024,6th of October,LP05,1,35998.0,0.0,Valu/Installments,C2277
ORD-000291,20/01/2024,6th of October,KA03,2,6637.0,0.0,Visa/Mastercard,C1733
ORD-000290,20/01/2024,Nasr City,AC01,1,33671.0,0.0,installments,C1169
ORD-000289,20/01/2024,Dokki,AX07,2,,0.0,Visa/Mastercard,C1864
ORD-000288,20/01/2024,Smouha,AX05,4,2463.0,0.0,Mobile Wallet,C1087
ORD-000297,20/01/2024,Heliopolis,SP07,1,14880.0,0.0,Visa/Mastercard,C0892
ORD-000315,21/01/2024,6th of October,SP01,1,16837.0,0.0,Credit Card,C2438
ORD-000314,21/01/2024,Miami,AX01,1,968.0,0.0,credit card,C0281
ORD-000313,21/01/2024,Smouha,AX11,3,409.0,0.0,installments,C0762
ORD-000309,21/01/2024,Heliopolis,AU03,1,13813.0,0.0,credit card,C0645
ORD-000311,21/01/2024,Mansoura,AU03,1,13549.0,0.0,CASH,C2081
ORD-000310,21/01/2024,Dokki,LP04,1,79512.0,0.0,Valu/Installments,C0233
ORD-000308,21/01/2024,Mansoura,AX08,3,1364.0,0.0,mobile wallet,C2176
ORD-000312,21/01/2024,Mansoura,AU02,2,8862.0,0.0,cash,C0329
ORD-000322,22/01/2024,Dokki,KA05,2,9715.0,0.0,CASH,C2372
ORD-000321,22/01/2024,HELIOPOLIS,TB04,1,17121.0,0.0,Cash,C1009
ORD-000319,22/01/2024,Miami,LP03,1,30130.0,0.0,Valu/Installments,C0492
ORD-000318,22/01/2024,Heliopolis,AU04,1,1451.0,0.0,Credit Card,C1654
ORD-000317,22/01/2024,Smouha,TV06,1,90605.0,0.0,Cash,C0964
ORD-000316,22/01/2024,Dokki,AU03,1,13418.0,0.0,Credit Card,C0279
ORD-000320,22/01/2024,Maadi,AX12,4,898.0,0.0,cash,C2334
ORD-000323,23/01/2024,Mansoura,SP03,1,58192.0,0.0,Credit Card,C2436
ORD-000324,23/01/2024,Dokki,AX07,3,732.0,0.0,Cash,C0163
ORD-000325,23/01/2024,Heliopolis,LP01,1,28495.0,0.05,Credit Card,C0336
ORD-000326,23/01/2024,Mansoura,AX04,5,253.0,0.0,Visa/Mastercard,C1718
ORD-000327,23/01/2024,Nasr City,TV03,1,14887.0,0.0,Credit Card,C2391
ORD-000328,23/01/2024,Nasr City,AX08,5,1313.0,0.0,cash,C2316
ORD-000329,23/01/2024,Nasr City,SP04,1,11226.0,0.0,Cash,C2142
ORD-000330,23/01/2024,Dokki,AX10,3,459.0,0.0,mobile wallet,C1296
ORD-000331,23/01/2024,6th of October,AU04,1,1466.0,0.0,Installments,
ORD-000339,24/01/2024,NASR CITY,AC01,1,33614.0,0.0,CASH,C1229
ORD-000338,24/01/2024,Smouha,KA07,2,18453.0,0.0,Mobile Wallet,C0537
ORD-000337,24/01/2024,Smouha,AC03,1,25893.0,0.0,credit card,C1622
ORD-000340,24/01/2024,Heliopolis,SP04,1,11305.0,0.0,Credit Card,
ORD-000335,24/01/2024,dokki,KA06,2,12638.0,0.0,installments,C0978
ORD-000334,24/01/2024,Mansoura,AX08,5,1347.0,0.0,VF Cash,C1287
ORD-000333,24/01/2024,Nasr City ,AU02,1,8952.0,0.0,Valu/Installments,C0837
ORD-000332,24/01/2024,maadi,AX08,4,1323.0,0.05,Installments,C1069
ORD-000336,24/01/2024,Miami ,KA04,2,24126.0,0.0,installments,C1088
ORD-000347,25/01/2024,Smouha,KA01,2,4096.0,0.0,Cash,C0410
ORD-000346,25/01/2024,6th of October,AX11,3,397.0,0.0,credit card,C2307
ORD-000348,25/01/2024,Miami,LP06,1,21892.0,0.0,Installments,C0301
ORD-000344,25/01/2024,Mansoura,AU02,2,8918.0,0.0,Credit Card,C0039
ORD-000343,25/01/2024,Maadi ,AX05,2,2523.0,0.0,Credit Card,C0298
ORD-000342,25/01/2024,Mansoura,AU03,2,13894.0,0.0,installments,C1296
ORD-000341,25/01/2024,Maadi,KA03,1,6606.0,0.0,Cash,C1873
ORD-000345,25/01/2024,Miami ,SP01,1,16994.0,0.05,CASH,C1878
ORD-000362,26/01/2024,MANSOURA,AC02,1,46248.0,0.0,installments,C1240
ORD-000370,26/01/2024,Mansoura,AC04,1,57090.0,0.05,Valu/Installments,C1084
ORD-000369,26/01/2024,Maadi,TV05,1,23554.0,0.0,mobile wallet,C0551
ORD-000368,26/01/2024,Smouha,KA02,1,3526.0,0.0,cash,C0425
ORD-000367,26/01/2024,Smouha,TV01,1,32281.0,0.0,Installments,C1227
ORD-000365,26/01/2024,Dokki,AX09,5,1896.0,0.0,Installments,
ORD-000364,26/01/2024,Heliopolis,SP06,1,9894.0,0.0,mobile wallet,C0033
ORD-000363,26/01/2024,Mansoura,AX02,4,358.0,0.0,Cash,C2167
ORD-000361,26/01/2024,Dokki,AU01,1,6389.0,0.0,Credit Card,C2226
ORD-000366,26/01/2024,Maadi,TB03,1,9312.0,0.0,Cash,C2272
ORD-000359,26/01/2024,Heliopolis,AU02,2,9127.0,0.0,credit card,C0647
ORD-000350,26/01/2024,Nasr City,AU05,1,3208.0,0.0,Cash,C0874
ORD-000349,26/01/2024,Mansoura,KA05,1,9598.0,0.05,CASH,C2203
ORD-000351,26/01/2024,Dokki,AU01,1,6668.0,0.0,Mobile Wallet,C2073
ORD-000352,26/01/2024,Miami ,AU03,2,13176.0,0.0,Cash,C1087
ORD-000353,26/01/2024,Dokki,LP05,1,36120.0,0.0,credit card,C0543
ORD-000360,26/01/2024,Dokki,AU04,2,1428.0,0.0,CASH,C1795
ORD-000354,26/01/2024,Dokki,AU02,1,9156.0,0.0,mobile wallet,C1430
ORD-000355,26/01/2024,Nasr City,AX03,4,537.0,0.0,mobile wallet,C0282
ORD-000356,26/01/2024,Smouha,AX05,2,,0.0,cash,C1001
ORD-000358,26/01/2024,MAADI,AX02,1,345.0,0.0,Installments,C1168
ORD-000357,26/01/2024,Smouha,KA08,1,5340.0,0.0,cash,C1514
ORD-000386,27/01/2024,Heliopolis,AX06,2,1125.0,0.0,Visa/Mastercard,C0209
ORD-000385,27/01/2024,6th of October,SP08,1,43864.0,0.0,Cash,C1029
ORD-000384,27/01/2024,Miami,KA02,2,3551.0,0.0,Cash,C2002
ORD-000383,27/01/2024,Mansoura,AU02,2,8793.0,0.0,Visa/Mastercard,C2071
ORD-000382,27/01/2024,Dokki,SP01,1,16168.0,0.0,Installments,C1082
ORD-000380,27/01/2024,Smouha,TV06,1,87828.0,0.0,Credit Card,C1405
ORD-000381,27/01/2024,Smouha,SP08,1,45478.0,0.0,installments,C0834
ORD-000377,27/01/2024,Heliopolis,SP08,1,45540.0,0.0,Credit Card,C1155
ORD-000376,27/01/2024,Dokki,LP06,1,21446.0,0.0,Installments,C1116
ORD-000375,27/01/2024,Smouha,SP08,1,,0.05,VF Cash,C0637
ORD-000374,27/01/2024,Nasr City,LP03,1,31194.0,0.0,Installments,C2267
ORD-000373,27/01/2024,Mansoura,TV02,1,27238.0,0.0,Valu/Installments,C0439
ORD-000372,27/01/2024,Nasr City ,AU01,1,6353.0,0.0,cash,
ORD-000371,27/01/2024,Heliopolis,AX07,1,765.0,0.0,Mobile Wallet,C0473
ORD-000378,27/01/2024,MANSOURA,AX06,2,1179.0,0.0,Valu/Installments,C2478
ORD-000379,27/01/2024,Nasr City,SP01,1,16353.0,0.0,Mobile Wallet,C0863
ORD-000398,28/01/2024,Mansoura,SP06,1,9602.0,0.0,Visa/Mastercard,
ORD-000399,28/01/2024,Dokki,AX07,2,766.0,0.0,credit card,C2260
ORD-000390,28/01/2024,Mansoura,AX12,1,876.0,0.05,Credit Card,C0181
RET-000091,28/01/2024,Dokki,TV05,-1,24087.0,0.0,Installments,C0662
ORD-000397,28/01/2024,6th of October,AU02,1,8809.0,0.0,Credit Card,C1810
ORD-000400,28/01/2024,Mansoura,KA08,1,5283.0,0.0,Installments,
ORD-000396,28/01/2024,Dokki,TV05,1,24087.0,0.0,Installments,C0662
ORD-000387,28/01/2024,Maadi,SP06,1,9526.0,0.0,cash,C0379
ORD-000394,28/01/2024,Mansoura,TV06,1,88146.0,0.0,cash,C1073
ORD-000393,28/01/2024,Heliopolis,AX03,3,534.0,0.0,Cash,C0536
ORD-000392,28/01/2024,Nasr City,KA08,2,5498.0,0.0,VF Cash,C1367
ORD-000391,28/01/2024,Dokki,AU01,1,6330.0,0.0,Cash,C0015
ORD-000389,28/01/2024,Dokki,AX11,5,400.0,0.05,installments,C1134
ORD-000388,28/01/2024,6th of October,AC03,1,25896.0,0.0,Installments,C1735
ORD-000395,28/01/2024,Smouha,AX10,3,457.0,0.0,cash,
ORD-000417,29/01/2024,Nasr City,KA08,1,5466.0,0.0,CASH,C0172
ORD-000418,29/01/2024,Mansoura,KA04,2,24096.0,0.0,Visa/Mastercard,C1263
ORD-000419,29/01/2024,Nasr City,AX10,5,451.0,0.0,Credit Card,C1494
RET-000116,29/01/2024,Nasr City,KA08,-1,5466.0,0.0,CASH,C0172
ORD-000421,29/01/2024,Miami,AX11,3,408.0,0.0,VF Cash,C1466
RET-000117,29/01/2024,Smouha,TV02,-1,26805.0,0.0,CASH,
ORD-000416,29/01/2024,maadi,KA02,2,3515.0,0.0,mobile wallet,C0523
ORD-000420,29/01/2024,Mansoura,AU03,1,13671.0,0.0,installments,C0164
ORD-000415,29/01/2024,Mansoura,AX11,4,392.0,0.0,mobile wallet,C1761
ORD-000414,29/01/2024,6th of October,KA04,2,24767.0,0.0,installments,C0607
ORD-000412,29/01/2024,Dokki,AU04,2,1481.0,0.0,Cash,C2386
ORD-000411,29/01/2024,Dokki,AX03,5,552.0,0.0,Mobile Wallet,C1513
ORD-000410,29/01/2024,Dokki,AC05,1,38344.0,0.0,installments,C0148
ORD-000409,29/01/2024,Smouha,AX10,1,445.0,0.0,installments,C2235
ORD-000408,29/01/2024,Miami,AX07,5,728.0,0.0,credit card,
ORD-000407,29/01/2024,Smouha,TV02,1,26805.0,0.0,CASH,
ORD-000406,29/01/2024,Nasr City,AU02,2,8655.0,0.0,Installments,C0611
ORD-000405,29/01/2024,6th of October,AU04,2,1428.0,0.0,Visa/Mastercard,C0309
ORD-000413,29/01/2024,Smouha,AC03,1,25866.0,0.0,CASH,C2264
ORD-000404,29/01/2024,Smouha,AC01,1,32805.0,0.0,CASH,C0459
ORD-000403,29/01/2024,Heliopolis,LP04,1,78562.0,0.0,Cash,C0040
ORD-000402,29/01/2024,Dokki ,TB01,1,24509.0,0.0,Valu/Installments,C2298
ORD-000401,29/01/2024,Nasr City,AX04,4,244.0,0.0,credit card,C1752
ORD-000433,30/01/2024,Heliopolis,SP06,1,9729.0,0.0,CASH,C0102
ORD-000432,30/01/2024,Miami,SP05,1,19164.0,0.0,Installments,C1689
ORD-000431,30/01/2024,Heliopolis,LP04,1,77107.0,0.0,Visa/Mastercard,C0726
ORD-000427,30/01/2024,Maadi,SP02,1,53449.0,0.0,Credit Card,C1665
ORD-000429,30/01/2024,Maadi,AU02,1,9072.0,0.0,Mobile Wallet,C0970
ORD-000428,30/01/2024,Smouha,AU04,2,1465.0,0.0,Cash,C0634
ORD-000426,30/01/2024,Heliopolis,LP05,1,35133.0,0.0,installments,C2294
ORD-000425,30/01/2024,Heliopolis,SP01,1,16223.0,0.0,cash,C1449
ORD-000424,30/01/2024,Miami,SP01,1,16993.0,0.0,Installments,C0422
ORD-000423,30/01/2024,Mansoura,AX07,5,749.0,0.0,cash,C1023
ORD-000422,30/01/2024,Miami,TB03,1,9640.0,0.0,mobile wallet,C0861
ORD-000430,30/01/2024,Nasr City,AX03,1,535.0,0.0,Cash,C0666
ORD-000444,31/01/2024,Nasr City,TB03,1,9665.0,0.0,Cash,C0912
ORD-000445,31/01/2024,Mansoura,AX08,4,1376.0,0.0,credit card,
ORD-000443,31/01/2024,Smouha,KA07,1,18235.0,0.0,Installments,C1928
ORD-000437,31/01/2024,6th of October,AX10,1,445.0,0.0,Credit Card,C1017
ORD-000441,31/01/2024,Smouha,AX02,4,344.0,0.0,installments,C1567
ORD-000440,31/01/2024,Smouha,AX02,5,359.0,0.0,Visa/Mastercard,C0443
ORD-000439,31/01/2024,6th of October,KA06,2,12449.0,0.0,Valu/Installments,C0653
ORD-000438,31/01/2024,Smouha,AX04,4,255.0,0.0,mobile wallet,C1093
ORD-000436,31/01/2024,Smouha,AC03,1,25294.0,0.05,Credit Card,C1687
ORD-000435,31/01/2024,Maadi,AX05,4,2433.0,0.05,credit card,C1361
ORD-000434,31/01/2024,Heliopolis,SP02,1,52742.0,0.0,Visa/Mastercard,C0735
ORD-000442,31/01/2024,Smouha,TB03,1,9391.0,0.0,CASH,C0159
ORD-000463,01/02/2024,Miami,TV01,1,32812.0,0.0,Mobile Wallet,C2197
ORD-000464,01/02/2024,Mansoura,KA07,2,18511.0,0.05,mobile wallet,C1357
ORD-000465,01/02/2024,Smouha,KA02,1,3508.0,0.0,Cash,C0114
ORD-000462,01/02/2024,Maadi,AC06,1,,0.0,mobile wallet,C1638
ORD-000467,01/02/2024,Nasr City,AU05,1,3286.0,0.0,Visa/Mastercard,C1070
ORD-000468,01/02/2024,Smouha,TB04,1,17070.0,0.0,cash,C0732
ORD-000469,01/02/2024,Mansoura,SP01,1,16200.0,0.0,cash,
ORD-000470,01/02/2024,Dokki,AU04,1,1445.0,0.0,Cash,
ORD-000466,01/02/2024,Heliopolis,SP07,1,14827.0,0.0,credit card,C0473
ORD-000461,01/02/2024,Maadi,AU05,2,3273.0,0.0,Mobile Wallet,C2087
ORD-000456,01/02/2024,Mansoura,TV06,1,89341.0,0.0,Valu/Installments,C1142
ORD-000459,01/02/2024,Mansoura,TB04,1,17671.0,0.0,Credit Card,C1144
ORD-000446,01/02/2024,Miami,AX07,3,751.0,0.0,Installments,C0818
ORD-000447,01/02/2024,Smouha,LP06,1,21371.0,0.0,Mobile Wallet,C1886
ORD-000448,01/02/2024,MIAMI,AC02,1,45148.0,0.0,Credit Card,C1433
ORD-000449,01/02/2024,Nasr City ,AU05,2,3284.0,0.0,Visa/Mastercard,C1251
ORD-000460,01/02/2024,Maadi,AC05,1,37789.0,0.0,Installments,C1439
ORD-000450,01/02/2024,Dokki,AC06,1,41320.0,0.0,Valu/Installments,C0933
ORD-000452,01/02/2024,dokki,AU04,2,1447.0,0.0,credit card,C0097
ORD-000458,01/02/2024,Smouha,AX01,3,948.0,0.0,CASH,C0285
ORD-000457,01/02/2024,Nasr City,SP01,1,16994.0,0.0,Cash,
ORD-000455,01/02/2024,Heliopolis,AX10,3,456.0,0.0,Visa/Mastercard,C1345
ORD-000454,01/02/2024,Smouha,LP06,1,21900.0,0.0,Credit Card,C1633
ORD-000453,01/02/2024,Miami,TB03,1,9581.0,0.0,Credit Card,C0792
ORD-000451,01/02/2024,Dokki,SP08,1,45602.0,0.0,Credit Card,C0914
ORD-000484,02/02/2024,Smouha,AU05,1,3278.0,0.0,Mobile Wallet,C1578
ORD-000487,02/02/2024,Nasr City,KA05,1,9975.0,0.0,VF Cash,C1044
ORD-000486,02/02/2024,Miami,TV05,1,24650.0,0.0,installments,C0779
ORD-000485,02/02/2024,Dokki,TV03,1,14736.0,0.0,VF Cash,C2362
ORD-000483,02/02/2024,Heliopolis,LP01,1,28198.0,0.0,installments,C0474
ORD-000482,02/02/2024,Dokki,AX03,3,554.0,0.0,cash,C2095
ORD-000480,02/02/2024,Smouha,AX02,1,348.0,0.0,Visa/Mastercard,
ORD-000479,02/02/2024,Miami,AX08,4,1323.0,0.0,CASH,C1788
ORD-000478,02/02/2024,Mansoura,AU01,2,6480.0,0.0,Mobile Wallet,C1285
ORD-000477,02/02/2024,Nasr City,AX11,4,394.0,0.0,cash,C1416
ORD-000476,02/02/2024,Nasr City,AC02,1,45979.0,0.0,Credit Card,C1780
ORD-000475,02/02/2024,Mansoura,AU02,2,8889.0,0.0,Credit Card,C2444
ORD-000474,02/02/2024,Dokki,SP07,1,14258.0,0.0,CASH,C0445
ORD-000473,02/02/2024,6th of October,TB03,1,9745.0,0.05,Credit Card,C0157
ORD-000472,02/02/2024,Maadi,AX08,3,1353.0,0.0,Credit Card,C1088
ORD-000471,02/02/2024,Maadi,LP02,1,40776.0,0.0,Visa/Mastercard,C2379
ORD-000481,02/02/2024,Smouha,AU04,1,1446.0,0.0,Cash,C2484
ORD-000504,03/02/2024,Smouha,AX03,3,560.0,0.0,cash,
ORD-000505,03/02/2024,Miami,TB01,1,23776.0,0.0,Valu/Installments,C1267
ORD-000503,03/02/2024,Mansoura,TB01,1,24966.0,0.0,Mobile Wallet,C2078
RET-000074,03/02/2024,Smouha,TB04,-1,16997.0,0.0,VF Cash,C0511
ORD-000502,03/02/2024,Heliopolis,KA03,2,6625.0,0.05,credit card,C1231
RET-000028,03/02/2024,Smouha,AX05,-1,2395.0,0.0,Visa/Mastercard,C2206
ORD-000501,03/02/2024,Smouha,TB04,1,16997.0,0.0,VF Cash,C0511
ORD-000493,03/02/2024,Smouha,AX05,1,2395.0,0.0,Visa/Mastercard,C2206
ORD-000499,03/02/2024,Dokki,TB01,1,25200.0,0.05,installments,
ORD-000498,03/02/2024,Heliopolis,SP07,1,14356.0,0.0,cash,C1353
ORD-000497,03/02/2024,Maadi,KA07,1,18575.0,0.0,credit card,C0287
ORD-000496,03/02/2024,6th of October,AX04,5,245.0,0.0,Visa/Mastercard,C1767
ORD-000495,03/02/2024,Heliopolis,KA05,1,10026.0,0.0,CASH,C1492
ORD-000494,03/02/2024,Nasr City,SP04,1,11495.0,0.0,Mobile Wallet,C0808
ORD-000492,03/02/2024,Dokki,AX01,4,978.0,0.0,Mobile Wallet,C2130
ORD-000491,03/02/2024,Heliopolis,AX12,2,907.0,0.0,cash,C0007
ORD-000490,03/02/2024,Dokki,KA05,2,9510.0,0.0,CASH,C1787
ORD-000489,03/02/2024,Dokki,TB04,1,17700.0,0.0,Credit Card,C0182
ORD-000488,03/02/2024,Dokki,AX06,4,1170.0,0.0,Visa/Mastercard,
ORD-000500,03/02/2024,Maadi,AX05,3,2473.0,0.0,mobile wallet,C1286
ORD-000519,04/02/2024,Smouha,SP05,1,19235.0,0.0,credit card,C1233
ORD-000521,04/02/2024,Nasr City,SP04,1,11507.0,0.0,cash,C2245
ORD-000520,04/02/2024,Nasr City,AC02,1,45251.0,0.0,cash,C1664
ORD-000518,04/02/2024,Dokki,AU04,1,1445.0,0.0,mobile wallet,C2332
ORD-000507,04/02/2024,Smouha,KA07,2,19052.0,0.0,Cash,C1337
ORD-000516,04/02/2024,Nasr City,AX05,1,2508.0,0.05,Visa/Mastercard,C1553
ORD-000515,04/02/2024,6th of October,SP04,1,11351.0,0.0,credit card,C1723
ORD-000514,04/02/2024,Dokki,AX07,4,757.0,0.0,mobile wallet,C0786
ORD-000513,04/02/2024,Heliopolis,SP08,1,45421.0,0.05,Installments,C0522
ORD-000506,04/02/2024,Nasr City,SP06,1,9982.0,0.0,credit card,C1673
ORD-000508,04/02/2024,Mansoura,AU03,1,13741.0,0.0,mobile wallet,
ORD-000509,04/02/2024,Mansoura,AX09,5,1839.0,0.0,Credit Card,
ORD-000510,04/02/2024,Dokki ,SP06,1,9942.0,0.0,Valu/Installments,C1649
ORD-000511,04/02/2024,Dokki,AX07,4,728.0,0.05,Credit Card,C1212
ORD-000512,04/02/2024,Nasr City,AU01,1,6590.0,0.0,mobile wallet,C2271
ORD-000517,04/02/2024,Miami,AX09,3,1812.0,0.0,Credit Card,C0713
ORD-000534,05/02/2024,Smouha,AX10,5,451.0,0.0,Cash,C1812
ORD-000533,05/02/2024,Heliopolis,AX01,2,926.0,0.0,VF Cash,C1810
ORD-000532,05/02/2024,Maadi,AU05,2,3272.0,0.0,cash,C1905
ORD-000531,05/02/2024,Nasr City,KA03,2,6784.0,0.0,Visa/Mastercard,C1320
ORD-000529,05/02/2024,Miami,TB02,1,13186.0,0.0,Visa/Mastercard,C2376
ORD-000528,05/02/2024,Dokki,LP03,1,31874.0,0.0,Valu/Installments,C1761
ORD-000527,05/02/2024,Mansoura,LP04,1,76964.0,0.0,CASH,C0861
ORD-000526,05/02/2024,Maadi,AC05,1,39584.0,0.0,Cash,C1176
ORD-000525,05/02/2024,Mansoura,AU03,1,13366.0,0.0,credit card,
ORD-000524,05/02/2024,Mansoura,SP05,1,19361.0,0.0,credit card,
ORD-000523,05/02/2024,6th of October,AX02,2,346.0,0.0,Cash,C1245
ORD-000522,05/02/2024,Nasr City,LP03,1,,0.0,Valu/Installments,C0002
ORD-000530,05/02/2024,Mansoura,SP06,1,9716.0,0.0,Credit Card,C2485
ORD-000549,06/02/2024,Nasr City,AC03,1,26596.0,0.0,VF Cash,C0921
ORD-000548,06/02/2024,Mansoura,AX10,1,445.0,0.0,Mobile Wallet,C1272
ORD-000547,06/02/2024,Smouha,LP05,1,34906.0,0.0,Cash,
ORD-000546,06/02/2024,Heliopolis,TB03,1,9470.0,0.0,CASH,
ORD-000544,06/02/2024,Heliopolis,AU05,1,3166.0,0.0,cash,C0383
ORD-000545,06/02/2024,Heliopolis,AX05,4,2509.0,0.0,credit card,C0963
ORD-000540,06/02/2024,Nasr City,KA02,1,3638.0,0.0,VF Cash,C0348
ORD-000538,06/02/2024,Heliopolis,TB02,1,13225.0,0.0,VF Cash,
ORD-000537,06/02/2024,Smouha,TB01,1,24897.0,0.0,CASH,C1939
ORD-000539,06/02/2024,6th of October,TV03,1,14207.0,0.0,VF Cash,C0696
ORD-000535,06/02/2024,Smouha,AX06,1,1141.0,0.05,cash,C0876
ORD-000541,06/02/2024,Dokki,AX07,1,767.0,0.0,credit card,C1163
ORD-000542,06/02/2024,Heliopolis,AX08,3,1324.0,0.0,credit card,C2112
ORD-000543,06/02/2024,Smouha,AX06,4,1175.0,0.0,Cash,C1373
ORD-000536,06/02/2024,HELIOPOLIS,AX01,2,963.0,0.0,Cash,C2094
ORD-000565,07/02/2024,Smouha,SP03,1,58642.0,0.0,CASH,C1000
ORD-000569,07/02/2024,Smouha,TB03,1,9594.0,0.0,Credit Card,C1742
ORD-000568,07/02/2024,Smouha,KA03,2,6771.0,0.05,CASH,C0437
ORD-000567,07/02/2024,Dokki,AX03,5,547.0,0.0,Visa/Mastercard,C0023
ORD-000566,07/02/2024,heliopolis,LP03,1,30961.0,0.0,installments,C0605
ORD-000564,07/02/2024,Smouha,TV06,1,91657.0,0.0,installments,C1637
ORD-000570,07/02/2024,Miami,AX04,1,247.0,0.0,mobile wallet,C0897
ORD-000562,07/02/2024,Mansoura,KA06,1,12329.0,0.0,Visa/Mastercard,C1573
ORD-000550,07/02/2024,Nasr City,AU03,1,13752.0,0.0,Valu/Installments,C0816
ORD-000551,07/02/2024,Nasr City,TB02,1,13630.0,0.0,cash,
ORD-000552,07/02/2024,Mansoura,SP02,1,52811.0,0.0,Installments,C0604
ORD-000553,07/02/2024,Miami,AX01,1,935.0,0.0,installments,C0101
ORD-000554,07/02/2024,Maadi,KA06,2,12707.0,0.0,Visa/Mastercard,C0190
ORD-000555,07/02/2024,Heliopolis,SP02,1,51775.0,0.0,credit card,C1003
ORD-000563,07/02/2024,Maadi,SP08,1,44856.0,0.05,cash,C2025
ORD-000556,07/02/2024,Mansoura,AU03,1,13374.0,0.0,Credit Card,C1947
ORD-000559,07/02/2024,Nasr City,SP01,1,16212.0,0.0,mobile wallet,C1698
ORD-000561,07/02/2024,Mansoura,KA06,1,12867.0,0.0,installments,C0797
ORD-000560,07/02/2024,Nasr City,KA02,2,3680.0,0.0,Cash,C2358
ORD-000558,07/02/2024,Maadi,TV06,1,88163.0,0.0,Valu/Installments,C1866
ORD-000557,07/02/2024,Dokki,TB04,1,17049.0,0.0,mobile wallet,C0299
ORD-000572,08/02/2024,Nasr City,AU05,1,3253.0,0.0,Mobile Wallet,C2122
ORD-000573,08/02/2024,Mansoura,KA01,2,4080.0,0.0,credit card,C1903
ORD-000578,08/02/2024,Dokki,AX01,4,950.0,0.0,CASH,C1870
ORD-000577,08/02/2024,Mansoura,LP04,1,77729.0,0.0,Installments,C0498
ORD-000576,08/02/2024,6th of October,AU03,1,13791.0,0.0,cash,C1021
ORD-000575,08/02/2024,Smouha,AU01,2,6521.0,0.0,Mobile Wallet,C2284
ORD-000574,08/02/2024,Miami,AU05,2,3150.0,0.0,Credit Card,C0206
ORD-000571,08/02/2024,Nasr City,SP08,1,44797.0,0.0,Visa/Mastercard,C0721
ORD-000596,09/02/2024,Miami,SP02,1,53498.0,0.0,credit card,C1136
RET-000107,09/02/2024,Smouha,TB04,-1,17133.0,0.0,credit card,C1013
ORD-000602,09/02/2024,Smouha,AX10,2,444.0,0.05,credit card,C0318
ORD-000601,09/02/2024,Heliopolis,AC05,1,38139.0,0.0,Valu/Installments,C1802
ORD-000600,09/02/2024,Heliopolis,AU03,1,13851.0,0.0,Mobile Wallet,C1125
ORD-000599,09/02/2024,Dokki,KA08,2,5310.0,0.0,CASH,C0980
ORD-000598,09/02/2024,Nasr City,AX03,3,554.0,0.0,Cash,C1985
ORD-000597,09/02/2024,Heliopolis,KA05,2,9860.0,0.05,cash,C2136
ORD-000595,09/02/2024,Smouha,TB04,1,17133.0,0.0,credit card,C1013
ORD-000593,09/02/2024,miami,AU01,1,6543.0,0.0,cash,C1844
ORD-000579,09/02/2024,Smouha,LP02,1,41044.0,0.0,Visa/Mastercard,C0547
ORD-000581,09/02/2024,Dokki,TV05,1,23978.0,0.0,Credit Card,C2176
ORD-000580,09/02/2024,Smouha,AU05,2,3182.0,0.0,CASH,C1904
ORD-000594,09/02/2024,Nasr City,AX02,1,351.0,0.0,cash,C1062
ORD-000582,09/02/2024,Miami,TB04,1,17136.0,0.0,mobile wallet,C2290
ORD-000583,09/02/2024,Miami,SP03,1,59684.0,0.0,installments,C2439
ORD-000584,09/02/2024,Smouha,AX05,2,2486.0,0.0,installments,C1300
ORD-000585,09/02/2024,Heliopolis,TV01,1,32412.0,0.0,Cash,C1813
ORD-000587,09/02/2024,Miami,AU04,1,1447.0,0.0,mobile wallet,C2068
ORD-000588,09/02/2024,Heliopolis,TV06,1,87970.0,0.0,Installments,C1748
ORD-000589,09/02/2024,Nasr City,SP04,1,11641.0,0.0,Visa/Mastercard,C2245
ORD-000590,09/02/2024,dokki,TV06,1,87495.0,0.0,installments,C1827
ORD-000591,09/02/2024,Dokki,AX02,4,354.0,0.0,cash,C0652
ORD-000592,09/02/2024,Heliopolis,TV03,1,14506.0,0.0,Visa/Mastercard,C1945
ORD-000586,09/02/2024,Nasr City,AC01,1,33135.0,0.05,installments,
ORD-000615,10/02/2024,Mansoura,SP03,1,56515.0,0.0,Credit Card,C1569
RET-000076,10/02/2024,Dokki,AX01,-3,925.0,0.05,cash,C1376
ORD-000614,10/02/2024,Dokki ,TB04,1,17156.0,0.0,credit card,
ORD-000611,10/02/2024,NASR CITY,LP04,1,75680.0,0.0,mobile wallet,C0567
ORD-000612,10/02/2024,Smouha,SP06,1,10015.0,0.05,credit card,C0618
ORD-000610,10/02/2024,Maadi,AX06,1,1138.0,0.0,Visa/Mastercard,
ORD-000609,10/02/2024,Dokki,TV04,1,42081.0,0.0,Visa/Mastercard,C0331
ORD-000608,10/02/2024,Smouha,SP03,1,57016.0,0.0,cash,C2213
ORD-000607,10/02/2024,Maadi,AX05,2,2499.0,0.0,Credit Card,C1310
ORD-000606,10/02/2024,Dokki,AX01,3,925.0,0.05,cash,C1376
ORD-000605,10/02/2024,Nasr City,KA01,1,4305.0,0.0,Cash,C1113
ORD-000604,10/02/2024,Smouha,SP08,1,45017.0,0.0,Credit Card,C0961
ORD-000603,10/02/2024,Dokki,AX08,1,1359.0,0.0,Installments,C1171
ORD-000613,10/02/2024,Smouha,SP03,1,58609.0,0.0,Valu/Installments,C0948
ORD-000629,11/02/2024,Nasr City,AU05,2,3188.0,0.0,Mobile Wallet,C1596
ORD-000628,11/02/2024,Nasr City,AX04,3,247.0,0.0,Visa/Mastercard,
ORD-000618,11/02/2024,Maadi,AX06,3,1128.0,0.0,credit card,C0264
ORD-000626,11/02/2024,Dokki,AU04,2,1436.0,0.05,Visa/Mastercard,C0848
ORD-000625,11/02/2024,Dokki,AX07,4,762.0,0.0,installments,C0256
ORD-000624,11/02/2024,Maadi,LP06,1,22376.0,0.0,Credit Card,C1704
ORD-000623,11/02/2024,Maadi,AX02,3,355.0,0.0,VF Cash,C1909
ORD-000622,11/02/2024,Maadi,AX11,1,400.0,0.0,Valu/Installments,C2223
ORD-000621,11/02/2024,maadi,LP05,1,35821.0,0.0,CASH,C1356
ORD-000620,11/02/2024,Miami,KA06,1,12319.0,0.0,mobile wallet,C1670
ORD-000619,11/02/2024,Heliopolis,TV03,1,14466.0,0.0,Credit Card,C1700
ORD-000616,11/02/2024,Nasr City,TV05,1,23457.0,0.0,VF Cash,C0626
ORD-000627,11/02/2024,Heliopolis,TB04,1,17238.0,0.0,credit card,C1721
ORD-000617,11/02/2024,Dokki,SP01,1,,0.0,CASH,C0877
ORD-000642,12/02/2024,Smouha,SP06,1,9994.0,0.0,Valu/Installments,C2205
ORD-000641,12/02/2024,Smouha,AX05,5,2513.0,0.0,Cash,C1717
ORD-000638,12/02/2024,Heliopolis,AC03,1,26082.0,0.0,Credit Card,C1224
ORD-000639,12/02/2024,miami,TB03,1,9404.0,0.0,VF Cash,C1598
ORD-000637,12/02/2024,Dokki,KA05,2,9690.0,0.0,mobile wallet,
ORD-000635,12/02/2024,Smouha,LP05,1,36201.0,0.0,Valu/Installments,C0025
ORD-000634,12/02/2024,Maadi,SP02,1,53551.0,0.05,Installments,C1954
ORD-000633,12/02/2024,Nasr City,SP01,1,16896.0,0.0,Installments,C1559
ORD-000636,12/02/2024,Miami,SP07,1,14231.0,0.0,Installments,C1441
ORD-000632,12/02/2024,Smouha,AU04,2,1487.0,0.0,credit card,C2359
ORD-000631,12/02/2024,Heliopolis,SP04,1,11672.0,0.0,CASH,C0081
ORD-000630,12/02/2024,Smouha,AU03,1,13319.0,0.0,CASH,C2393
ORD-000640,12/02/2024,Mansoura,SP06,1,9732.0,0.0,mobile wallet,
ORD-000661,13/02/2024,6th of October,AU01,2,6466.0,0.0,Visa/Mastercard,
ORD-000666,13/02/2024,Heliopolis,AX10,3,,0.0,Mobile Wallet,C0344
ORD-000665,13/02/2024,Nasr City,TV01,1,31849.0,0.0,Credit Card,C0112
ORD-000664,13/02/2024,Nasr City,KA06,1,12606.0,0.0,CASH,C2312
ORD-000663,13/02/2024,Smouha,TB02,1,13603.0,0.0,credit card,C2425
ORD-000662,13/02/2024,mansoura,KA06,1,12168.0,0.0,credit card,C1614
ORD-000659,13/02/2024,Miami,AX04,3,248.0,0.0,VF Cash,C2188
ORD-000660,13/02/2024,6TH OF OCTOBER,TV05,1,24164.0,0.0,installments,C0111
ORD-000649,13/02/2024,Mansoura,TV01,1,31529.0,0.0,Mobile Wallet,C1786
ORD-000657,13/02/2024,Nasr City,LP04,1,80025.0,0.0,Valu/Installments,C1915
ORD-000656,13/02/2024,Heliopolis,AU05,2,3162.0,0.0,Credit Card,C0677
ORD-000655,13/02/2024,Heliopolis,AX07,4,758.0,0.0,cash,
ORD-000654,13/02/2024,6th of October,TV03,1,14066.0,0.0,Credit Card,C1657
ORD-000653,13/02/2024,Mansoura,AX04,2,255.0,0.0,cash,C1377
ORD-000652,13/02/2024,Dokki,TB02,1,13641.0,0.0,installments,C1593
ORD-000651,13/02/2024,Dokki,TV05,1,24693.0,0.0,Credit Card,C0119
ORD-000650,13/02/2024,Miami,TV02,1,26341.0,0.0,Installments,C1990
ORD-000658,13/02/2024,Nasr City,SP05,1,19501.0,0.0,Cash,C0523
ORD-000648,13/02/2024,Maadi,AX07,3,757.0,0.0,Cash,C1118
ORD-000647,13/02/2024,Nasr City,SP04,1,11397.0,0.0,Installments,C0899
ORD-000646,13/02/2024,Nasr City,AX10,2,455.0,0.0,Cash,C2000
ORD-000645,13/02/2024,Nasr City,AX09,1,1884.0,0.0,CASH,C0904
ORD-000644,13/02/2024,Mansoura,KA06,1,12609.0,0.0,Cash,C2471
ORD-000643,13/02/2024,Miami,TV01,1,32072.0,0.0,Cash,C2237
ORD-000681,14/02/2024,Mansoura,AX05,5,2446.0,0.0,CASH,C1383
ORD-000682,14/02/2024,Miami,AX06,5,1152.0,0.0,Cash,C1553
ORD-000680,14/02/2024,Smouha,SP02,1,50886.0,0.0,credit card,
ORD-000668,14/02/2024,HELIOPOLIS,LP01,1,29012.0,0.0,Valu/Installments,C0556
ORD-000678,14/02/2024,Smouha,AX05,1,2482.0,0.0,mobile wallet,C1863
ORD-000677,14/02/2024,Heliopolis,TB03,1,9720.0,0.0,Valu/Installments,C0867
ORD-000676,14/02/2024,Nasr City,SP01,1,16885.0,0.0,Valu/Installments,C1341
ORD-000675,14/02/2024,Mansoura,AX07,1,736.0,0.0,Installments,C1553
ORD-000674,14/02/2024,Dokki,AC06,1,42345.0,0.05,Valu/Installments,C1066
ORD-000673,14/02/2024,Nasr City,AX04,4,243.0,0.0,CASH,
ORD-000672,14/02/2024,Heliopolis,AX04,5,251.0,0.0,credit card,C0206
ORD-000671,14/02/2024,Maadi ,AX05,3,2402.0,0.0,credit card,
ORD-000670,14/02/2024,6th of October,AX03,2,552.0,0.0,installments,C0745
ORD-000669,14/02/2024,Dokki,SP08,1,45529.0,0.0,Installments,C1892
ORD-000667,14/02/2024,6th of October,SP08,1,44143.0,0.0,credit card,C1756
ORD-000679,14/02/2024,Nasr City,LP01,1,29301.0,0.0,CASH,C1339
ORD-000697,15/02/2024,Nasr City,AX01,3,925.0,0.0,cash,C1013
ORD-000699,15/02/2024,Heliopolis,TB01,1,24639.0,0.0,Valu/Installments,C0084
ORD-000698,15/02/2024,Dokki,AX12,4,907.0,0.0,CASH,C0817
ORD-000696,15/02/2024,Miami,SP04,1,11822.0,0.0,credit card,
ORD-000686,15/02/2024,Smouha,AX07,2,761.0,0.0,Cash,C0336
ORD-000694,15/02/2024,Nasr City,SP05,1,19109.0,0.0,credit card,C0165
ORD-000693,15/02/2024,Smouha,TV02,1,27019.0,0.0,Cash,C0282
ORD-000692,15/02/2024,Miami,AU05,2,3210.0,0.0,credit card,C0919
ORD-000683,15/02/2024,Mansoura,AX03,3,562.0,0.0,VF Cash,C1140
ORD-000684,15/02/2024,Dokki,AX04,1,244.0,0.0,VF Cash,C1727
ORD-000685,15/02/2024,Mansoura,AU01,1,6466.0,0.0,VF Cash,C1034
ORD-000687,15/02/2024,Dokki,AX07,2,737.0,0.0,credit card,C1927
ORD-000688,15/02/2024,Heliopolis,TV01,0,31344.0,0.0,credit card,C0080
ORD-000689,15/02/2024,Heliopolis,TV05,1,24221.0,0.0,CASH,C2210
ORD-000690,15/02/2024,Heliopolis,AC06,1,40929.0,0.0,Credit Card,C0214
ORD-000691,15/02/2024,heliopolis,SP04,1,11841.0,0.0,CASH,C1434
ORD-000695,15/02/2024,Maadi,LP01,1,28988.0,0.0,mobile wallet,C0128
ORD-000715,16/02/2024,Dokki,AX02,4,340.0,0.05,Cash,C0470
ORD-000713,16/02/2024,MANSOURA,AX11,3,395.0,0.0,Visa/Mastercard,C2482
ORD-000712,16/02/2024,NASR CITY,SP08,1,46144.0,0.0,Credit Card,C0688
ORD-000714,16/02/2024,Miami,AX05,3,2434.0,0.0,Cash,C2488
ORD-000710,16/02/2024,Miami,AX03,4,557.0,0.05,credit card,
ORD-000700,16/02/2024,Nasr City,AX08,5,1381.0,0.05,installments,C0625
ORD-000711,16/02/2024,Miami,AX05,5,,0.0,cash,C1511
ORD-000702,16/02/2024,Nasr City,AX09,1,1824.0,0.05,credit card,C0518
ORD-000703,16/02/2024,Dokki,KA08,2,5377.0,0.0,Credit Card,
ORD-000704,16/02/2024,Heliopolis,SP02,1,51992.0,0.0,Installments,C1940
ORD-000701,16/02/2024,Heliopolis,AU04,1,1441.0,0.0,Mobile Wallet,C0978
ORD-000706,16/02/2024,Smouha,TV05,1,23511.0,0.0,Mobile Wallet,C2311
ORD-000707,16/02/2024,Smouha,TV05,1,23342.0,0.0,Valu/Installments,C0893
ORD-000708,16/02/2024,Mansoura,AX10,5,447.0,0.0,mobile wallet,C1905
ORD-000709,16/02/2024,Dokki,SP03,1,56804.0,0.0,mobile wallet,C1050
ORD-000705,16/02/2024,Heliopolis,AU01,2,6455.0,0.05,credit card,C0469
ORD-000734,17/02/2024,Nasr City,AX01,2,956.0,0.0,cash,C0496
ORD-000739,17/02/2024,Heliopolis,AC03,1,26644.0,0.0,installments,C1755
ORD-000738,17/02/2024,Miami,LP01,1,29248.0,0.0,Installments,C2183
ORD-000737,17/02/2024,nasr city,AC01,1,34180.0,0.0,Valu/Installments,C1423
ORD-000736,17/02/2024,Maadi,KA07,1,18953.0,0.0,mobile wallet,C0169
ORD-000735,17/02/2024,Heliopolis,KA08,1,5308.0,0.0,cash,C2319
ORD-000733,17/02/2024,Dokki,LP06,1,21534.0,0.0,Credit Card,
RET-000002,17/02/2024,Maadi,KA07,-1,18953.0,0.0,mobile wallet,C0169
ORD-000731,17/02/2024,Smouha,AX12,2,907.0,0.0,Mobile Wallet,C1236
ORD-000723,17/02/2024,Nasr City,SP06,1,9720.0,0.0,CASH,C1538
ORD-000722,17/02/2024,Maadi,TB03,1,9758.0,0.0,mobile wallet,C2359
ORD-000721,17/02/2024,Miami,AX08,3,1388.0,0.0,Cash,C1278
ORD-000720,17/02/2024,Mansoura,AC05,1,38587.0,0.0,Cash,C0106
ORD-000719,17/02/2024,Dokki,TB02,1,13686.0,0.0,cash,C2371
ORD-000718,17/02/2024,Nasr City,AX04,1,243.0,0.0,Cash,C0443
ORD-000717,17/02/2024,Nasr City,AX03,1,534.0,0.0,Mobile Wallet,C1275
ORD-000716,17/02/2024,Maadi,SP06,1,9701.0,0.0,credit card,C0671
ORD-000724,17/02/2024,Nasr City,KA01,1,4146.0,0.0,Mobile Wallet,C1625
ORD-000732,17/02/2024,Nasr City,AC02,1,47304.0,0.0,Visa/Mastercard,C2460
ORD-000730,17/02/2024,Maadi,AC03,1,25277.0,0.0,installments,C0418
ORD-000728,17/02/2024,Smouha,AU01,1,6528.0,0.0,credit card,C2426
ORD-000727,17/02/2024,Maadi,TB03,1,9270.0,0.0,cash,
ORD-000726,17/02/2024,6th of October,AU02,1,8807.0,0.0,VF Cash,C0312
ORD-000725,17/02/2024,Heliopolis,AX10,1,441.0,0.0,CASH,C0813
ORD-000729,17/02/2024,Smouha,AX12,2,894.0,0.0,credit card,C0995
ORD-000742,18/02/2024,Smouha,SP03,1,58939.0,0.0,credit card,C2073
ORD-000740,18/02/2024,nasr city,SP06,1,,0.0,CASH,C1518
ORD-000741,18/02/2024,Nasr City,KA06,1,12570.0,0.05,cash,C0283
ORD-000743,18/02/2024,Dokki,AX11,2,409.0,0.0,installments,C1398
ORD-000744,18/02/2024,Nasr City,AX09,5,1866.0,0.0,Valu/Installments,C0052
ORD-000751,18/02/2024,Dokki,TB02,1,13500.0,0.0,Installments,C0627
ORD-000750,18/02/2024,Heliopolis,AU03,2,13684.0,0.0,Valu/Installments,C1884
ORD-000749,18/02/2024,Maadi,TV03,1,14196.0,0.0,Valu/Installments,C1484
ORD-000748,18/02/2024,Maadi,TB04,1,17434.0,0.0,credit card,C1776
ORD-000747,18/02/2024,Heliopolis,AC01,1,34234.0,0.0,installments,C0433
ORD-000746,18/02/2024,Miami,AX04,1,253.0,0.0,credit card,C2008
ORD-000745,18/02/2024,Nasr City,AX12,5,910.0,0.0,Cash,C1721
ORD-000755,19/02/2024,Mansoura,LP05,1,35768.0,0.0,Cash,C1107
ORD-000752,19/02/2024,Nasr City,AX03,5,548.0,0.0,credit card,C1784
ORD-000754,19/02/2024,Smouha,AX06,2,1167.0,0.0,installments,C2138
ORD-000753,19/02/2024,Nasr City,AX08,4,1333.0,0.0,CASH,C0722
ORD-000767,19/02/2024,Mansoura,TB04,1,17867.0,0.0,Mobile Wallet,C1847
ORD-000766,19/02/2024,DOKKI,AX09,4,1903.0,0.0,CASH,C1143
ORD-000764,19/02/2024,Dokki,AX09,2,1876.0,0.0,Valu/Installments,C1006
ORD-000763,19/02/2024,Dokki,AX10,5,456.0,0.0,mobile wallet,C1321
ORD-000762,19/02/2024,Dokki,AX07,4,741.0,0.0,credit card,C1100
ORD-000761,19/02/2024,Miami,AU01,1,6660.0,0.0,VF Cash,C2427
ORD-000760,19/02/2024,Maadi,KA08,1,5535.0,0.0,Credit Card,C1785
ORD-000759,19/02/2024,Dokki,AU04,2,1413.0,0.05,Cash,C1905
ORD-000758,19/02/2024,Mansoura,KA05,2,9770.0,0.0,Installments,C1981
ORD-000757,19/02/2024,Heliopolis,AX02,5,344.0,0.0,cash,C2205
ORD-000756,19/02/2024,Miami,SP02,1,52979.0,0.0,credit card,
ORD-000765,19/02/2024,6th of October,SP06,1,9533.0,0.0,credit card,C0355
ORD-000780,20/02/2024,NASR CITY,SP08,1,45627.0,0.0,Installments,C1454
RET-000106,20/02/2024,mansoura,TV03,-1,14569.0,0.0,Mobile Wallet,C0999
ORD-000778,20/02/2024,Heliopolis,KA08,1,5239.0,0.0,Installments,C1998
ORD-000768,20/02/2024,mansoura,TV03,1,14569.0,0.0,Mobile Wallet,C0999
ORD-000769,20/02/2024,6th of October,AU04,2,,0.0,VF Cash,C1904
ORD-000770,20/02/2024,Smouha,AU05,1,3162.0,0.0,credit card,C2335
ORD-000771,20/02/2024,Mansoura,TV02,1,25747.0,0.0,Cash,C2500
ORD-000772,20/02/2024,Nasr City,KA01,2,4105.0,0.0,Credit Card,C1553
ORD-000773,20/02/2024,Heliopolis,AX02,4,357.0,0.05,Credit Card,C1378
ORD-000774,20/02/2024,Miami,TB01,1,23880.0,0.0,Visa/Mastercard,C0118
ORD-000777,20/02/2024,6th of October,KA08,2,,0.0,VF Cash,C0745
ORD-000775,20/02/2024,Miami,LP06,1,21806.0,0.0,installments,C2025
ORD-000776,20/02/2024,6th of October,KA08,2,5529.0,0.0,Visa/Mastercard,C1332
ORD-000779,20/02/2024,Dokki,AX04,5,248.0,0.0,CASH,C0869
ORD-000797,21/02/2024,NASR CITY,SP05,1,19630.0,0.0,Credit Card,C2011
ORD-000796,21/02/2024,Mansoura ,SP03,1,59018.0,0.0,installments,C1951
ORD-000795,21/02/2024,Heliopolis,AX12,1,917.0,0.0,installments,C0985
ORD-000788,21/02/2024,Miami,TV03,1,14509.0,0.0,Mobile Wallet,C2117
ORD-000793,21/02/2024,Nasr City,AX08,2,1361.0,0.0,mobile wallet,C2002
ORD-000792,21/02/2024,Mansoura,SP05,1,19493.0,0.0,credit card,C1665
ORD-000781,21/02/2024,Dokki,SP04,1,11835.0,0.0,Credit Card,C1059
ORD-000782,21/02/2024,Miami,TB04,1,16978.0,0.0,Cash,C1395
ORD-000791,21/02/2024,Dokki,TB04,1,17104.0,0.0,credit card,C0989
ORD-000783,21/02/2024,Heliopolis,AX11,4,389.0,0.0,Visa/Mastercard,C1146
ORD-000784,21/02/2024,Nasr City,AX09,4,1837.0,0.05,mobile wallet,C2442
ORD-000785,21/02/2024,Nasr City,SP04,1,11173.0,0.0,CASH,C1132
ORD-000786,21/02/2024,Dokki,KA02,2,3622.0,0.0,mobile wallet,C2277
ORD-000787,21/02/2024,Mansoura,SP06,1,9656.0,0.0,VF Cash,C0042
ORD-000789,21/02/2024,Mansoura,SP01,1,16659.0,0.0,Credit Card,C0783
ORD-000794,21/02/2024,dokki,AC02,1,46162.0,0.0,Cash,C2275
ORD-000790,21/02/2024,Mansoura,AX09,2,1847.0,0.0,cash,C0351
RET-000037,22/02/2024,Smouha,AX10,-2,447.0,0.0,VF Cash,C1206
ORD-000808,22/02/2024,6th of October,AX09,5,1872.0,0.0,Mobile Wallet,C1512
ORD-000807,22/02/2024,Smouha ,KA02,2,3548.0,0.0,credit card,C2383
ORD-000806,22/02/2024,Smouha,AX08,3,1312.0,0.0,Visa/Mastercard,C1255
ORD-000805,22/02/2024,Maadi,SP07,1,14232.0,0.0,cash,C0997
ORD-000804,22/02/2024,Mansoura,AX08,4,1386.0,0.0,mobile wallet,C1657
ORD-000803,22/02/2024,Dokki,AX08,1,1355.0,0.0,Credit Card,C0908
ORD-000802,22/02/2024,Smouha,AX10,2,447.0,0.0,VF Cash,C1206
ORD-000801,22/02/2024,Smouha,AC06,1,41212.0,0.0,cash,C0382
ORD-000799,22/02/2024,Mansoura,AU05,2,3227.0,0.0,Credit Card,C1836
ORD-000798,22/02/2024,Mansoura,KA07,1,18832.0,0.0,Visa/Mastercard,
ORD-000809,22/02/2024,Heliopolis,AC03,1,25535.0,0.0,Valu/Installments,C1939
ORD-000800,22/02/2024,Maadi,AU01,1,6686.0,0.0,Visa/Mastercard,C0071
ORD-000813,23/02/2024,Nasr City,AU05,1,3258.0,0.0,installments,C1743
ORD-000821,23/02/2024,Smouha,AX09,3,1902.0,0.0,credit card,C1030
ORD-000819,23/02/2024,Smouha,AU05,2,3228.0,0.0,Valu/Installments,
ORD-000818,23/02/2024,Dokki,TV01,1,31540.0,0.0,Credit Card,C1110
ORD-000817,23/02/2024,Mansoura,TV02,1,26744.0,0.0,installments,C1859
ORD-000816,23/02/2024,Smouha,AX10,5,446.0,0.0,credit card,C1442
ORD-000815,23/02/2024,6th of October,AX05,3,2454.0,0.0,cash,C1355
ORD-000822,23/02/2024,Dokki,TV02,1,27151.0,0.0,CASH,C0945
ORD-000814,23/02/2024,6TH OF OCTOBER,AU04,1,1412.0,0.0,Cash,C2255
ORD-000812,23/02/2024,Dokki,TV06,1,87539.0,0.0,CASH,C1409
ORD-000811,23/02/2024,Dokki,TV05,1,24025.0,0.05,Valu/Installments,C2175
ORD-000810,23/02/2024,Heliopolis,TV01,1,31453.0,0.0,Visa/Mastercard,C2268
ORD-000820,23/02/2024,Smouha,KA01,2,4224.0,0.0,mobile wallet,C1256
RET-000090,24/02/2024,Maadi,TB01,-1,23857.0,0.0,cash,C0796
RET-000031,24/02/2024,Mansoura,KA07,-2,18876.0,0.0,Visa/Mastercard,C0490
ORD-000841,24/02/2024,Maadi,AX07,2,745.0,0.05,installments,C0932
ORD-000840,24/02/2024,Maadi,SP01,1,16584.0,0.0,Visa/Mastercard,C1214
ORD-000823,24/02/2024,Heliopolis,AU01,2,6607.0,0.0,cash,C0495
ORD-000837,24/02/2024,Heliopolis,AU02,2,9031.0,0.0,CASH,C1160
ORD-000836,24/02/2024,Dokki,LP03,1,31918.0,0.0,Valu/Installments,C2445
ORD-000835,24/02/2024,Smouha,AX11,3,405.0,0.0,cash,C2149
ORD-000834,24/02/2024,6th of October,AC02,1,45139.0,0.0,Cash,C2415
ORD-000833,24/02/2024,Mansoura,LP03,1,30869.0,0.0,credit card,C1133
ORD-000832,24/02/2024,Nasr City,LP01,1,29291.0,0.0,Visa/Mastercard,C1984
ORD-000831,24/02/2024,Nasr City,AU04,1,1471.0,0.0,Installments,C0887
ORD-000830,24/02/2024,6th of October,TB01,1,24665.0,0.0,cash,C0785
ORD-000829,24/02/2024,Nasr City,SP05,1,20069.0,0.0,Visa/Mastercard,C0759
ORD-000828,24/02/2024,Dokki,SP02,1,50457.0,0.0,Visa/Mastercard,C2195
ORD-000827,24/02/2024,MANSOURA,AU02,1,9108.0,0.0,mobile wallet,
ORD-000826,24/02/2024,Mansoura,KA07,2,18876.0,0.0,Visa/Mastercard,C0490
ORD-000825,24/02/2024,Maadi,AU05,1,3114.0,0.05,cash,C1293
ORD-000824,24/02/2024,Nasr City,AX06,1,1170.0,0.0,Installments,C0789
ORD-000838,24/02/2024,6TH OF OCTOBER,AX08,4,1364.0,0.0,Credit Card,C0412
ORD-000839,24/02/2024,Maadi,TB01,1,23857.0,0.0,cash,C0796
ORD-000847,25/02/2024,Dokki,AX09,4,1834.0,0.05,CASH,C2188
ORD-000854,25/02/2024,Heliopolis,LP03,1,30436.0,0.0,installments,C0518
ORD-000853,25/02/2024,Dokki,SP07,1,14639.0,0.0,Cash,C1197
ORD-000852,25/02/2024,Miami,SP06,1,9912.0,0.0,Cash,C2267
ORD-000851,25/02/2024,Maadi,KA01,1,4118.0,0.0,Visa/Mastercard,C0224
ORD-000850,25/02/2024,Mansoura,AX04,4,248.0,0.0,CASH,C0187
ORD-000849,25/02/2024,Nasr City,AU02,2,8778.0,0.0,credit card,C1124
ORD-000848,25/02/2024,Heliopolis,KA05,1,9716.0,0.0,Visa/Mastercard,C0519
ORD-000846,25/02/2024,Miami,AX11,1,405.0,0.0,credit card,
ORD-000845,25/02/2024,Miami,AX05,5,2517.0,0.0,CASH,C0058
ORD-000844,25/02/2024,Maadi,AX12,2,905.0,0.0,VF Cash,C1239
ORD-000843,25/02/2024,Smouha,SP08,1,44789.0,0.0,installments,C0735
ORD-000842,25/02/2024,Heliopolis,KA01,2,,0.0,cash,C1479
ORD-000855,25/02/2024,Dokki,AX12,5,889.0,0.0,mobile wallet,C2011
ORD-000875,26/02/2024,6th of October,AU04,1,1473.0,0.0,Cash,C2015
RET-000032,26/02/2024,Miami,AU02,-2,8907.0,0.0,Visa/Mastercard,
ORD-000874,26/02/2024,Smouha,KA07,1,18302.0,0.0,Credit Card,
ORD-000869,26/02/2024,Heliopolis,AU02,2,9044.0,0.0,mobile wallet,C1035
ORD-000872,26/02/2024,Nasr City,SP01,1,16787.0,0.0,cash,C0268
ORD-000856,26/02/2024,Miami,AU02,2,8907.0,0.0,Visa/Mastercard,
ORD-000857,26/02/2024,Mansoura,AX01,2,972.0,0.0,Credit Card,
ORD-000858,26/02/2024,NASR CITY,TV05,1,24595.0,0.0,installments,C0421
ORD-000859,26/02/2024,Heliopolis,AX06,2,1161.0,0.0,Mobile Wallet,C0051
ORD-000860,26/02/2024,Nasr City,AX06,1,1171.0,0.0,Visa/Mastercard,C2352
ORD-000861,26/02/2024,Heliopolis,AX08,1,1362.0,0.0,Mobile Wallet,C1165
ORD-000862,26/02/2024,Dokki,AU05,1,3196.0,0.0,Visa/Mastercard,
ORD-000864,26/02/2024,Miami,AX02,3,346.0,0.05,cash,C1961
ORD-000865,26/02/2024,Maadi,AX09,2,1825.0,0.0,cash,C1805
ORD-000866,26/02/2024,Smouha,AC02,1,46897.0,0.0,CASH,C1396
ORD-000867,26/02/2024,Heliopolis,AX01,1,939.0,0.0,CASH,C0756
ORD-000868,26/02/2024,Nasr City,SP02,1,53413.0,0.0,VF Cash,C0211
ORD-000870,26/02/2024,Nasr City,AX07,5,769.0,0.0,VF Cash,C1957
ORD-000873,26/02/2024,Nasr City,LP02,1,42601.0,0.0,installments,C1642
ORD-000863,26/02/2024,Nasr City,AC06,1,40952.0,0.0,installments,C1923
ORD-000871,26/02/2024,Nasr City,SP04,1,,0.0,cash,C0468
ORD-000876,27/02/2024,Nasr City,LP06,1,21713.0,0.0,installments,C0304
ORD-000886,27/02/2024,Dokki,KA05,2,10073.0,0.0,Valu/Installments,C0486
ORD-000885,27/02/2024,Smouha,TV06,1,89012.0,0.0,Cash,C1017
ORD-000887,27/02/2024,Dokki,SP02,1,52675.0,0.0,Valu/Installments,C2286
ORD-000884,27/02/2024,Nasr City,LP04,1,75761.0,0.0,Installments,C0349
ORD-000889,27/02/2024,Miami,AC06,1,40531.0,0.0,Credit Card,
ORD-000883,27/02/2024,Maadi,AX02,3,359.0,0.0,mobile wallet,C1245
ORD-000881,27/02/2024,6th of October,SP01,1,16948.0,0.05,Cash,C0612
ORD-000880,27/02/2024,6th of October,AX07,2,760.0,0.0,cash,C0622
ORD-000879,27/02/2024,Nasr City,AU03,2,13394.0,0.0,mobile wallet,C0220
ORD-000878,27/02/2024,Nasr City,TV05,1,24600.0,0.0,Installments,C2364
ORD-000877,27/02/2024,6th of October,AX08,5,1362.0,0.0,CASH,
ORD-000882,27/02/2024,Heliopolis,AX05,2,2444.0,0.0,credit card,C2306
ORD-000888,27/02/2024,Nasr City,SP07,1,14467.0,0.0,cash,C1705
ORD-000910,28/02/2024,Smouha,AC05,1,38522.0,0.0,credit card,C1084
RET-000035,28/02/2024,Maadi,AX11,-3,,0.0,Cash,C1757
ORD-000913,28/02/2024,Heliopolis,AU05,1,3230.0,0.0,Cash,C0983
ORD-000912,28/02/2024,Dokki,LP04,1,79701.0,0.05,Visa/Mastercard,C0644
ORD-000911,28/02/2024,Miami,AC01,1,32969.0,0.0,Cash,C0333
ORD-000890,28/02/2024,Miami,SP02,1,53393.0,0.0,Installments,C2484
ORD-000907,28/02/2024,Mansoura,AX07,2,758.0,0.0,Valu/Installments,
ORD-000891,28/02/2024,Heliopolis,KA03,1,6642.0,0.05,installments,C2442
ORD-000892,28/02/2024,Smouha,AX05,1,2424.0,0.0,Installments,C0925
ORD-000893,28/02/2024,Nasr City,KA07,1,18926.0,0.05,Credit Card,C2141
ORD-000894,28/02/2024,MANSOURA,SP08,1,44620.0,0.05,installments,
ORD-000895,28/02/2024,Maadi,TB02,1,13781.0,0.0,mobile wallet,C1559
ORD-000896,28/02/2024,Mansoura,AU02,1,8831.0,0.0,mobile wallet,C1846
ORD-000897,28/02/2024,Mansoura,TV04,1,40765.0,0.0,Valu/Installments,C1814
ORD-000908,28/02/2024,Dokki,AU05,1,3175.0,0.05,credit card,C0852
ORD-000898,28/02/2024,6th of October,AX07,5,763.0,0.0,CASH,C1218
ORD-000900,28/02/2024,Maadi,AX11,3,391.0,0.0,Cash,C1757
ORD-000901,28/02/2024,Nasr City,AX11,3,405.0,0.0,credit card,
ORD-000902,28/02/2024,Mansoura,AU04,1,1409.0,0.0,cash,C1251
ORD-000903,28/02/2024,Heliopolis,SP08,1,44506.0,0.0,installments,C2330
ORD-000904,28/02/2024,Nasr City,LP06,1,22387.0,0.0,CASH,C0247
ORD-000905,28/02/2024,Mansoura,AU04,2,1419.0,0.0,mobile wallet,C2498
ORD-000906,28/02/2024,Mansoura,LP06,1,22575.0,0.0,Credit Card,C0407
ORD-000899,28/02/2024,Smouha,AC01,1,33306.0,0.0,credit card,C2411
ORD-000909,28/02/2024,6th of October,TV03,1,14787.0,0.0,Visa/Mastercard,C0865
ORD-000916,29/02/2024,Maadi,AX07,3,729.0,0.0,Credit Card,C0308
ORD-000925,29/02/2024,Heliopolis,AX10,3,,0.0,Visa/Mastercard,C0134
ORD-000924,29/02/2024,Smouha,AU02,1,8768.0,0.0,CASH,C1193
ORD-000923,29/02/2024,6th of October,AX02,5,346.0,0.0,credit card,C1925
ORD-000922,29/02/2024,Dokki,LP02,1,42708.0,0.0,Valu/Installments,
ORD-000921,29/02/2024,Smouha,TB01,1,24323.0,0.0,Visa/Mastercard,C2433
ORD-000920,29/02/2024,Miami,KA02,2,3646.0,0.0,Cash,C1846
ORD-000919,29/02/2024,Heliopolis,AX08,4,1333.0,0.0,Cash,C1674
ORD-000918,29/02/2024,Nasr City,SP03,1,59575.0,0.0,Credit Card,C0011
ORD-000917,29/02/2024,Heliopolis,TB02,1,13098.0,0.0,cash,C0642
ORD-000915,29/02/2024,6th of October,KA05,2,9675.0,0.0,Valu/Installments,C2261
ORD-000914,29/02/2024,Dokki,SP06,1,9805.0,0.0,mobile wallet,C0712
ORD-000926,29/02/2024,Smouha,AX12,2,920.0,0.0,cash,C0949
ORD-000945,01/03/2024,Heliopolis,AX10,3,461.0,0.0,CASH,C0680
ORD-000936,01/03/2024,6th of October,AX06,1,1128.0,0.0,Cash,C1742
ORD-000943,01/03/2024,Mansoura,AX10,5,457.0,0.0,installments,C0293
ORD-000927,01/03/2024,Heliopolis,AX11,2,408.0,0.0,credit card,C1181
ORD-000929,01/03/2024,Smouha,KA03,1,,0.0,VF Cash,
ORD-000930,01/03/2024,Nasr City,KA07,2,18665.0,0.0,Installments,C1860
ORD-000931,01/03/2024,Nasr City,TV01,1,31155.0,0.0,Visa/Mastercard,C0292
ORD-000932,01/03/2024,Smouha,KA08,2,5271.0,0.0,Visa/Mastercard,C0957
ORD-000933,01/03/2024,Mansoura,TV04,1,40653.0,0.0,installments,C1084
ORD-000934,01/03/2024,6th of October,AX02,3,347.0,0.0,CASH,C2416
ORD-000935,01/03/2024,Mansoura,AX08,3,1385.0,0.0,Credit Card,C0811
ORD-000937,01/03/2024,Nasr City,LP01,1,28710.0,0.0,Visa/Mastercard,C0471
ORD-000938,01/03/2024,Nasr City,TV03,1,14663.0,0.0,Credit Card,C2231
ORD-000939,01/03/2024,Heliopolis,AX04,5,252.0,0.0,cash,C0921
ORD-000940,01/03/2024,Maadi,TB02,1,13857.0,0.0,Cash,C0611
ORD-000941,01/03/2024,Nasr City,AX06,3,1174.0,0.0,cash,C1089
ORD-000942,01/03/2024,Nasr City,AX11,4,408.0,0.0,Valu/Installments,C0583
ORD-000944,01/03/2024,6th of October,AX09,2,1890.0,0.05,Cash,C0245
ORD-000928,01/03/2024,Heliopolis,TB04,1,17753.0,0.0,CASH,C1159
ORD-000962,02/03/2024,Heliopolis,LP02,1,40974.0,0.0,VF Cash,C0164
ORD-000946,02/03/2024,Maadi,SP05,1,19197.0,0.0,Mobile Wallet,C1260
ORD-000947,02/03/2024,Heliopolis,AX02,1,345.0,0.0,credit card,C2438
ORD-000948,02/03/2024,6th of October,AU03,1,13552.0,0.0,CASH,C2332
ORD-000949,02/03/2024,Nasr City,AX08,3,1343.0,0.0,Credit Card,C1183
ORD-000950,02/03/2024,Smouha,AX04,3,253.0,0.0,VF Cash,C1799
ORD-000951,02/03/2024,6th of October,AU05,1,3240.0,0.0,Credit Card,C0510
ORD-000952,02/03/2024,Smouha,AX05,1,2395.0,0.0,Cash,C1920
ORD-000953,02/03/2024,Heliopolis,KA06,2,12492.0,0.05,Visa/Mastercard,C1246
ORD-000954,02/03/2024,Heliopolis,AU05,1,3215.0,0.0,VF Cash,C1649
ORD-000955,02/03/2024,Nasr City,TV03,1,,0.0,installments,C1116
ORD-000956,02/03/2024,Dokki,KA02,1,3535.0,0.0,VF Cash,C2050
ORD-000957,02/03/2024,Nasr City,TB01,1,24648.0,0.0,Visa/Mastercard,C2212
ORD-000958,02/03/2024,Smouha,SP04,1,11557.0,0.0,Visa/Mastercard,C2023
ORD-000959,02/03/2024,6th of October,AX09,1,1899.0,0.0,Visa/Mastercard,C1794
ORD-000967,02/03/2024,Maadi,AU01,2,6566.0,0.0,cash,C0106
ORD-000966,02/03/2024,Maadi,TB01,1,24514.0,0.05,Visa/Mastercard,C1026
ORD-000965,02/03/2024,Smouha,AU03,1,13156.0,0.0,credit card,C2473
ORD-000960,02/03/2024,smouha,AX01,1,968.0,0.0,Visa/Mastercard,C0330
ORD-000963,02/03/2024,6th of October,AX02,5,344.0,0.0,CASH,C1770
ORD-000961,02/03/2024,Smouha,TV05,1,23653.0,0.0,Credit Card,C2450
ORD-000964,02/03/2024,Heliopolis,AC02,1,46980.0,0.0,Valu/Installments,C1321
ORD-000977,03/03/2024,Smouha,TB01,1,24311.0,0.0,Valu/Installments,C1928
ORD-000983,03/03/2024,Nasr City,AX11,5,393.0,0.0,credit card,C0744
ORD-000968,03/03/2024,Dokki,LP05,1,34482.0,0.0,Visa/Mastercard,C0375
ORD-000969,03/03/2024,Maadi,TV04,1,41338.0,0.0,Credit Card,C0938
ORD-000984,03/03/2024,6th of October,SP03,1,58294.0,0.0,Installments,C2398
ORD-000970,03/03/2024,Heliopolis,SP07,1,14564.0,0.0,VF Cash,C2357
ORD-000971,03/03/2024,Maadi,AX12,2,880.0,0.0,Cash,C2405
ORD-000972,03/03/2024,Heliopolis,AX09,2,1894.0,0.0,installments,C0085
ORD-000982,03/03/2024,Heliopolis,KA03,1,6951.0,0.0,Visa/Mastercard,
ORD-000973,03/03/2024,Maadi,SP02,1,53543.0,0.0,Valu/Installments,C1104
ORD-000975,03/03/2024,Heliopolis,AX08,2,1371.0,0.0,Cash,C0165
ORD-000976,03/03/2024,Smouha,AX06,5,1129.0,0.0,CASH,C0718
ORD-000978,03/03/2024,6th of October,AC03,1,26007.0,0.0,Cash,C2126
ORD-000979,03/03/2024,Heliopolis,AX10,5,449.0,0.05,VF Cash,C1812
ORD-000980,03/03/2024,Heliopolis,SP05,1,19740.0,0.0,cash,C1140
ORD-000981,03/03/2024,Nasr City,AX04,4,248.0,0.0,Installments,
ORD-000974,03/03/2024,Nasr City,AC03,1,25836.0,0.0,Installments,C2361
ORD-001002,04/03/2024,Miami,AX10,3,438.0,0.0,VF Cash,C0151
ORD-000985,04/03/2024,6TH OF OCTOBER,AU05,2,3264.0,0.0,credit card,C1786
ORD-000989,04/03/2024,6th of October,AU01,2,6631.0,0.0,credit card,C1426
ORD-000988,04/03/2024,Nasr City,AX09,3,1807.0,0.0,credit card,C1926
ORD-000987,04/03/2024,Mansoura,LP04,1,76464.0,0.0,mobile wallet,C0374
ORD-000986,04/03/2024,Nasr City,AX11,5,407.0,0.0,credit card,C2015
ORD-000990,04/03/2024,Maadi,LP04,1,77466.0,0.0,installments,C1673
ORD-000991,04/03/2024,Dokki,KA08,1,5258.0,0.0,Visa/Mastercard,C1366
ORD-000992,04/03/2024,Miami,KA01,1,4222.0,0.0,Valu/Installments,C1316
ORD-000993,04/03/2024,Mansoura,AX12,5,900.0,0.0,CASH,C0429
ORD-000994,04/03/2024,Mansoura,AX09,1,1826.0,0.0,Credit Card,C0659
ORD-001001,04/03/2024,Heliopolis,AX09,3,1826.0,0.0,CASH,C2254
ORD-000995,04/03/2024,Dokki,AX01,2,976.0,0.0,Cash,C1351
ORD-000996,04/03/2024,Smouha,AX04,2,254.0,0.0,cash,C1687
ORD-000997,04/03/2024,Maadi,AC06,1,40310.0,0.0,Valu/Installments,C2030
ORD-000998,04/03/2024,Mansoura,SP06,1,10079.0,0.0,Cash,C1181
ORD-000999,04/03/2024,Smouha,AU05,2,3230.0,0.0,Mobile Wallet,C1641
ORD-001000,04/03/2024,Dokki,KA07,2,18442.0,0.0,credit card,
ORD-001003,05/03/2024,6th of October,KA05,1,10044.0,0.0,CASH,C1863
ORD-001016,05/03/2024,Mansoura,AU03,1,13275.0,0.0,CASH,C1693
ORD-001004,05/03/2024,6th of October,AX07,2,753.0,0.0,Installments,C0361
ORD-001005,05/03/2024,Dokki,KA07,2,,0.0,Installments,C1289
ORD-001006,05/03/2024,6th of October,TV02,1,27244.0,0.0,Cash,C1034
ORD-001007,05/03/2024,Smouha,TB04,1,17649.0,0.05,CASH,C1325
ORD-001008,05/03/2024,Nasr City,AX01,4,936.0,0.0,Cash,C0475
ORD-001009,05/03/2024,Maadi,KA07,2,18557.0,0.0,installments,C1656
ORD-001010,05/03/2024,Smouha,AX11,5,404.0,0.0,Cash,C2108
ORD-001011,05/03/2024,Heliopolis,AX10,2,448.0,0.0,Valu/Installments,C0005
ORD-001012,05/03/2024,6th of October,AX07,5,746.0,0.0,Visa/Mastercard,
ORD-001013,05/03/2024,6th of October,SP01,1,16363.0,0.0,cash,C2223
ORD-001014,05/03/2024,Nasr City,KA03,1,6856.0,0.0,cash,C1893
ORD-001015,05/03/2024,Miami,AU05,2,3186.0,0.0,credit card,
RET-000089,06/03/2024,Maadi,LP01,-1,28292.0,0.0,installments,C1986
ORD-001019,06/03/2024,Dokki,SP06,1,9881.0,0.0,credit card,C2124
ORD-001020,06/03/2024,Nasr City,TB02,1,,0.05,Cash,C1482
ORD-001033,06/03/2024,Smouha,AX11,4,401.0,0.0,Visa/Mastercard,C0119
ORD-001032,06/03/2024,Maadi,AX03,4,534.0,0.0,CASH,C0498
ORD-001031,06/03/2024,Maadi,LP01,1,28292.0,0.0,installments,C1986
ORD-001030,06/03/2024,Dokki,AX04,2,250.0,0.0,Valu/Installments,C1795
ORD-001029,06/03/2024,Smouha,SP05,1,18946.0,0.0,Cash,
ORD-001028,06/03/2024,Maadi,SP07,1,14099.0,0.05,cash,C1180
ORD-001027,06/03/2024,Maadi,LP06,1,21489.0,0.0,mobile wallet,C0537
ORD-001018,06/03/2024,Heliopolis,AU03,1,13135.0,0.0,Installments,C0769
ORD-001025,06/03/2024,Nasr City,AU01,2,6643.0,0.0,CASH,C1094
ORD-001024,06/03/2024,Maadi,AX09,1,1809.0,0.0,Mobile Wallet,C0834
ORD-001023,06/03/2024,Mansoura ,SP06,1,9775.0,0.0,credit card,C0212
ORD-001022,06/03/2024,Heliopolis,LP04,1,78299.0,0.0,credit card,C1811
ORD-001021,06/03/2024,Heliopolis,KA03,1,6728.0,0.0,installments,C2042
ORD-001017,06/03/2024,Nasr City,AU04,2,1466.0,0.0,mobile wallet,C0223
ORD-001026,06/03/2024,Nasr City,AX11,3,396.0,0.05,Cash,C2250
ORD-001036,07/03/2024,Smouha,AU01,1,6480.0,0.0,Installments,C0649
ORD-001044,07/03/2024,Nasr City,SP08,1,45268.0,0.0,Valu/Installments,C0921
ORD-001034,07/03/2024,Nasr City,AC06,1,40736.0,0.0,CASH,C2494
ORD-001035,07/03/2024,Maadi,AX10,5,452.0,0.0,CASH,C0981
ORD-001045,07/03/2024,Mansoura,AC06,1,40628.0,0.0,installments,C0465
ORD-001038,07/03/2024,Mansoura,AX12,2,913.0,0.0,credit card,C2257
ORD-001039,07/03/2024,MAADI,LP02,1,41446.0,0.0,credit card,C0057
ORD-001037,07/03/2024,Mansoura,TB04,1,17738.0,0.0,Credit Card,C1273
ORD-001041,07/03/2024,Maadi,AX12,4,915.0,0.0,Credit Card,C1672
ORD-001042,07/03/2024,Miami,AX02,1,360.0,0.0,Valu/Installments,
ORD-001043,07/03/2024,Nasr City,AU01,1,6337.0,0.0,VF Cash,C0382
ORD-001040,07/03/2024,Miami,AX01,5,,0.0,Visa/Mastercard,C2263
RET-000036,08/03/2024,Smouha,AX02,-3,357.0,0.0,Cash,C2080
ORD-001071,08/03/2024,6th of October,TV01,1,32185.0,0.0,credit card,C1393
ORD-001075,08/03/2024,Dokki,AX11,2,400.0,0.0,mobile wallet,C1159
ORD-001074,08/03/2024,Maadi,AU04,1,1426.0,0.0,Credit Card,C0011
ORD-001073,08/03/2024,Maadi,SP02,1,50517.0,0.0,Credit Card,C1095
ORD-001072,08/03/2024,Smouha,AX02,3,357.0,0.0,Cash,C2080
ORD-001070,08/03/2024,Mansoura,SP03,1,59165.0,0.0,installments,C1700
ORD-001058,08/03/2024,Smouha,SP03,1,57108.0,0.0,installments,C1871
ORD-001068,08/03/2024,Nasr City,TV06,1,89573.0,0.0,cash,C0286
ORD-001062,08/03/2024,Mansoura,LP03,1,30750.0,0.0,Installments,C1572
ORD-001061,08/03/2024,6th of October,AX05,3,2487.0,0.0,installments,
ORD-001060,08/03/2024,Heliopolis,SP01,1,16036.0,0.0,Mobile Wallet,C0593
ORD-001059,08/03/2024,Dokki ,TV06,1,91205.0,0.0,Valu/Installments,C2258
ORD-001057,08/03/2024,Nasr City,TV02,1,26229.0,0.0,credit card,C0999
ORD-001056,08/03/2024,Nasr City,SP03,1,58995.0,0.0,CASH,C1935
ORD-001055,08/03/2024,Mansoura,AX12,3,885.0,0.05,Visa/Mastercard,C1977
ORD-001054,08/03/2024,Dokki,KA02,2,3700.0,0.0,CASH,C1702
ORD-001053,08/03/2024,Dokki,LP06,1,22327.0,0.0,Valu/Installments,
ORD-001052,08/03/2024,Dokki,LP02,1,42002.0,0.0,credit card,C1120
ORD-001051,08/03/2024,Heliopolis,AX02,1,347.0,0.0,CASH,C2085
ORD-001050,08/03/2024,Smouha,TB03,1,9439.0,0.0,cash,C1196
ORD-001048,08/03/2024,Heliopolis,AX08,1,1323.0,0.0,VF Cash,C0631
ORD-001047,08/03/2024,MAADI,AC03,1,26231.0,0.0,Installments,C0482
ORD-001046,08/03/2024,Heliopolis,LP04,1,77473.0,0.0,Installments,C1891
ORD-001063,08/03/2024,Mansoura,AU02,1,8894.0,0.05,Cash,C0781
ORD-001069,08/03/2024,Maadi,SP01,1,16580.0,0.0,Mobile Wallet,C1132
ORD-001049,08/03/2024,Nasr City,KA05,1,9534.0,0.0,mobile wallet,C2042
ORD-001067,08/03/2024,Maadi,AX01,3,938.0,0.0,Visa/Mastercard,
ORD-001066,08/03/2024,Smouha,KA01,1,4282.0,0.05,CASH,C0560
ORD-001065,08/03/2024,Smouha,AC01,1,33924.0,0.0,Credit Card,C2082
ORD-001064,08/03/2024,Dokki,AX06,1,1146.0,0.0,Installments,C2456
ORD-001090,09/03/2024,Mansoura,AX01,4,944.0,0.0,VF Cash,C1866
ORD-001076,09/03/2024,Maadi,AX02,1,350.0,0.0,credit card,C1223
ORD-001077,09/03/2024,6th of October,AU04,2,1460.0,0.0,Valu/Installments,C2405
ORD-001078,09/03/2024,Heliopolis,AU05,1,3229.0,0.0,Mobile Wallet,C2376
ORD-001079,09/03/2024,Nasr City,AX02,3,353.0,0.0,cash,C2006
ORD-001080,09/03/2024,Smouha,SP07,1,14690.0,0.0,Credit Card,C0609
ORD-001081,09/03/2024,Maadi,KA01,1,4192.0,0.0,Visa/Mastercard,C1830
ORD-001082,09/03/2024,Maadi,TV03,1,14655.0,0.0,Visa/Mastercard,C2207
ORD-001083,09/03/2024,Nasr City,LP02,1,41171.0,0.0,Cash,C1984
ORD-001084,09/03/2024,Mansoura,KA06,1,12705.0,0.05,credit card,C1414
ORD-001085,09/03/2024,Smouha,AX04,3,252.0,0.0,Visa/Mastercard,C1362
ORD-001086,09/03/2024,Dokki,TB02,1,13213.0,0.0,cash,C2261
ORD-001087,09/03/2024,Nasr City,AX02,3,347.0,0.05,VF Cash,C2226
ORD-001094,09/03/2024,Maadi,AC03,1,25396.0,0.0,Valu/Installments,C2343
ORD-001093,09/03/2024,Heliopolis,TV05,1,24400.0,0.0,Visa/Mastercard,C0979
ORD-001088,09/03/2024,Smouha,AX08,4,1320.0,0.0,cash,C1546
ORD-001091,09/03/2024,Nasr City,TV03,1,14659.0,0.0,installments,C1319
ORD-001089,09/03/2024,Mansoura,AX01,1,977.0,0.0,Cash,
ORD-001092,09/03/2024,Nasr City,TB01,1,24638.0,0.0,credit card,C0773
RET-000008,10/03/2024,Miami,AX12,-3,908.0,0.1,Credit Card,C0179
ORD-001098,10/03/2024,Nasr City,AX04,4,244.0,0.0,CASH,
ORD-001104,10/03/2024,Dokki ,TV05,1,24268.0,0.15,Installments,C1938
ORD-001111,10/03/2024,Maadi,AX08,3,1389.0,0.1,Credit Card,C2058
ORD-001110,10/03/2024,Nasr City,AU04,2,1436.0,0.0,installments,C0518
ORD-001109,10/03/2024,Miami,AX07,4,757.0,0.0,Visa/Mastercard,C0152
ORD-001108,10/03/2024,Heliopolis,SP04,1,11738.0,0.0,mobile wallet,C2029
ORD-001107,10/03/2024,Heliopolis,KA08,1,5397.0,0.0,credit card,C0624
ORD-001106,10/03/2024,Miami,AX04,1,253.0,0.0,cash,C1582
ORD-001105,10/03/2024,Heliopolis,KA01,1,4203.0,0.0,mobile wallet,C1562
ORD-001096,10/03/2024,Maadi,AX05,3,2522.0,0.0,Visa/Mastercard,C0957
ORD-001095,10/03/2024,mansoura,AX05,1,2488.0,0.0,Credit Card,C1569
ORD-001103,10/03/2024,Miami,LP01,1,28632.0,0.0,installments,
ORD-001102,10/03/2024,6TH OF OCTOBER,AU04,1,1443.0,0.0,CASH,
ORD-001101,10/03/2024,Dokki,KA03,1,6620.0,0.1,Credit Card,
ORD-001100,10/03/2024,Mansoura,AX07,5,762.0,0.1,Mobile Wallet,C1304
ORD-001099,10/03/2024,Miami,AX12,3,908.0,0.1,Credit Card,C0179
ORD-001097,10/03/2024,6th of October,AC06,1,41264.0,0.0,Cash,C1683
ORD-001115,11/03/2024,Nasr City,LP01,1,28648.0,0.0,Cash,C1804
ORD-001114,11/03/2024,Dokki,KA08,1,5351.0,0.0,Mobile Wallet,C0412
ORD-001112,11/03/2024,Dokki,AU01,2,6499.0,0.15,credit card,C2418
ORD-001113,11/03/2024,Heliopolis,AX07,3,735.0,0.0,mobile wallet,C1360
ORD-001132,11/03/2024,Smouha,AU01,1,6325.0,0.05,Cash,C1346
ORD-001130,11/03/2024,6th of October,KA02,1,3531.0,0.15,Visa/Mastercard,C1629
ORD-001129,11/03/2024,Miami,AX12,5,891.0,0.0,CASH,C1387
ORD-001128,11/03/2024,Dokki,LP03,1,31339.0,0.1,Installments,
ORD-001127,11/03/2024,Heliopolis ,AX01,2,958.0,0.05,credit card,C1086
ORD-001126,11/03/2024,Maadi,AU02,2,8993.0,0.0,cash,C1924
ORD-001125,11/03/2024,SMOUHA,KA01,1,4306.0,0.05,cash,C0307
ORD-001124,11/03/2024,Smouha,SP02,1,53416.0,0.0,Valu/Installments,C0633
ORD-001123,11/03/2024,Heliopolis,KA07,1,19013.0,0.0,cash,C1680
ORD-001122,11/03/2024,Nasr City,AX04,5,250.0,0.05,Credit Card,C0591
ORD-001121,11/03/2024,Dokki,TB01,1,24952.0,0.1,Valu/Installments,C0063
ORD-001120,11/03/2024,6th of October,AU03,1,13564.0,0.0,cash,
ORD-001119,11/03/2024,6th of October,SP07,1,14205.0,0.1,Installments,C1872
ORD-001118,11/03/2024,6th of October,AX08,2,1362.0,0.0,installments,C2155
ORD-001117,11/03/2024,Maadi,AX01,3,965.0,0.15,Valu/Installments,C0409
ORD-001116,11/03/2024,Mansoura,TB01,1,24678.0,0.0,Valu/Installments,
ORD-001131,11/03/2024,Smouha,AC05,1,39525.0,0.0,Installments,C0329
ORD-001134,12/03/2024,6th of October,AX12,4,889.0,0.0,Valu/Installments,C1557
ORD-001135,12/03/2024,Maadi,KA07,1,18453.0,0.0,Cash,C1298
ORD-001151,12/03/2024,Nasr City,LP06,1,21363.0,0.1,Cash,
ORD-001136,12/03/2024,Miami,AC04,1,60013.0,0.0,Installments,C1999
ORD-001137,12/03/2024,Nasr City,AX06,5,1184.0,0.0,Cash,C2217
ORD-001138,12/03/2024,Maadi,SP06,1,9853.0,0.0,credit card,
ORD-001139,12/03/2024,Heliopolis,LP06,1,21347.0,0.0,Cash,C0148
ORD-001140,12/03/2024,Smouha ,SP08,1,45134.0,0.0,Credit Card,C0281
ORD-001141,12/03/2024,Nasr City,AX04,1,247.0,0.05,mobile wallet,C0962
ORD-001142,12/03/2024,Miami,AC06,1,42243.0,0.15,Mobile Wallet,C1178
ORD-001152,12/03/2024,Smouha,AX05,2,2504.0,0.05,Credit Card,C1227
ORD-001133,12/03/2024,MAADI,AX02,3,356.0,0.0,cash,C2186
ORD-001145,12/03/2024,6th of October,AU03,1,13406.0,0.0,mobile wallet,C0371
ORD-001146,12/03/2024,Mansoura,AX01,1,976.0,0.0,CASH,C1778
ORD-001147,12/03/2024,Dokki,SP05,1,19201.0,0.05,VF Cash,C0404
ORD-001148,12/03/2024,Heliopolis,AU01,1,6338.0,0.0,VF Cash,C0412
ORD-001149,12/03/2024,Nasr City,SP01,1,16691.0,0.0,credit card,C1818
ORD-001150,12/03/2024,dokki,AU01,1,6451.0,0.15,CASH,C0682
ORD-001144,12/03/2024,Mansoura,TV06,1,88342.0,0.0,cash,
ORD-001143,12/03/2024,Nasr City,AX02,5,350.0,0.0,Mobile Wallet,C0932
RET-000066,13/03/2024,Nasr City,SP01,-1,16663.0,0.15,mobile wallet,
ORD-001163,13/03/2024,Smouha,KA02,2,3561.0,0.0,Visa/Mastercard,C2176
ORD-001166,13/03/2024,Dokki,LP03,1,31703.0,0.05,Credit Card,C2319
ORD-001165,13/03/2024,Nasr City,SP01,1,16663.0,0.15,mobile wallet,
ORD-001164,13/03/2024,Maadi,TV06,1,88535.0,0.1,installments,C1688
ORD-001162,13/03/2024,Smouha,AX07,3,769.0,0.15,cash,C1001
ORD-001161,13/03/2024,Smouha,AX11,1,410.0,0.0,CASH,C0597
ORD-001167,13/03/2024,Mansoura,TB03,1,9542.0,0.15,CASH,C0738
ORD-001159,13/03/2024,Mansoura,SP05,1,19683.0,0.15,cash,C1536
ORD-001160,13/03/2024,Heliopolis,TV04,1,40354.0,0.15,credit card,C1765
ORD-001157,13/03/2024,Maadi,LP01,1,27826.0,0.15,installments,C1202
ORD-001156,13/03/2024,6th of October,TB01,1,24578.0,0.0,Credit Card,C0230
ORD-001155,13/03/2024,Smouha,AX12,1,882.0,0.0,installments,C1329
ORD-001154,13/03/2024,Dokki,KA06,1,12807.0,0.0,Credit Card,C0189
ORD-001153,13/03/2024,Nasr City,AX04,1,243.0,0.1,installments,C0119
ORD-001158,13/03/2024,Nasr City,KA05,1,10050.0,0.15,cash,C1469
ORD-001168,13/03/2024,Dokki,SP02,1,53542.0,0.0,installments,C0697
RET-000053,14/03/2024,Dokki,AU03,-2,13892.0,0.05,Valu/Installments,C0324
ORD-001173,14/03/2024,dokki,TV06,1,88324.0,0.0,Installments,C0987
ORD-001174,14/03/2024,heliopolis,LP04,1,80243.0,0.1,credit card,C2039
ORD-001170,14/03/2024,Dokki,AU03,2,13892.0,0.05,Valu/Installments,C0324
ORD-001175,14/03/2024,Nasr City,AX07,5,756.0,0.0,Mobile Wallet,C2389
ORD-001176,14/03/2024,Maadi,AX07,2,733.0,0.0,Installments,C0587
ORD-001177,14/03/2024,SMOUHA,SP05,1,20084.0,0.0,Valu/Installments,C0952
ORD-001178,14/03/2024,Dokki,AU01,1,6435.0,0.0,credit card,C1889
ORD-001179,14/03/2024,Nasr City,SP04,1,11440.0,0.0,CASH,C1041
ORD-001169,14/03/2024,Dokki,KA06,2,12857.0,0.05,Cash,C0718
ORD-001181,14/03/2024,Nasr City,KA04,2,24223.0,0.0,Installments,C1046
ORD-001180,14/03/2024,Mansoura,KA02,2,3507.0,0.0,Visa/Mastercard,C1883
ORD-001183,14/03/2024,nasr city,KA06,2,12203.0,0.1,installments,C1906
ORD-001184,14/03/2024,Mansoura,LP02,1,43197.0,0.0,Installments,C1179
ORD-001185,14/03/2024,Maadi,AX08,5,1339.0,0.0,cash,
ORD-001172,14/03/2024,Miami,AX09,2,1832.0,0.1,cash,C1567
ORD-001171,14/03/2024,Nasr City,SP01,1,16283.0,0.1,Visa/Mastercard,C2497
ORD-001182,14/03/2024,Smouha,KA03,2,6650.0,0.0,Mobile Wallet,C0039
RET-000018,15/03/2024,Maadi,AX02,-1,348.0,0.1,VF Cash,C1980
RET-000077,15/03/2024,6th of October,AX06,-5,1155.0,0.0,Installments,C1471
ORD-001216,15/03/2024,Mansoura,KA01,2,4237.0,0.05,credit card,C2319
ORD-001215,15/03/2024,Nasr City,AX12,3,890.0,0.0,CASH,C0034
ORD-001213,15/03/2024,Nasr City,TB04,1,17807.0,0.0,installments,
ORD-001214,15/03/2024,Heliopolis,AX08,5,1355.0,0.15,credit card,C1125
ORD-001211,15/03/2024,Miami,KA06,1,12395.0,0.0,credit card,C0090
ORD-001205,15/03/2024,Nasr City,TV06,1,90848.0,0.15,cash,C2343
ORD-001204,15/03/2024,Smouha,AX04,3,257.0,0.05,Installments,C1563
ORD-001203,15/03/2024,6th of October,TV01,1,31401.0,0.05,Visa/Mastercard,
ORD-001202,15/03/2024,Heliopolis,TV01,1,31855.0,0.0,installments,C0972
ORD-001201,15/03/2024,Maadi ,AU03,1,13814.0,0.0,installments,C0437
ORD-001200,15/03/2024,Maadi,AX02,1,348.0,0.1,VF Cash,C1980
ORD-001199,15/03/2024,Heliopolis,AX11,1,397.0,0.0,Cash,C1576
ORD-001198,15/03/2024,Smouha,SP07,1,14120.0,0.0,mobile wallet,C0816
ORD-001197,15/03/2024,Nasr City,SP04,1,11637.0,0.0,Visa/Mastercard,C1238
ORD-001196,15/03/2024,Heliopolis,TV01,1,31841.0,0.05,Mobile Wallet,C1872
ORD-001195,15/03/2024,Miami,AU02,2,8858.0,0.0,Visa/Mastercard,C1025
ORD-001206,15/03/2024,6th of October,AX06,5,1155.0,0.0,Installments,C1471
ORD-001194,15/03/2024,Heliopolis,AX06,1,1137.0,0.05,installments,C1738
ORD-001192,15/03/2024,Mansoura,LP05,1,34903.0,0.0,installments,C2407
ORD-001191,15/03/2024,Dokki,SP08,1,46224.0,0.0,Installments,C1416
ORD-001190,15/03/2024,Maadi,TV05,1,23982.0,0.0,Installments,C1810
ORD-001189,15/03/2024,Mansoura,SP07,1,14114.0,0.0,Visa/Mastercard,
ORD-001207,15/03/2024,Nasr City,AU02,1,8647.0,0.0,Installments,C2355
ORD-001188,15/03/2024,Smouha,AU03,2,13132.0,0.1,Valu/Installments,C0303
ORD-001187,15/03/2024,Nasr City,AX11,1,397.0,0.0,credit card,C0648
ORD-001186,15/03/2024,Dokki,TV04,1,39952.0,0.05,Cash,C2239
ORD-001208,15/03/2024,DOKKI,AX02,1,356.0,0.0,credit card,C1212
ORD-001209,15/03/2024,Heliopolis,LP01,1,29165.0,0.0,mobile wallet,
ORD-001210,15/03/2024,Mansoura,KA01,2,4152.0,0.0,Valu/Installments,C1210
ORD-001193,15/03/2024,6th of October,TB02,1,13135.0,0.15,Credit Card,C1226
ORD-001212,15/03/2024,Dokki,AU03,1,13629.0,0.0,mobile wallet,C1622
ORD-001220,16/03/2024,Nasr City,AU01,1,6498.0,0.1,CASH,C1173
ORD-001227,16/03/2024,Mansoura,AX09,2,1872.0,0.0,cash,
ORD-001217,16/03/2024,6TH OF OCTOBER,TB02,1,13258.0,0.0,credit card,C0201
ORD-001218,16/03/2024,Nasr City,KA01,1,4317.0,0.0,Cash,C2484
ORD-001219,16/03/2024,Heliopolis,AC04,1,58909.0,0.0,Installments,C2035
ORD-001221,16/03/2024,Maadi,TV04,1,42204.0,0.0,cash,C0943
ORD-001232,16/03/2024,Mansoura,AX12,2,882.0,0.0,mobile wallet,C1806
ORD-001231,16/03/2024,Smouha,SP06,1,9709.0,0.0,Cash,C1266
ORD-001230,16/03/2024,Smouha,SP04,1,11486.0,0.0,Valu/Installments,C0162
ORD-001222,16/03/2024,Nasr City,TV06,1,91111.0,0.0,credit card,C2487
ORD-001229,16/03/2024,Nasr City,AC05,1,37741.0,0.15,Installments,C0398
ORD-001228,16/03/2024,6th of October,AX05,4,2462.0,0.1,Mobile Wallet,C0561
ORD-001223,16/03/2024,Heliopolis,AC04,1,60161.0,0.05,installments,C1444
ORD-001226,16/03/2024,Heliopolis,AU03,1,13151.0,0.0,CASH,C1027
ORD-001225,16/03/2024,Nasr City,KA03,1,6676.0,0.0,cash,C0779
ORD-001224,16/03/2024,Maadi,LP03,1,30545.0,0.1,Mobile Wallet,C0898
ORD-001241,17/03/2024,6th of October,KA02,1,3543.0,0.15,installments,C1702
ORD-001240,17/03/2024,Nasr City,KA02,1,3557.0,0.0,VF Cash,C1339
ORD-001233,17/03/2024,Mansoura,TB04,1,17008.0,0.0,Visa/Mastercard,
ORD-001234,17/03/2024,Miami,TV02,1,26992.0,0.1,Installments,C0137
ORD-001235,17/03/2024,Maadi,AX02,3,350.0,0.0,mobile wallet,C2374
ORD-001236,17/03/2024,Maadi,TV02,1,26940.0,0.0,Credit Card,C1495
ORD-001239,17/03/2024,Dokki,SP04,1,11800.0,0.0,cash,C1209
ORD-001237,17/03/2024,6th of October,AX06,1,1155.0,0.05,Visa/Mastercard,C0539
ORD-001238,17/03/2024,Dokki,TB04,1,17049.0,0.0,mobile wallet,C0370
ORD-001243,17/03/2024,Miami,AX11,5,403.0,0.15,mobile wallet,C0823
ORD-001244,17/03/2024,Smouha,KA05,2,9590.0,0.15,Mobile Wallet,C0542
ORD-001245,17/03/2024,Dokki,SP04,1,11840.0,0.0,credit card,
ORD-001246,17/03/2024,Nasr City,LP02,1,42745.0,0.05,Valu/Installments,C2210
ORD-001247,17/03/2024,Smouha,SP08,1,44997.0,0.0,installments,C1499
ORD-001248,17/03/2024,Miami,AX02,3,360.0,0.0,CASH,C2175
ORD-001249,17/03/2024,Dokki,KA08,1,5512.0,0.0,CASH,C2056
ORD-001250,17/03/2024,6th of October,AX09,3,1866.0,0.0,credit card,C1117
ORD-001242,17/03/2024,Mansoura,AU05,1,3118.0,0.0,credit card,C0720
ORD-001265,18/03/2024,Mansoura,AU03,1,13742.0,0.0,Credit Card,C0370
ORD-001251,18/03/2024,Smouha,SP08,1,45173.0,0.1,Cash,C0674
ORD-001252,18/03/2024,Mansoura,AU03,2,13724.0,0.0,Cash,C1053
ORD-001254,18/03/2024,Miami,KA06,1,12752.0,0.0,cash,C1974
ORD-001255,18/03/2024,Heliopolis,AU04,2,1449.0,0.0,CASH,C1209
ORD-001256,18/03/2024,Miami,AU03,1,13297.0,0.0,Mobile Wallet,C1388
ORD-001263,18/03/2024,Dokki,AU02,2,9039.0,0.1,Cash,C2283
ORD-001257,18/03/2024,6th of October,LP04,1,77229.0,0.0,Installments,C0472
ORD-001258,18/03/2024,Heliopolis,TB04,1,18014.0,0.0,Cash,C1919
ORD-001259,18/03/2024,Miami,KA07,2,18108.0,0.0,Visa/Mastercard,C0309
ORD-001260,18/03/2024,Nasr City,TB01,1,23855.0,0.0,credit card,C0577
ORD-001261,18/03/2024,Mansoura,AC01,1,33101.0,0.0,cash,C0925
ORD-001253,18/03/2024,Dokki,TV06,1,88415.0,0.0,Valu/Installments,
ORD-001262,18/03/2024,Heliopolis,TV06,1,86887.0,0.15,Visa/Mastercard,C1628
ORD-001264,18/03/2024,Maadi,AU03,2,13682.0,0.0,Credit Card,C1499
ORD-001272,19/03/2024,Smouha,AU02,2,9148.0,0.0,VF Cash,
ORD-001276,19/03/2024,Heliopolis,AC04,1,58021.0,0.0,Valu/Installments,C1561
ORD-001275,19/03/2024,Smouha,AX02,5,349.0,0.0,installments,C2395
ORD-001274,19/03/2024,Heliopolis,AX11,4,400.0,0.0,mobile wallet,C1074
ORD-001273,19/03/2024,Smouha,AU05,1,3161.0,0.1,installments,C1510
RET-000023,19/03/2024,Nasr City,SP06,-1,10078.0,0.0,VF Cash,C0058
ORD-001271,19/03/2024,Dokki,TB02,1,13149.0,0.05,VF Cash,C1863
ORD-001270,19/03/2024,Dokki,AU01,2,6422.0,0.05,CASH,C0507
ORD-001269,19/03/2024,Mansoura,TB02,1,13783.0,0.0,cash,C2198
ORD-001268,19/03/2024,6th of October,TB01,1,24258.0,0.0,installments,C1084
ORD-001277,19/03/2024,Dokki,AX05,5,2518.0,0.0,Cash,C1522
ORD-001267,19/03/2024,Nasr City,SP06,1,10078.0,0.0,VF Cash,C0058
ORD-001279,19/03/2024,Heliopolis,KA04,2,24262.0,0.1,Cash,C0958
ORD-001266,19/03/2024,Smouha,AU05,1,3179.0,0.0,cash,C1617
ORD-001278,19/03/2024,6th of October,AC02,1,47577.0,0.0,installments,C0444
ORD-001280,20/03/2024,6th of October,LP04,1,79535.0,0.15,Installments,C1932
ORD-001281,20/03/2024,Nasr City,AX10,2,457.0,0.15,mobile wallet,C0103
ORD-001282,20/03/2024,6th of October,AX03,4,543.0,0.0,Visa/Mastercard,C2300
ORD-001287,20/03/2024,Heliopolis,TV04,1,39971.0,0.0,Visa/Mastercard,C0259
ORD-001283,20/03/2024,Smouha,AC01,1,34435.0,0.0,Valu/Installments,
ORD-001284,20/03/2024,Dokki,AX05,2,2415.0,0.0,Installments,C1344
ORD-001285,20/03/2024,Dokki,AX09,3,1831.0,0.0,Visa/Mastercard,C2499
ORD-001286,20/03/2024,Dokki,TV06,1,87042.0,0.0,Credit Card,C0907
ORD-001289,20/03/2024,Maadi,SP02,1,52063.0,0.15,Valu/Installments,C1238
ORD-001297,20/03/2024,Nasr City,SP05,1,19723.0,0.1,Cash,C0476
ORD-001296,20/03/2024,Mansoura,KA07,1,18308.0,0.1,CASH,C2018
ORD-001295,20/03/2024,Nasr City,AX09,2,1826.0,0.05,VF Cash,C1247
ORD-001294,20/03/2024,Smouha,AX08,3,1364.0,0.05,CASH,C0153
ORD-001293,20/03/2024,Maadi,KA03,2,6769.0,0.0,Cash,C0186
ORD-001292,20/03/2024,Nasr City,AU02,2,9096.0,0.1,Mobile Wallet,C0573
ORD-001291,20/03/2024,Smouha,TV04,1,41778.0,0.05,installments,C0478
ORD-001290,20/03/2024,Smouha,TV05,1,24334.0,0.0,Valu/Installments,C1673
ORD-001298,20/03/2024,Nasr City,AX04,5,245.0,0.15,Mobile Wallet,C0399
ORD-001288,20/03/2024,Maadi,AX05,3,2438.0,0.0,Cash,C1902
ORD-001316,21/03/2024,Maadi,TV06,1,90921.0,0.1,Credit Card,
ORD-001320,21/03/2024,Nasr City,KA01,2,4125.0,0.15,Visa/Mastercard,C0968
ORD-001317,21/03/2024,Mansoura,KA02,2,3581.0,0.0,CASH,C0890
ORD-001315,21/03/2024,6th of October,KA03,1,6639.0,0.05,cash,C1518
ORD-001314,21/03/2024,Mansoura,AX10,4,452.0,0.15,CASH,C0135
ORD-001313,21/03/2024,Dokki,KA08,2,5474.0,0.0,Visa/Mastercard,C1146
ORD-001312,21/03/2024,Nasr City,AX09,2,1901.0,0.0,Cash,C1672
ORD-001311,21/03/2024,Nasr City,TV06,1,87006.0,0.0,Cash,C2005
ORD-001310,21/03/2024,Nasr City,KA07,2,18000.0,0.05,Credit Card,C0406
ORD-001309,21/03/2024,Heliopolis ,TV03,1,14299.0,0.0,credit card,C1700
ORD-001318,21/03/2024,Dokki,TB02,1,13242.0,0.1,Cash,C1817
ORD-001308,21/03/2024,Heliopolis ,KA03,1,6812.0,0.0,CASH,C0633
ORD-001306,21/03/2024,Smouha,AX04,1,257.0,0.15,VF Cash,C1717
ORD-001305,21/03/2024,Smouha,TV06,1,86739.0,0.0,credit card,C2213
ORD-001304,21/03/2024,6th of October,AX02,2,341.0,0.15,Installments,C1520
ORD-001303,21/03/2024,Smouha,LP02,1,41038.0,0.05,installments,C1859
ORD-001302,21/03/2024,6th of October,AU03,1,13109.0,0.1,Cash,C1592
ORD-001301,21/03/2024,Nasr City,AC04,1,58506.0,0.15,Credit Card,C0556
ORD-001300,21/03/2024,Dokki,AC06,1,42548.0,0.0,CASH,C2202
ORD-001299,21/03/2024,Nasr City,AX05,4,2492.0,0.1,VF Cash,C0962
ORD-001307,21/03/2024,Smouha,AX03,1,560.0,0.1,credit card,C2406
ORD-001319,21/03/2024,Nasr City,AC05,1,39579.0,0.1,cash,C1822
ORD-001324,22/03/2024,Maadi,AX08,3,1377.0,0.0,Valu/Installments,C2231
ORD-001321,22/03/2024,Heliopolis ,AX08,4,1375.0,0.15,cash,C1486
ORD-001325,22/03/2024,Nasr City,LP06,1,21889.0,0.0,mobile wallet,C1470
ORD-001326,22/03/2024,Nasr City,AX12,1,913.0,0.0,VF Cash,C0249
ORD-001327,22/03/2024,Nasr City,AU04,1,1413.0,0.0,Cash,C1631
ORD-001322,22/03/2024,Nasr City,AX08,2,1358.0,0.05,cash,C0407
ORD-001329,22/03/2024,Maadi,TV06,1,86600.0,0.05,cash,C0778
ORD-001330,22/03/2024,Dokki ,AX04,4,248.0,0.15,mobile wallet,C0501
ORD-001331,22/03/2024,Mansoura,SP04,1,11495.0,0.0,CASH,C1863
ORD-001332,22/03/2024,MAADI,AX10,2,,0.15,Cash,
ORD-001333,22/03/2024,Nasr City,AX06,4,1174.0,0.0,CASH,C0376
ORD-001334,22/03/2024,Dokki,AX02,5,344.0,0.0,CASH,C0869
ORD-001335,22/03/2024,Maadi,SP05,1,20071.0,0.0,VF Cash,C2446
ORD-001336,22/03/2024,Mansoura,TV02,1,26479.0,0.15,Visa/Mastercard,C0088
ORD-001337,22/03/2024,6th of October,SP08,1,44604.0,0.0,Credit Card,C0208
ORD-001338,22/03/2024,Nasr City,AX05,1,2509.0,0.0,VF Cash,C1367
ORD-001339,22/03/2024,Nasr City,SP01,1,16725.0,0.05,Credit Card,C0998
ORD-001340,22/03/2024,Miami,AX10,1,448.0,0.0,VF Cash,C0516
ORD-001341,22/03/2024,Smouha,SP07,1,14567.0,0.15,mobile wallet,C2313
ORD-001342,22/03/2024,Smouha,KA06,1,12533.0,0.0,CASH,C0841
ORD-001343,22/03/2024,Smouha,KA04,2,24989.0,0.0,installments,
ORD-001323,22/03/2024,Maadi,TV04,1,41507.0,0.05,Visa/Mastercard,C1505
ORD-001328,22/03/2024,Nasr City,AU03,1,13512.0,0.0,CASH,C1131
ORD-001360,23/03/2024,Nasr City,SP05,1,19734.0,0.15,Valu/Installments,C0451
ORD-001354,23/03/2024,Dokki,AU02,1,9048.0,0.1,cash,C1136
ORD-001359,23/03/2024,Miami,TV01,1,32149.0,0.0,VF Cash,C0715
ORD-001358,23/03/2024,Dokki,SP02,1,52473.0,0.05,cash,C1027
ORD-001357,23/03/2024,Dokki,AX06,2,1142.0,0.0,Visa/Mastercard,C2213
ORD-001356,23/03/2024,6th of October,AU02,2,9032.0,0.05,Cash,C0533
ORD-001355,23/03/2024,Maadi,AC02,1,46366.0,0.0,installments,C0593
ORD-001353,23/03/2024,Maadi,TV06,1,88401.0,0.0,installments,C0012
ORD-001351,23/03/2024,Maadi,KA07,2,18146.0,0.0,credit card,C0605
ORD-001352,23/03/2024,6th of October,KA01,2,4225.0,0.05,credit card,C2442
ORD-001349,23/03/2024,Smouha,AX06,2,1130.0,0.0,credit card,C0955
ORD-001348,23/03/2024,Nasr City,TV01,1,31321.0,0.1,Installments,C0885
ORD-001347,23/03/2024,6th of October,AC03,1,25226.0,0.05,Mobile Wallet,C2402
ORD-001346,23/03/2024,Dokki,AU01,1,6636.0,0.15,Installments,C0849
ORD-001345,23/03/2024,Nasr City,TB04,1,17224.0,0.0,credit card,C2271
ORD-001344,23/03/2024,Dokki,KA02,2,3564.0,0.0,Valu/Installments,C0282
ORD-001350,23/03/2024,Nasr City,KA05,2,9961.0,0.0,installments,C1346
ORD-001364,24/03/2024,smouha,SP03,1,57035.0,0.0,Visa/Mastercard,C0061
ORD-001365,24/03/2024,Nasr City,TV02,1,26280.0,0.05,VF Cash,C1468
ORD-001363,24/03/2024,Heliopolis,KA03,2,6789.0,0.1,Cash,
ORD-001369,24/03/2024,Mansoura,KA03,2,6859.0,0.15,CASH,C0065
ORD-001361,24/03/2024,6th of October,AC01,1,34491.0,0.15,installments,C0106
ORD-001366,24/03/2024,Nasr City,AU05,1,3252.0,0.1,Visa/Mastercard,C0975
ORD-001362,24/03/2024,Heliopolis,AX09,5,1807.0,0.0,Visa/Mastercard,C0540
ORD-001368,24/03/2024,Smouha,AU05,2,3221.0,0.0,mobile wallet,C1327
ORD-001372,24/03/2024,Miami ,AU05,2,3191.0,0.0,credit card,C1087
ORD-001374,24/03/2024,Dokki,AX05,5,2500.0,0.0,Visa/Mastercard,C0520
ORD-001373,24/03/2024,Nasr City,TV04,1,41965.0,0.1,Visa/Mastercard,C0215
ORD-001367,24/03/2024,Smouha,AX04,3,248.0,0.1,Mobile Wallet,C2412
ORD-001371,24/03/2024,Heliopolis,KA07,1,18241.0,0.0,Installments,
ORD-001370,24/03/2024,Miami,AU05,1,3159.0,0.0,CASH,C0714
ORD-001375,24/03/2024,Heliopolis,TB04,1,17614.0,0.05,Credit Card,C1725
ORD-001376,24/03/2024,Nasr City,SP01,1,16591.0,0.0,installments,C2155
ORD-001384,25/03/2024,Miami,AU04,2,1418.0,0.0,Visa/Mastercard,C0447
ORD-001392,25/03/2024,6th of October,AX09,3,1833.0,0.0,credit card,C1236
ORD-001383,25/03/2024,6th of October,LP06,1,21909.0,0.0,Valu/Installments,C2432
ORD-001386,25/03/2024,Mansoura,TV01,1,31239.0,0.05,Credit Card,C2064
ORD-001381,25/03/2024,Maadi,AX06,3,1173.0,0.0,CASH,C1483
ORD-001380,25/03/2024,Miami,AU02,2,8869.0,0.0,VF Cash,C1837
ORD-001379,25/03/2024,6th of October,AX04,1,256.0,0.0,cash,C1951
ORD-001378,25/03/2024,Heliopolis,AC01,1,32698.0,0.0,Visa/Mastercard,C0261
ORD-001387,25/03/2024,Dokki,TB04,1,17181.0,0.1,Cash,C0908
ORD-001388,25/03/2024,Smouha,AX05,4,2502.0,0.0,Mobile Wallet,
ORD-001389,25/03/2024,Miami,AU03,2,13381.0,0.05,CASH,C0178
ORD-001390,25/03/2024,Mansoura ,AX05,3,2517.0,0.15,CASH,C2136
ORD-001377,25/03/2024,Miami,SP08,1,44064.0,0.0,cash,C0466
ORD-001385,25/03/2024,Heliopolis,TV04,1,41543.0,0.05,Mobile Wallet,C1852
ORD-001382,25/03/2024,Smouha,AX05,5,2429.0,0.0,credit card,C2103
ORD-001394,25/03/2024,Nasr City,AU03,2,13405.0,0.0,mobile wallet,C0128
ORD-001391,25/03/2024,Mansoura,AX05,3,2409.0,0.1,cash,
ORD-001395,25/03/2024,Mansoura,KA06,1,12807.0,0.0,cash,C0250
ORD-001396,25/03/2024,Miami,TV04,1,40184.0,0.0,installments,C1962
ORD-001397,25/03/2024,Maadi,SP02,1,53544.0,0.0,cash,C1646
ORD-001398,25/03/2024,Miami,TV01,1,32741.0,0.0,CASH,
ORD-001399,25/03/2024,Dokki,TB02,1,13413.0,0.0,Credit Card,C1747
ORD-001400,25/03/2024,6th of October,LP03,1,30845.0,0.0,installments,C0443
RET-000038,25/03/2024,Mansoura,KA06,-1,12807.0,0.0,cash,C0250
ORD-001401,25/03/2024,Heliopolis,SP08,1,44809.0,0.0,installments,C2009
ORD-001403,25/03/2024,Heliopolis,AU01,1,6645.0,0.0,Cash,C0302
ORD-001404,25/03/2024,Dokki,AX11,0,406.0,0.0,Valu/Installments,C0331
ORD-001405,25/03/2024,Nasr City,AC03,1,25527.0,0.05,Valu/Installments,C1320
ORD-001406,25/03/2024,Smouha,SP03,1,58749.0,0.05,CASH,C2492
ORD-001407,25/03/2024,Smouha,SP08,1,44909.0,0.0,Installments,C0608
ORD-001408,25/03/2024,Heliopolis,KA05,2,9702.0,0.0,cash,C0270
ORD-001402,25/03/2024,Smouha,SP05,1,19373.0,0.0,installments,C1817
ORD-001393,25/03/2024,Miami ,KA02,1,3648.0,0.0,mobile wallet,C1877
ORD-001424,26/03/2024,Dokki,AC01,1,32703.0,0.0,Credit Card,C0469
ORD-001430,26/03/2024,Heliopolis,LP05,1,34600.0,0.0,Credit Card,C1695
ORD-001431,26/03/2024,Maadi,KA01,2,4121.0,0.0,mobile wallet,C1389
ORD-001427,26/03/2024,Nasr City,AX08,5,1380.0,0.0,Credit Card,C1762
ORD-001432,26/03/2024,Smouha,SP02,1,51614.0,0.05,Visa/Mastercard,C1858
ORD-001426,26/03/2024,Smouha,AU03,2,13861.0,0.1,installments,C0881
ORD-001425,26/03/2024,6th of October,TV06,1,89746.0,0.0,Cash,C2259
ORD-001423,26/03/2024,Dokki,LP05,1,35464.0,0.0,Valu/Installments,C0407
ORD-001422,26/03/2024,Miami,KA05,2,9727.0,0.15,VF Cash,C1763
ORD-001421,26/03/2024,6th of October,AU05,1,3296.0,0.15,cash,C2480
ORD-001420,26/03/2024,6th of October,LP04,1,78222.0,0.0,credit card,C2071
ORD-001419,26/03/2024,Smouha,KA07,2,18682.0,0.0,CASH,C1859
ORD-001418,26/03/2024,Nasr City,KA03,1,6615.0,0.15,CASH,C1208
ORD-001417,26/03/2024,Smouha,SP02,1,52822.0,0.0,Credit Card,C2174
ORD-001416,26/03/2024,Smouha,KA08,1,5266.0,0.15,CASH,
ORD-001415,26/03/2024,Mansoura,AX12,3,885.0,0.0,Valu/Installments,C2447
ORD-001414,26/03/2024,6th of October,KA03,2,6666.0,0.15,Valu/Installments,C1561
ORD-001413,26/03/2024,Smouha,AU04,2,1468.0,0.0,cash,C1332
ORD-001412,26/03/2024,Miami,SP07,1,14817.0,0.0,Visa/Mastercard,C2247
ORD-001411,26/03/2024,Smouha,AU03,1,13516.0,0.0,CASH,C2398
ORD-001410,26/03/2024,Nasr City,AC06,1,40618.0,0.05,credit card,C1127
ORD-001409,26/03/2024,6th of October,AC05,1,37374.0,0.05,Cash,C0517
ORD-001433,26/03/2024,Miami,AU01,1,6670.0,0.0,cash,C1634
ORD-001428,26/03/2024,Mansoura,TB02,1,13900.0,0.15,Credit Card,C1850
ORD-001429,26/03/2024,MANSOURA,AX02,4,351.0,0.05,Valu/Installments,C0936
ORD-001435,27/03/2024,Dokki,SP04,1,11318.0,0.15,installments,C0390
ORD-001445,27/03/2024,Heliopolis,AU04,2,1472.0,0.0,Cash,C0374
ORD-001437,27/03/2024,Miami,AU04,1,1426.0,0.0,credit card,C1749
ORD-001438,27/03/2024,Dokki,TV05,1,24275.0,0.0,Valu/Installments,C1281
ORD-001439,27/03/2024,Miami,SP01,1,16354.0,0.15,cash,C1045
ORD-001440,27/03/2024,Nasr City,TB02,1,13268.0,0.0,CASH,C1534
ORD-001441,27/03/2024,Smouha,KA06,2,12480.0,0.0,CASH,C0626
ORD-001442,27/03/2024,Smouha,LP04,1,79781.0,0.1,CASH,C1943
ORD-001443,27/03/2024,Smouha,AX05,1,2434.0,0.1,CASH,C0275
ORD-001444,27/03/2024,Mansoura,KA02,1,3644.0,0.0,Mobile Wallet,
ORD-001436,27/03/2024,Heliopolis,AX05,1,2520.0,0.0,CASH,C1281
ORD-001446,27/03/2024,Mansoura,TB03,1,9595.0,0.05,CASH,C0350
ORD-001447,27/03/2024,Heliopolis,KA07,1,18468.0,0.1,CASH,C0382
ORD-001448,27/03/2024,Smouha,TV06,1,86773.0,0.0,installments,C1769
ORD-001449,27/03/2024,Nasr City,AC05,1,38215.0,0.0,Valu/Installments,C0396
ORD-001450,27/03/2024,6th of October,TV04,1,40432.0,0.15,Valu/Installments,C1527
ORD-001451,27/03/2024,Maadi,TV06,1,88807.0,0.0,Valu/Installments,C0533
ORD-001452,27/03/2024,Maadi,AC02,1,45882.0,0.0,CASH,C2279
ORD-001453,27/03/2024,6th of October,TV05,1,,0.0,Installments,C0246
ORD-001434,27/03/2024,Mansoura,AX10,4,463.0,0.05,credit card,C1704
RET-000111,28/03/2024,Smouha,TV05,-1,23490.0,0.0,Mobile Wallet,C2460
ORD-001468,28/03/2024,Mansoura,SP01,1,16867.0,0.0,Credit Card,C2368
ORD-001454,28/03/2024,Smouha,AX07,3,757.0,0.0,Installments,C2403
ORD-001469,28/03/2024,Heliopolis,AX07,4,,0.05,CASH,C2079
ORD-001467,28/03/2024,nasr city,TV01,1,32448.0,0.0,credit card,C0425
ORD-001465,28/03/2024,Miami,AU05,1,3252.0,0.0,VF Cash,C1280
ORD-001464,28/03/2024,Smouha,TV05,1,23490.0,0.0,Mobile Wallet,C2460
ORD-001463,28/03/2024,Smouha,TB03,1,9773.0,0.1,CASH,C1179
ORD-001462,28/03/2024,Mansoura,TV01,1,32813.0,0.05,credit card,C0211
ORD-001466,28/03/2024,Maadi,AX09,3,1833.0,0.05,credit card,C1441
ORD-001460,28/03/2024,Nasr City,AX05,1,2474.0,0.05,cash,C1449
ORD-001459,28/03/2024,Dokki,TV02,1,26365.0,0.0,Credit Card,C1683
ORD-001458,28/03/2024,Mansoura,KA06,1,12625.0,0.15,Visa/Mastercard,C0501
ORD-001457,28/03/2024,6th of October,AX08,3,1352.0,0.15,Mobile Wallet,C1351
ORD-001456,28/03/2024,Nasr City,AX11,3,399.0,0.1,VF Cash,C2301
ORD-001455,28/03/2024,Smouha,AU05,1,3164.0,0.0,CASH,C2301
ORD-001461,28/03/2024,Heliopolis,AX03,2,552.0,0.0,Credit Card,C1733
ORD-001478,29/03/2024,Heliopolis ,TV02,1,27050.0,0.15,mobile wallet,C1506
ORD-001477,29/03/2024,Heliopolis,AX02,5,359.0,0.1,Visa/Mastercard,
ORD-001476,29/03/2024,Miami,SP01,1,16635.0,0.0,cash,C2279
ORD-001475,29/03/2024,Miami,TV04,1,41379.0,0.05,cash,C1435
ORD-001471,29/03/2024,6th of October,LP03,1,31554.0,0.15,credit card,C0634
ORD-001473,29/03/2024,DOKKI,TV02,1,26811.0,0.05,cash,C0919
ORD-001472,29/03/2024,6th of October,AC01,1,33941.0,0.0,cash,C1976
ORD-001470,29/03/2024,6th of October,AX11,1,408.0,0.15,cash,C0872
ORD-001479,29/03/2024,Smouha,AU02,2,9098.0,0.15,mobile wallet,C0471
ORD-001474,29/03/2024,Dokki,AX02,1,355.0,0.0,credit card,C0444
ORD-001480,29/03/2024,Nasr City,LP05,1,35012.0,0.1,Visa/Mastercard,C1142
ORD-001481,29/03/2024,6th of october,AC01,1,32942.0,0.15,mobile wallet,C2352
ORD-001483,29/03/2024,Miami,KA05,1,10023.0,0.1,Cash,C0927
ORD-001484,29/03/2024,Smouha,LP02,1,41173.0,0.0,CASH,C1758
ORD-001485,29/03/2024,Miami,LP04,1,78704.0,0.1,Installments,C2298
ORD-001482,29/03/2024,6th of October,AU01,1,6362.0,0.15,Installments,
ORD-001493,30/03/2024,Dokki,AX09,5,1824.0,0.0,Mobile Wallet,C1266
ORD-001486,30/03/2024,Mansoura,KA04,2,24981.0,0.05,Installments,C2281
ORD-001487,30/03/2024,6th of October,AX06,2,1132.0,0.0,Valu/Installments,C0108
ORD-001488,30/03/2024,Smouha,TV05,1,23312.0,0.0,Visa/Mastercard,C2495
ORD-001489,30/03/2024,Dokki,AX02,5,353.0,0.0,Cash,C1096
ORD-001490,30/03/2024,Nasr City,AU05,1,3119.0,0.0,credit card,C0119
ORD-001491,30/03/2024,Heliopolis,TV01,1,31660.0,0.0,Installments,C0739
ORD-001492,30/03/2024,Dokki,KA03,1,6806.0,0.05,VF Cash,C1120
ORD-001504,30/03/2024,Heliopolis,SP04,1,11546.0,0.0,CASH,C0286
ORD-001495,30/03/2024,Miami,AX02,5,341.0,0.0,Cash,C1392
ORD-001496,30/03/2024,Nasr City,AX11,4,397.0,0.0,Cash,C1438
ORD-001497,30/03/2024,Maadi,AC05,1,,0.0,Installments,C0026
ORD-001498,30/03/2024,Maadi,AU01,2,6493.0,0.0,Visa/Mastercard,C0744
ORD-001499,30/03/2024,Maadi,KA04,2,25216.0,0.15,Cash,C0587
ORD-001500,30/03/2024,Maadi,LP02,1,41857.0,0.0,CASH,
ORD-001501,30/03/2024,Dokki,TB04,1,16982.0,0.0,cash,
ORD-001502,30/03/2024,Mansoura,AU03,1,13897.0,0.0,CASH,C2320
ORD-001503,30/03/2024,6th of October,AU04,2,1413.0,0.15,Mobile Wallet,C1642
ORD-001494,30/03/2024,Miami,AX08,3,1369.0,0.0,CASH,
ORD-001506,31/03/2024,Miami,KA07,2,18747.0,0.0,Visa/Mastercard,C0126
ORD-001507,31/03/2024,Smouha,TV01,1,31291.0,0.0,credit card,C0376
ORD-001508,31/03/2024,Maadi,KA02,1,3530.0,0.0,Cash,C2173
ORD-001505,31/03/2024,MIAMI,AX12,1,907.0,0.0,Credit Card,C0582
ORD-001514,31/03/2024,Dokki,TB03,1,9658.0,0.0,Valu/Installments,C0645
ORD-001517,31/03/2024,Nasr City,KA02,1,3543.0,0.0,Installments,C1329
ORD-001513,31/03/2024,Miami,AU04,2,1422.0,0.0,Cash,C1397
ORD-001512,31/03/2024,Smouha,AX03,1,550.0,0.1,Installments,C1859
ORD-001511,31/03/2024,Dokki,AC03,1,26673.0,0.0,Valu/Installments,C1720
ORD-001510,31/03/2024,Nasr City,SP05,1,19038.0,0.0,installments,C1541
ORD-001509,31/03/2024,Smouha,TV04,1,41881.0,0.15,installments,C0882
ORD-001518,31/03/2024,Heliopolis,LP05,1,34597.0,0.0,Installments,C2325
ORD-001519,31/03/2024,Maadi,KA07,2,18872.0,0.05,installments,
ORD-001515,31/03/2024,Dokki,AX03,1,534.0,0.1,CASH,C1516
ORD-001516,31/03/2024,Heliopolis,TV02,1,26068.0,0.0,installments,C1277
ORD-001520,01/04/2024,Maadi,AC01,1,33573.0,0.0,Visa/Mastercard,C2443
ORD-001523,01/04/2024,Smouha,AX06,5,1123.0,0.0,Cash,C0638
ORD-001524,01/04/2024,Mansoura,LP04,1,79969.0,0.0,Installments,C0645
ORD-001525,01/04/2024,Nasr City,AC03,1,26318.0,0.05,credit card,
ORD-001526,01/04/2024,Maadi,LP06,1,,0.15,Mobile Wallet,C0204
ORD-001527,01/04/2024,Maadi,AX08,2,1360.0,0.0,Visa/Mastercard,C0335
ORD-001528,01/04/2024,Maadi,KA01,1,4075.0,0.0,Installments,C1115
ORD-001529,01/04/2024,Mansoura,KA02,2,3658.0,0.0,Cash,C1815
ORD-001530,01/04/2024,Heliopolis,KA01,1,4239.0,0.0,installments,C1737
ORD-001522,01/04/2024,Heliopolis,KA01,1,4235.0,0.0,VF Cash,C0216
ORD-001521,01/04/2024,Miami,LP05,1,35671.0,0.0,VF Cash,C0348
ORD-001532,01/04/2024,Heliopolis,TV02,1,26914.0,0.05,Visa/Mastercard,C2487
ORD-001531,01/04/2024,Mansoura,LP02,1,41540.0,0.0,Cash,C1990
ORD-001533,01/04/2024,Smouha,KA05,1,9656.0,0.15,Visa/Mastercard,C1811
ORD-001536,02/04/2024,SMOUHA,AX10,3,442.0,0.1,cash,C1119
ORD-001537,02/04/2024,Heliopolis,AX06,2,1132.0,0.0,credit card,
ORD-001538,02/04/2024,Nasr City,AU02,2,9118.0,0.15,VF Cash,C0883
ORD-001534,02/04/2024,Maadi ,SP01,1,16699.0,0.15,Cash,
ORD-001539,02/04/2024,Dokki,TB02,1,13629.0,0.0,Mobile Wallet,C2099
ORD-001540,02/04/2024,Miami,AX05,4,2392.0,0.1,CASH,C0467
ORD-001541,02/04/2024,Heliopolis,TB02,1,13387.0,0.0,credit card,C1414
ORD-001543,02/04/2024,Maadi,TB03,1,9435.0,0.0,credit card,C0455
ORD-001544,02/04/2024,Mansoura,KA08,1,5549.0,0.0,VF Cash,C1161
ORD-001545,02/04/2024,Maadi,TV06,1,86960.0,0.0,Credit Card,C2430
ORD-001546,02/04/2024,Heliopolis,AX04,1,256.0,0.05,credit card,C1994
ORD-001547,02/04/2024,Heliopolis,KA08,1,5427.0,0.05,Visa/Mastercard,C2159
ORD-001548,02/04/2024,Smouha ,SP02,1,52741.0,0.05,Visa/Mastercard,C1264
ORD-001542,02/04/2024,Nasr City,LP04,1,76761.0,0.0,Visa/Mastercard,C1761
ORD-001535,02/04/2024,Nasr City,AX11,4,407.0,0.0,VF Cash,C1697
ORD-001556,03/04/2024,Mansoura,SP07,1,,0.05,Cash,C1235
ORD-001549,03/04/2024,6th of October,KA07,1,18784.0,0.0,cash,C0187
ORD-001550,03/04/2024,Maadi,AX06,2,1126.0,0.0,Cash,C0904
ORD-001551,03/04/2024,6th of October,AC03,1,25629.0,0.0,Valu/Installments,C1619
ORD-001552,03/04/2024,Heliopolis,SP08,1,45442.0,0.1,Visa/Mastercard,C2455
ORD-001553,03/04/2024,Maadi,AX03,3,540.0,0.0,Cash,C0225
ORD-001554,03/04/2024,Miami,KA06,2,12321.0,0.05,installments,C0032
ORD-001555,03/04/2024,Miami,SP08,1,44198.0,0.0,Credit Card,C0838
ORD-001557,03/04/2024,Heliopolis,TV03,1,14200.0,0.0,Installments,C0866
ORD-001558,03/04/2024,Dokki,AX07,5,760.0,0.1,Mobile Wallet,C0563
ORD-001559,03/04/2024,Smouha,AC05,1,38238.0,0.0,Cash,C1047
ORD-001576,04/04/2024,Heliopolis,AU02,2,9086.0,0.0,Visa/Mastercard,C0174
ORD-001560,04/04/2024,Maadi,AX12,5,888.0,0.0,Credit Card,C1186
ORD-001561,04/04/2024,Dokki,AX06,4,1151.0,0.1,credit card,C1344
ORD-001575,04/04/2024,Mansoura,AC01,1,32801.0,0.0,installments,C1627
ORD-001562,04/04/2024,Dokki,TV01,1,31699.0,0.0,CASH,C0492
ORD-001564,04/04/2024,Miami,SP02,1,53540.0,0.05,Installments,C2038
ORD-001565,04/04/2024,Mansoura,SP01,1,16613.0,0.0,installments,C1764
ORD-001566,04/04/2024,Mansoura,SP04,1,11674.0,0.05,Cash,C0720
ORD-001567,04/04/2024,Nasr City,AX02,3,344.0,0.0,Mobile Wallet,C0530
ORD-001568,04/04/2024,Miami,TV05,1,23830.0,0.05,credit card,C1558
ORD-001570,04/04/2024,6th of October,AU04,0,1487.0,0.05,Credit Card,C0943
ORD-001571,04/04/2024,Maadi,KA04,1,24025.0,0.05,Installments,C2050
ORD-001572,04/04/2024,Dokki,TV03,1,14340.0,0.1,Mobile Wallet,C2289
ORD-001573,04/04/2024,Maadi,LP04,1,77284.0,0.05,Installments,C1451
ORD-001574,04/04/2024,Dokki,SP06,1,,0.0,CASH,C0296
ORD-001563,04/04/2024,Smouha,SP02,1,53464.0,0.0,Installments,C0032
ORD-001569,04/04/2024,Nasr City,KA04,1,25135.0,0.0,credit card,C2182
RET-000081,05/04/2024,Smouha,AX03,-5,546.0,0.0,CASH,C0472
RET-000083,05/04/2024,Mansoura,AC01,-1,33713.0,0.0,Credit Card,C1283
ORD-001588,05/04/2024,Smouha,AX03,5,546.0,0.0,CASH,C0472
ORD-001590,05/04/2024,Heliopolis,TV02,1,26611.0,0.0,Mobile Wallet,C0086
ORD-001596,05/04/2024,Dokki,TV05,1,24251.0,0.05,CASH,C1789
ORD-001595,05/04/2024,Maadi,KA03,1,6877.0,0.0,Cash,C0361
ORD-001594,05/04/2024,Nasr City,AX12,3,921.0,0.0,VF Cash,C1483
ORD-001593,05/04/2024,Maadi,AU03,1,13483.0,0.0,credit card,C1885
ORD-001592,05/04/2024,Maadi,AC05,1,39415.0,0.0,CASH,C0704
ORD-001591,05/04/2024,Miami,KA04,1,23996.0,0.1,installments,C1331
ORD-001589,05/04/2024,6th of October,AX02,1,355.0,0.1,CASH,C1660
ORD-001587,05/04/2024,Nasr City,AU05,1,3230.0,0.05,CASH,C1186
ORD-001586,05/04/2024,Mansoura,KA05,1,9660.0,0.0,Valu/Installments,C1711
ORD-001584,05/04/2024,MAADI,LP01,1,28187.0,0.0,mobile wallet,C2349
ORD-001583,05/04/2024,nasr city,AU01,1,6641.0,0.05,cash,C1759
ORD-001582,05/04/2024,6th of October,AC01,1,34476.0,0.05,installments,C2359
ORD-001581,05/04/2024,Mansoura,AC01,1,33713.0,0.0,Credit Card,C1283
ORD-001580,05/04/2024,Dokki,TV01,1,31640.0,0.0,Installments,C0319
ORD-001579,05/04/2024,Mansoura,SP04,1,11353.0,0.0,Visa/Mastercard,C1884
ORD-001578,05/04/2024,6th of October,AU03,2,13804.0,0.0,CASH,C0077
ORD-001577,05/04/2024,Smouha,AX11,1,400.0,0.0,Visa/Mastercard,C1787
ORD-001585,05/04/2024,Nasr City,TV06,1,91470.0,0.1,Valu/Installments,C1657
ORD-001601,06/04/2024,6th of October,TB01,1,24870.0,0.1,installments,C2413
ORD-001603,06/04/2024,Dokki,LP03,1,31593.0,0.1,Valu/Installments,C2147
ORD-001600,06/04/2024,Miami,SP03,1,57812.0,0.0,Valu/Installments,C1785
ORD-001606,06/04/2024,6th of October,AU05,1,3150.0,0.15,mobile wallet,C1271
ORD-001598,06/04/2024,Smouha,KA04,2,24579.0,0.0,Valu/Installments,C0997
ORD-001597,06/04/2024,Maadi,AX01,4,950.0,0.0,Credit Card,C0434
ORD-001604,06/04/2024,Heliopolis,AX01,4,,0.05,Valu/Installments,C0323
ORD-001599,06/04/2024,Maadi,AU01,2,6605.0,0.1,CASH,
ORD-001605,06/04/2024,Nasr City,KA07,2,18368.0,0.1,Visa/Mastercard,C1622
ORD-001602,06/04/2024,MIAMI,AX08,4,1366.0,0.1,VF Cash,C1641
ORD-001607,06/04/2024,6th of October,AX02,2,356.0,0.0,credit card,C1391
ORD-001608,06/04/2024,Maadi,AX12,2,911.0,0.0,Cash,C0908
ORD-001616,07/04/2024,Nasr City,TV01,1,31540.0,0.0,cash,C0795
ORD-001621,07/04/2024,Dokki,LP06,1,22386.0,0.0,credit card,C0422
ORD-001620,07/04/2024,Mansoura,AX11,3,405.0,0.0,installments,C0968
ORD-001619,07/04/2024,Maadi,KA07,1,18989.0,0.1,credit card,C0605
ORD-001618,07/04/2024,Heliopolis,AC04,1,59759.0,0.05,Installments,C1439
ORD-001617,07/04/2024,Miami,TV03,1,14258.0,0.0,Valu/Installments,C1432
ORD-001624,07/04/2024,Smouha,KA06,2,12753.0,0.15,mobile wallet,C0809
ORD-001615,07/04/2024,Nasr City,SP07,1,14497.0,0.05,credit card,C2089
ORD-001625,07/04/2024,Dokki,AX02,3,341.0,0.0,Visa/Mastercard,C0711
ORD-001614,07/04/2024,Maadi,AC01,1,33660.0,0.0,credit card,C2174
ORD-001613,07/04/2024,Smouha,AU05,2,3242.0,0.0,Visa/Mastercard,C0468
ORD-001611,07/04/2024,Nasr City,TV03,1,14892.0,0.0,CASH,C0313
ORD-001622,07/04/2024,Miami,TV05,1,24590.0,0.1,Visa/Mastercard,C0600
ORD-001610,07/04/2024,Dokki,AX06,4,1175.0,0.0,Valu/Installments,C0689
ORD-001609,07/04/2024,Smouha,TB03,1,9487.0,0.0,Valu/Installments,C1365
ORD-001626,07/04/2024,Maadi,KA04,2,24994.0,0.15,installments,C2468
ORD-001627,07/04/2024,Miami,LP06,1,21754.0,0.0,mobile wallet,C0627
ORD-001628,07/04/2024,Mansoura,SP07,1,14724.0,0.05,Cash,C0309
ORD-001612,07/04/2024,Nasr City,SP03,1,56976.0,0.0,Credit Card,C2091
ORD-001623,07/04/2024,Smouha,AX01,1,957.0,0.0,cash,C1049
ORD-001634,08/04/2024,6th of October,LP02,1,40934.0,0.0,Installments,C2374
ORD-001629,08/04/2024,Maadi,AX04,1,254.0,0.1,credit card,C0726
ORD-001632,08/04/2024,Miami,TB03,1,9563.0,0.0,Cash,C1901
ORD-001631,08/04/2024,Heliopolis ,LP02,1,43121.0,0.0,cash,
ORD-001635,08/04/2024,Mansoura,AX10,3,463.0,0.0,VF Cash,C1839
ORD-001633,08/04/2024,Heliopolis,AU04,1,1485.0,0.05,Visa/Mastercard,C2310
ORD-001642,08/04/2024,Nasr City,SP04,1,11727.0,0.1,Credit Card,C0280
ORD-001641,08/04/2024,maadi,LP03,1,31867.0,0.1,Installments,
ORD-001640,08/04/2024,6th of October,AU01,2,6512.0,0.0,installments,C1802
ORD-001639,08/04/2024,Maadi,TV04,1,39856.0,0.05,VF Cash,C0619
ORD-001638,08/04/2024,Nasr City,KA07,2,18674.0,0.0,installments,C1295
ORD-001637,08/04/2024,Maadi,AX03,3,553.0,0.0,installments,C1324
ORD-001636,08/04/2024,Maadi,KA05,1,9944.0,0.0,cash,C2313
RET-000020,08/04/2024,Nasr City,KA07,-2,18674.0,0.0,installments,C1295
ORD-001630,08/04/2024,Maadi,AX04,4,247.0,0.0,Installments,C2024
ORD-001651,09/04/2024,Smouha,AC02,1,47679.0,0.0,Installments,C0304
ORD-001654,09/04/2024,6th of October,TV05,1,24293.0,0.0,Valu/Installments,C1852
ORD-001643,09/04/2024,Maadi,SP08,1,46043.0,0.0,Cash,C1921
ORD-001644,09/04/2024,Mansoura,AX05,3,2518.0,0.05,credit card,C1812
ORD-001645,09/04/2024,6th of October,TV04,1,41680.0,0.0,installments,C1241
ORD-001646,09/04/2024,Mansoura,SP04,1,11271.0,0.0,Credit Card,C1126
ORD-001647,09/04/2024,Maadi ,AU04,2,1411.0,0.0,Credit Card,C2423
ORD-001648,09/04/2024,Smouha,AC02,1,47598.0,0.0,installments,C0231
ORD-001658,09/04/2024,Miami,AU05,1,3157.0,0.0,CASH,C1511
ORD-001657,09/04/2024,Nasr City,LP03,1,,0.0,credit card,
ORD-001656,09/04/2024,Smouha,TV06,1,90428.0,0.0,credit card,C0234
ORD-001655,09/04/2024,6th of October,AX06,3,1134.0,0.05,Credit Card,C0155
ORD-001649,09/04/2024,Smouha,SP01,1,16894.0,0.0,Installments,C1442
ORD-001653,09/04/2024,Miami,LP04,1,78928.0,0.0,Visa/Mastercard,C1892
ORD-001652,09/04/2024,nasr city,SP08,1,45539.0,0.1,installments,C1272
ORD-001650,09/04/2024,Maadi,AU05,1,3104.0,0.15,CASH,C2079
ORD-001666,10/04/2024,Heliopolis,SP01,1,16810.0,0.0,credit card,
ORD-001659,10/04/2024,Smouha,AX01,5,937.0,0.0,Installments,C1176
ORD-001660,10/04/2024,Nasr City ,AX12,1,921.0,0.0,credit card,C0315
ORD-001661,10/04/2024,6th of October,AX04,5,257.0,0.0,Visa/Mastercard,C0370
ORD-001662,10/04/2024,Nasr City,SP06,1,9870.0,0.0,cash,C2434
ORD-001663,10/04/2024,6th of October,AX05,4,2409.0,0.0,CASH,C2077
ORD-001664,10/04/2024,Heliopolis,AX05,4,2429.0,0.0,Valu/Installments,C1575
ORD-001667,10/04/2024,Nasr City,TV04,1,42058.0,0.0,installments,C2378
ORD-001665,10/04/2024,6TH OF OCTOBER,AX06,1,1154.0,0.0,Cash,C1896
ORD-001683,11/04/2024,Heliopolis,AX09,4,1815.0,0.0,Credit Card,C0346
ORD-001676,11/04/2024,Smouha,AX02,3,,0.0,credit card,C2054
ORD-001668,11/04/2024,Heliopolis,AX06,5,1138.0,0.0,Cash,C2271
ORD-001681,11/04/2024,6th of October,AX10,5,460.0,0.0,installments,C0424
ORD-001682,11/04/2024,Mansoura,LP05,1,36066.0,0.0,installments,C1407
ORD-001684,11/04/2024,6th of October,SP07,1,14238.0,0.05,cash,C2067
ORD-001678,11/04/2024,Nasr City,KA01,2,4095.0,0.0,Valu/Installments,C0254
ORD-001677,11/04/2024,Smouha,SP07,1,14314.0,0.0,Valu/Installments,C0618
ORD-001680,11/04/2024,Nasr City,LP01,1,27979.0,0.0,credit card,C1846
ORD-001679,11/04/2024,Smouha,KA03,2,6805.0,0.05,Visa/Mastercard,
ORD-001674,11/04/2024,Maadi,SP08,1,45299.0,0.0,Installments,C2479
ORD-001673,11/04/2024,Nasr City,TV02,1,26249.0,0.0,installments,C1317
ORD-001672,11/04/2024,Miami,AU01,2,6651.0,0.0,Cash,C0772
ORD-001671,11/04/2024,Mansoura,SP02,1,51059.0,0.0,mobile wallet,C2342
ORD-001670,11/04/2024,Heliopolis,AX10,1,454.0,0.0,Installments,C1843
ORD-001669,11/04/2024,Nasr City,SP02,1,51304.0,0.0,Credit Card,C0169
ORD-001675,11/04/2024,Smouha,AU04,2,1447.0,0.0,CASH,C1949
ORD-001698,12/04/2024,Nasr City,AU01,2,,0.0,mobile wallet,C1587
ORD-001696,12/04/2024,Nasr City,AU01,2,6507.0,0.05,credit card,C1528
ORD-001686,12/04/2024,Miami,LP03,1,31415.0,0.0,CASH,C0707
ORD-001687,12/04/2024,Mansoura,KA06,1,12288.0,0.0,VF Cash,C0161
ORD-001688,12/04/2024,Smouha,KA01,1,4272.0,0.0,Visa/Mastercard,C1015
ORD-001689,12/04/2024,Miami,TV06,1,88813.0,0.0,installments,C1794
ORD-001690,12/04/2024,Miami,AX04,3,247.0,0.0,CASH,C1800
ORD-001691,12/04/2024,Dokki,AU05,1,3143.0,0.0,CASH,C2147
ORD-001692,12/04/2024,Heliopolis,AX08,3,1334.0,0.0,cash,C2142
ORD-001693,12/04/2024,Mansoura,SP06,1,9872.0,0.0,mobile wallet,C2498
ORD-001694,12/04/2024,Miami,AX05,3,2459.0,0.0,mobile wallet,C0651
ORD-001685,12/04/2024,Mansoura,LP02,1,42401.0,0.05,VF Cash,
ORD-001695,12/04/2024,Smouha,KA02,1,3669.0,0.0,Cash,C1491
ORD-001697,12/04/2024,Miami,SP01,1,16101.0,0.0,Mobile Wallet,C1159
ORD-001712,13/04/2024,Nasr City,AX12,2,904.0,0.0,Visa/Mastercard,C2469
ORD-001701,13/04/2024,Dokki,TB01,1,23967.0,0.0,Valu/Installments,C2449
ORD-001702,13/04/2024,6th of October,AU01,1,6399.0,0.0,Cash,C0215
ORD-001703,13/04/2024,Nasr City,SP05,1,19430.0,0.05,Credit Card,C1371
ORD-001704,13/04/2024,Mansoura,AX10,3,448.0,0.0,installments,C0270
ORD-001705,13/04/2024,Nasr City,AX11,3,391.0,0.0,Mobile Wallet,C1351
ORD-001706,13/04/2024,Miami ,KA03,2,6742.0,0.0,VF Cash,C0388
ORD-001707,13/04/2024,Nasr City,SP02,1,52318.0,0.0,Credit Card,C2286
ORD-001708,13/04/2024,Smouha,AU05,1,3185.0,0.0,Cash,C1584
ORD-001709,13/04/2024,Maadi,SP06,1,9962.0,0.0,Mobile Wallet,C1164
ORD-001710,13/04/2024,Miami,AC02,1,45398.0,0.0,Credit Card,C1033
ORD-001711,13/04/2024,Maadi,TV03,1,14787.0,0.0,Installments,
ORD-001700,13/04/2024,Nasr City,SP06,1,9750.0,0.0,credit card,C1386
ORD-001699,13/04/2024,Maadi,AU03,2,13283.0,0.0,Credit Card,C1675
ORD-001714,13/04/2024,Smouha,TV02,1,26215.0,0.0,Credit Card,C1366
ORD-001715,13/04/2024,Nasr City,AX09,3,1875.0,0.0,CASH,C0334
ORD-001716,13/04/2024,Smouha,KA05,2,9558.0,0.0,CASH,C2387
ORD-001713,13/04/2024,Nasr City,KA02,1,3585.0,0.0,VF Cash,C0616
ORD-001726,14/04/2024,Miami,AX06,1,1136.0,0.0,Visa/Mastercard,C1543
ORD-001717,14/04/2024,Smouha,AX07,4,766.0,0.0,Installments,C0580
ORD-001718,14/04/2024,Mansoura,SP02,1,51006.0,0.0,Installments,C1433
ORD-001719,14/04/2024,Heliopolis,AX07,2,732.0,0.0,mobile wallet,C1271
ORD-001720,14/04/2024,Maadi,AX08,3,1345.0,0.0,cash,C1606
ORD-001721,14/04/2024,Mansoura,AC01,1,34232.0,0.05,Visa/Mastercard,C0529
ORD-001722,14/04/2024,Smouha,AX05,3,2414.0,0.0,Visa/Mastercard,C2438
ORD-001727,14/04/2024,Miami,AX03,3,548.0,0.05,Installments,C1346
ORD-001723,14/04/2024,Dokki,LP04,1,79620.0,0.05,Valu/Installments,C0348
ORD-001724,14/04/2024,Maadi,AX09,1,1851.0,0.0,Installments,C1269
ORD-001728,14/04/2024,6th of October,AU05,2,3224.0,0.0,CASH,C0524
ORD-001725,14/04/2024,Smouha,AX10,5,459.0,0.0,Credit Card,C2290
ORD-001730,14/04/2024,6th of October,LP03,1,31137.0,0.0,Valu/Installments,C0383
ORD-001731,14/04/2024,Heliopolis,AU05,1,3247.0,0.05,Credit Card,C1735
ORD-001732,14/04/2024,Dokki,AX03,5,546.0,0.0,Installments,
ORD-001729,14/04/2024,Smouha,TV01,1,31322.0,0.0,Visa/Mastercard,C2157
ORD-001742,15/04/2024,Mansoura,SP04,1,11562.0,0.0,Cash,C1400
ORD-001741,15/04/2024,Heliopolis,LP04,1,77195.0,0.0,Credit Card,C0878
ORD-001743,15/04/2024,Heliopolis,AU01,2,6640.0,0.0,mobile wallet,C1992
ORD-001738,15/04/2024,Maadi,KA03,1,6675.0,0.0,Cash,C1266
ORD-001744,15/04/2024,Smouha,TB02,1,13461.0,0.0,mobile wallet,C0787
ORD-001745,15/04/2024,Smouha,AX12,5,902.0,0.0,cash,C0928
ORD-001737,15/04/2024,6th of October,AX10,2,446.0,0.0,CASH,C1486
ORD-001740,15/04/2024,Dokki,AX04,4,252.0,0.0,Visa/Mastercard,
ORD-001736,15/04/2024,Mansoura,AX04,2,257.0,0.05,Installments,C0075
ORD-001735,15/04/2024,Smouha,AC01,1,33622.0,0.0,Cash,C1483
ORD-001734,15/04/2024,Maadi,AX09,1,1883.0,0.0,Credit Card,
ORD-001733,15/04/2024,Heliopolis,AU05,1,3198.0,0.0,VF Cash,C2083
ORD-001746,15/04/2024,Miami,AU04,2,1429.0,0.0,Cash,C0564
ORD-001739,15/04/2024,Smouha,AC05,1,37473.0,0.0,credit card,C0739
ORD-001758,16/04/2024,Nasr City,AU01,1,6311.0,0.0,Cash,C1544
ORD-001747,16/04/2024,6th of October,AX02,1,360.0,0.0,Installments,C0635
ORD-001748,16/04/2024,6th of October,SP05,1,19095.0,0.0,CASH,C0317
ORD-001749,16/04/2024,Smouha,LP03,1,30386.0,0.0,Installments,C1212
ORD-001750,16/04/2024,Heliopolis,SP01,1,16114.0,0.05,cash,C0415
ORD-001751,16/04/2024,Nasr City,AU01,2,6649.0,0.0,VF Cash,C2080
ORD-001752,16/04/2024,Nasr City,AX12,2,884.0,0.0,Valu/Installments,C2211
ORD-001753,16/04/2024,Maadi,AX07,1,760.0,0.0,Valu/Installments,C2157
ORD-001754,16/04/2024,Nasr City,AX03,2,540.0,0.0,Cash,C0155
ORD-001757,16/04/2024,Nasr City,AX03,2,543.0,0.0,Visa/Mastercard,C2447
ORD-001755,16/04/2024,Maadi,AX08,4,1333.0,0.0,installments,C1380
ORD-001756,16/04/2024,Dokki,AX05,2,2443.0,0.0,Mobile Wallet,C0537
ORD-001759,16/04/2024,Heliopolis,AX02,4,350.0,0.0,Credit Card,C0632
ORD-001760,16/04/2024,HELIOPOLIS,LP02,1,42993.0,0.0,cash,C0665
ORD-001761,16/04/2024,Heliopolis,AU03,1,13776.0,0.0,Credit Card,C0741
ORD-001762,16/04/2024,Miami,AU05,2,3161.0,0.0,Cash,C0679
ORD-001763,16/04/2024,Smouha,TV03,1,14372.0,0.0,Cash,C1793
ORD-001764,16/04/2024,Miami,SP03,1,57037.0,0.0,installments,C0179
ORD-001771,17/04/2024,Smouha,TB01,1,24271.0,0.0,Visa/Mastercard,C0959
ORD-001776,17/04/2024,Nasr City ,AX01,2,956.0,0.0,Installments,C1922
ORD-001775,17/04/2024,Dokki,TV05,1,23439.0,0.0,Cash,C1268
ORD-001774,17/04/2024,Nasr City,SP07,1,14259.0,0.0,Credit Card,C0980
ORD-001773,17/04/2024,Dokki,AU02,1,9047.0,0.05,mobile wallet,
ORD-001772,17/04/2024,Maadi,AU04,2,1416.0,0.0,Valu/Installments,C2188
ORD-001768,17/04/2024,Maadi,SP05,1,19687.0,0.0,Credit Card,C1820
ORD-001769,17/04/2024,Mansoura,AX07,1,763.0,0.0,Credit Card,C1168
ORD-001767,17/04/2024,Nasr City,AX04,4,254.0,0.0,Cash,C0973
ORD-001766,17/04/2024,Maadi,LP06,1,22076.0,0.0,Visa/Mastercard,C1493
ORD-001765,17/04/2024,Dokki,LP06,1,22426.0,0.0,Valu/Installments,C1683
ORD-001770,17/04/2024,Heliopolis,AC02,1,46514.0,0.0,installments,C1839
ORD-001782,18/04/2024,Dokki,SP02,1,52277.0,0.0,credit card,C1155
ORD-001781,18/04/2024,Miami,KA08,1,5547.0,0.0,CASH,C1892
ORD-001780,18/04/2024,Smouha,SP01,1,16426.0,0.0,credit card,C1805
ORD-001788,18/04/2024,6th of October,SP05,1,19075.0,0.0,Credit Card,
ORD-001778,18/04/2024,Mansoura,LP03,1,31551.0,0.0,Installments,C1507
ORD-001777,18/04/2024,Heliopolis,AU01,2,6423.0,0.0,CASH,C0795
ORD-001783,18/04/2024,Miami,LP05,1,35614.0,0.0,installments,C1565
ORD-001779,18/04/2024,6th of October,AX08,5,1323.0,0.0,credit card,C2337
ORD-001787,18/04/2024,Nasr City,AU05,1,3119.0,0.0,mobile wallet,C1715
ORD-001784,18/04/2024,6th of October,AU03,2,13561.0,0.0,Visa/Mastercard,
ORD-001785,18/04/2024,Nasr City,AX03,4,564.0,0.0,mobile wallet,C2060
ORD-001789,18/04/2024,Dokki,AU03,1,13124.0,0.0,mobile wallet,C0664
ORD-001790,18/04/2024,Smouha,SP07,1,14549.0,0.0,CASH,C0818
ORD-001791,18/04/2024,Nasr City,AC01,1,33521.0,0.05,Installments,C2477
ORD-001792,18/04/2024,Heliopolis,TV04,1,41961.0,0.0,credit card,
ORD-001793,18/04/2024,Dokki,AU02,2,8807.0,0.0,Visa/Mastercard,C0567
ORD-001794,18/04/2024,Smouha,AX02,4,345.0,0.0,Credit Card,C1025
ORD-001795,18/04/2024,Nasr City,AX02,1,350.0,0.0,Credit Card,C0214
ORD-001796,18/04/2024,Smouha,AX04,2,243.0,0.0,Cash,C1969
ORD-001797,18/04/2024,Mansoura,AU02,1,8976.0,0.0,VF Cash,C1521
ORD-001786,18/04/2024,Nasr City,TB02,1,13866.0,0.0,mobile wallet,C2161
ORD-001802,19/04/2024,Miami,AU05,1,3220.0,0.0,Cash,C1168
ORD-001812,19/04/2024,Maadi,KA01,1,4254.0,0.0,Valu/Installments,C0376
ORD-001811,19/04/2024,6th of October,AC05,1,38701.0,0.0,Credit Card,
ORD-001810,19/04/2024,Mansoura,SP01,1,16122.0,0.0,VF Cash,
ORD-001809,19/04/2024,Maadi,KA01,2,4147.0,0.05,installments,C1792
ORD-001808,19/04/2024,Dokki,KA01,1,4144.0,0.0,VF Cash,C0604
ORD-001807,19/04/2024,Heliopolis,KA01,1,4204.0,0.0,CASH,C2103
ORD-001803,19/04/2024,Dokki,AX10,5,445.0,0.0,mobile wallet,C0344
ORD-001806,19/04/2024,Mansoura,SP05,1,19493.0,0.0,credit card,C1841
ORD-001804,19/04/2024,Miami,SP01,1,16749.0,0.0,CASH,C0657
ORD-001798,19/04/2024,MIAMI,SP06,1,9821.0,0.0,cash,C2272
RET-000005,19/04/2024,Mansoura,AX05,-3,2456.0,0.0,VF Cash,C1118
ORD-001799,19/04/2024,Smouha,AX09,4,1840.0,0.05,Mobile Wallet,C0421
RET-000015,19/04/2024,Miami,SP01,-1,16749.0,0.0,CASH,C0657
ORD-001801,19/04/2024,Smouha,AX09,3,1863.0,0.0,Installments,C0511
ORD-001805,19/04/2024,Mansoura,AX05,3,2456.0,0.0,VF Cash,C1118
ORD-001800,19/04/2024,Heliopolis,TB01,1,25196.0,0.0,CASH,C2114
ORD-001829,20/04/2024,6th of October,KA05,1,10068.0,0.0,Cash,C1306
ORD-001814,20/04/2024,Miami,SP04,1,11193.0,0.0,Credit Card,C1848
ORD-001833,20/04/2024,Mansoura,TV02,1,26594.0,0.0,CASH,C0564
ORD-001832,20/04/2024,Mansoura,AX04,1,247.0,0.0,mobile wallet,C0599
ORD-001831,20/04/2024,Heliopolis,TB02,1,13714.0,0.0,CASH,C1374
ORD-001830,20/04/2024,NASR CITY,AC03,1,26226.0,0.0,Valu/Installments,C0406
ORD-001828,20/04/2024,Nasr City,AU05,2,3270.0,0.0,mobile wallet,C0116
ORD-001827,20/04/2024,Smouha,AX11,1,408.0,0.0,Cash,
ORD-001825,20/04/2024,Heliopolis,SP07,1,14492.0,0.0,CASH,C1536
ORD-001824,20/04/2024,Nasr City,TV03,1,14613.0,0.0,Mobile Wallet,C0335
ORD-001823,20/04/2024,Maadi,TB02,1,13763.0,0.0,credit card,C1582
ORD-001826,20/04/2024,Nasr City,AU04,1,1439.0,0.0,Installments,C0920
ORD-001821,20/04/2024,Smouha,SP03,1,56433.0,0.0,installments,C1532
ORD-001820,20/04/2024,Smouha,SP06,1,10087.0,0.0,Valu/Installments,C2057
ORD-001819,20/04/2024,Mansoura,AX06,4,1133.0,0.0,credit card,C1624
ORD-001818,20/04/2024,Smouha,KA07,2,18421.0,0.0,Installments,C0219
ORD-001817,20/04/2024,Maadi,AX10,5,437.0,0.0,cash,C1700
ORD-001816,20/04/2024,Dokki,AU02,1,8962.0,0.0,installments,C0110
ORD-001815,20/04/2024,Nasr City,AX08,3,1343.0,0.05,mobile wallet,C1432
ORD-001813,20/04/2024,Smouha,SP03,1,58759.0,0.0,credit card,C0910
ORD-001822,20/04/2024,nasr city,AU03,2,13625.0,0.0,Valu/Installments,C0966
ORD-001839,21/04/2024,Heliopolis,SP01,1,16705.0,0.0,CASH,C0569
ORD-001834,21/04/2024,Dokki,KA08,2,5390.0,0.0,CASH,
ORD-001835,21/04/2024,Smouha,SP04,1,11336.0,0.0,Mobile Wallet,
ORD-001836,21/04/2024,Heliopolis,AX05,2,2464.0,0.0,Credit Card,C0157
ORD-001837,21/04/2024,Smouha,KA06,2,12399.0,0.0,CASH,C1176
ORD-001838,21/04/2024,Heliopolis,KA04,2,24283.0,0.0,Valu/Installments,C1936
ORD-001840,21/04/2024,Smouha,AX06,5,,0.0,Credit Card,C1922
ORD-001845,21/04/2024,Mansoura,LP06,1,21378.0,0.05,Credit Card,C1049
ORD-001842,21/04/2024,Mansoura,KA05,2,9665.0,0.0,Credit Card,C0022
ORD-001846,21/04/2024,Smouha,KA07,1,18331.0,0.0,CASH,C0884
ORD-001847,21/04/2024,Miami,AX01,5,939.0,0.05,credit card,C0613
ORD-001848,21/04/2024,Mansoura,LP05,1,36457.0,0.0,credit card,C2248
ORD-001849,21/04/2024,Smouha,KA04,1,24303.0,0.0,Credit Card,C2494
ORD-001850,21/04/2024,Miami,AX11,5,401.0,0.0,Installments,C2162
ORD-001844,21/04/2024,Smouha,AX12,5,900.0,0.0,credit card,C0078
ORD-001841,21/04/2024,Nasr City,TV03,1,14292.0,0.0,Cash,C1838
ORD-001843,21/04/2024,Mansoura,AX12,4,897.0,0.0,mobile wallet,C0325
ORD-001863,22/04/2024,Heliopolis,KA01,2,4282.0,0.0,credit card,C0455
ORD-001869,22/04/2024,Mansoura,AX07,1,757.0,0.0,Cash,C2111
ORD-001868,22/04/2024,Mansoura,AX05,1,2516.0,0.0,Visa/Mastercard,C0068
ORD-001867,22/04/2024,Nasr City,LP01,1,28705.0,0.0,Installments,C2196
ORD-001866,22/04/2024,Maadi,KA04,2,24337.0,0.0,Cash,C2445
ORD-001851,22/04/2024,Mansoura,SP07,1,14229.0,0.0,VF Cash,C1734
ORD-001852,22/04/2024,Dokki,SP08,1,45983.0,0.0,credit card,C0456
ORD-001853,22/04/2024,Heliopolis,LP06,1,22586.0,0.0,Visa/Mastercard,C1181
ORD-001854,22/04/2024,Heliopolis,SP06,1,9623.0,0.0,CASH,C0974
ORD-001855,22/04/2024,Dokki,KA06,1,12315.0,0.0,Valu/Installments,C1234
ORD-001856,22/04/2024,Heliopolis,AU01,1,6338.0,0.0,Visa/Mastercard,C0500
ORD-001857,22/04/2024,Miami,SP01,1,16408.0,0.0,Valu/Installments,C0196
ORD-001865,22/04/2024,Dokki,SP07,1,14894.0,0.0,installments,
ORD-001859,22/04/2024,6th of October,AX08,5,1324.0,0.0,CASH,C0977
ORD-001860,22/04/2024,6th of October,AU05,1,3140.0,0.0,Cash,C1720
ORD-001861,22/04/2024,Smouha,AU05,2,3287.0,0.0,credit card,C1873
ORD-001862,22/04/2024,Heliopolis,SP06,1,9922.0,0.0,Visa/Mastercard,C0258
ORD-001864,22/04/2024,Heliopolis,AX02,1,357.0,0.0,Credit Card,C2048
ORD-001858,22/04/2024,Heliopolis,AX12,3,913.0,0.0,CASH,
ORD-001881,23/04/2024,Miami,LP02,1,41499.0,0.05,Credit Card,C0351
ORD-001885,23/04/2024,Smouha,KA02,1,3656.0,0.0,Installments,C2155
ORD-001888,23/04/2024,Mansoura,LP01,1,28432.0,0.0,VF Cash,C2080
ORD-001887,23/04/2024,Nasr City,TV02,1,25905.0,0.05,Installments,C2079
ORD-001886,23/04/2024,Dokki,AX12,3,880.0,0.0,VF Cash,C2229
ORD-001884,23/04/2024,Mansoura,TB01,1,24966.0,0.0,Mobile Wallet,C0278
ORD-001883,23/04/2024,Mansoura,KA06,2,12179.0,0.0,Credit Card,C1478
ORD-001882,23/04/2024,Nasr City,KA02,2,3536.0,0.0,credit card,C2145
ORD-001879,23/04/2024,dokki,AX11,3,396.0,0.0,Credit Card,C1707
ORD-001878,23/04/2024,Maadi,SP02,1,51302.0,0.0,installments,C2338
ORD-001880,23/04/2024,Maadi,KA05,1,9669.0,0.0,Visa/Mastercard,C0768
ORD-001876,23/04/2024,Miami,AX07,5,733.0,0.0,Credit Card,C1446
ORD-001875,23/04/2024,Nasr City,KA04,2,24699.0,0.0,Cash,C0007
ORD-001874,23/04/2024,Smouha,AU02,1,8813.0,0.0,credit card,C1759
ORD-001873,23/04/2024,Dokki,AX07,5,759.0,0.0,Valu/Installments,C1194
ORD-001872,23/04/2024,Maadi,LP03,1,30881.0,0.0,Valu/Installments,C0589
ORD-001871,23/04/2024,Heliopolis,TB04,1,17426.0,0.0,cash,C0991
ORD-001870,23/04/2024,Dokki,AX05,4,2445.0,0.0,CASH,C2356
ORD-001877,23/04/2024,Smouha,TV01,1,32233.0,0.05,Credit Card,C0986
ORD-001895,24/04/2024,Dokki,AU01,1,,0.0,Mobile Wallet,C1530
ORD-001899,24/04/2024,Dokki,LP04,1,76011.0,0.05,Mobile Wallet,C1463
ORD-001898,24/04/2024,Dokki,KA04,1,25017.0,0.0,installments,
ORD-001897,24/04/2024,Nasr City,TB02,1,13230.0,0.0,mobile wallet,C0067
ORD-001894,24/04/2024,mansoura,AX03,2,566.0,0.0,cash,C1585
ORD-001902,24/04/2024,Dokki,LP02,1,42655.0,0.0,installments,C0988
ORD-001892,24/04/2024,Mansoura,TV04,1,40700.0,0.0,Credit Card,C1926
ORD-001891,24/04/2024,Maadi,TB02,1,13213.0,0.05,CASH,C1600
ORD-001890,24/04/2024,Smouha,LP01,1,27811.0,0.0,installments,C0084
ORD-001889,24/04/2024,Miami,LP02,1,41877.0,0.0,cash,C2270
ORD-001900,24/04/2024,Mansoura,TV06,1,88517.0,0.0,Credit Card,C0277
ORD-001893,24/04/2024,Miami,AX06,3,1167.0,0.0,Mobile Wallet,C0179
ORD-001901,24/04/2024,Dokki,TV01,1,32821.0,0.0,Visa/Mastercard,C1413
ORD-001896,24/04/2024,Heliopolis,SP01,1,16727.0,0.0,VF Cash,C1039
ORD-001909,24/04/2024,Heliopolis,SP08,1,44642.0,0.0,cash,C2237
ORD-001904,24/04/2024,Smouha,SP02,1,53253.0,0.05,installments,C2384
ORD-001905,24/04/2024,Nasr City,AX02,2,341.0,0.0,credit card,C1362
ORD-001906,24/04/2024,Nasr City,AX07,3,729.0,0.0,Valu/Installments,C0547
ORD-001907,24/04/2024,Mansoura,AX11,2,393.0,0.0,cash,C0182
ORD-001908,24/04/2024,Smouha,TV06,1,87599.0,0.0,CASH,C1444
ORD-001903,24/04/2024,Dokki,TB03,1,9645.0,0.0,Cash,C0425
ORD-001910,25/04/2024,Smouha,KA02,1,3635.0,0.05,VF Cash,C1387
ORD-001911,25/04/2024,Nasr City,SP02,1,50934.0,0.05,Cash,C0718
ORD-001912,25/04/2024,Mansoura,AX07,1,746.0,0.0,Cash,C1904
ORD-001913,25/04/2024,Maadi,AX07,5,765.0,0.0,Cash,C1961
ORD-001914,25/04/2024,Dokki,SP07,1,14420.0,0.0,Visa/Mastercard,C0747
ORD-001915,25/04/2024,Mansoura,TB03,1,9595.0,0.0,mobile wallet,C0553
ORD-001917,25/04/2024,Mansoura,AC03,1,25643.0,0.0,credit card,C1875
ORD-001916,25/04/2024,Dokki,AX09,5,1807.0,0.0,Credit Card,C0259
ORD-001919,25/04/2024,Miami,AC04,1,57365.0,0.0,Installments,C1202
ORD-001921,25/04/2024,Nasr City,KA04,1,24567.0,0.0,CASH,C0180
ORD-001922,25/04/2024,Maadi,LP03,1,,0.0,CASH,C0818
ORD-001923,25/04/2024,Heliopolis,AX02,4,342.0,0.0,Visa/Mastercard,C0172
ORD-001924,25/04/2024,Mansoura,AX05,5,2501.0,0.0,mobile wallet,C1293
ORD-001925,25/04/2024,Nasr City,AU05,2,3286.0,0.0,Credit Card,C1271
ORD-001926,25/04/2024,Maadi,AU04,2,1450.0,0.0,Visa/Mastercard,C2112
ORD-001918,25/04/2024,Mansoura,TB02,1,13508.0,0.0,CASH,C0152
ORD-001920,25/04/2024,Nasr City,AU02,2,8861.0,0.0,credit card,C0826
ORD-001934,26/04/2024,Smouha,AX07,1,752.0,0.0,Cash,C1463
ORD-001933,26/04/2024,Mansoura,AU04,1,1420.0,0.0,Visa/Mastercard,C1172
ORD-001927,26/04/2024,Nasr City,AX08,0,1320.0,0.0,Visa/Mastercard,C1632
ORD-001928,26/04/2024,mansoura,AX04,1,250.0,0.0,Visa/Mastercard,C2225
ORD-001929,26/04/2024,6th of october,AX05,4,2400.0,0.0,Credit Card,C1940
ORD-001932,26/04/2024,Mansoura,AU02,1,8985.0,0.0,Installments,C0783
ORD-001930,26/04/2024,Smouha,TB03,1,9534.0,0.0,credit card,C1038
ORD-001931,26/04/2024,Dokki,KA07,1,18447.0,0.0,cash,C0150
ORD-001946,26/04/2024,Miami,AX02,3,360.0,0.0,CASH,C0766
ORD-001947,26/04/2024,Mansoura,SP02,1,52095.0,0.0,installments,C2033
ORD-001949,26/04/2024,Mansoura,AC02,1,45615.0,0.0,Valu/Installments,C1505
ORD-001948,26/04/2024,Miami,SP08,1,45243.0,0.0,Valu/Installments,C2038
ORD-001944,26/04/2024,Heliopolis,KA01,2,4188.0,0.0,Visa/Mastercard,C1584
ORD-001945,26/04/2024,Smouha,AX12,3,887.0,0.0,Cash,C1389
ORD-001942,26/04/2024,Nasr City,AX06,5,1138.0,0.0,Cash,
ORD-001943,26/04/2024,Miami,AX12,5,896.0,0.0,Cash,C1802
ORD-001940,26/04/2024,Smouha,KA07,2,18709.0,0.05,Installments,C1790
ORD-001939,26/04/2024,Nasr City,AX10,5,447.0,0.0,cash,C1508
ORD-001938,26/04/2024,Maadi,TB04,1,17777.0,0.05,Mobile Wallet,C0510
ORD-001937,26/04/2024,Nasr City,LP04,1,77564.0,0.0,Mobile Wallet,C1120
ORD-001936,26/04/2024,Miami,TV01,1,31813.0,0.0,Valu/Installments,C1360
ORD-001935,26/04/2024,Smouha,SP07,1,14782.0,0.0,Visa/Mastercard,C0196
ORD-001941,26/04/2024,Heliopolis,SP04,1,11581.0,0.0,Visa/Mastercard,C1639
ORD-001950,27/04/2024,Dokki,AX10,1,461.0,0.0,Cash,C2127
ORD-001951,27/04/2024,Smouha,AC01,1,32520.0,0.0,installments,C1093
ORD-001952,27/04/2024,Nasr City,AX04,1,243.0,0.0,Valu/Installments,C0339
ORD-001954,27/04/2024,Maadi,TV06,1,89885.0,0.0,Visa/Mastercard,C0324
ORD-001953,27/04/2024,Nasr City,SP08,1,45221.0,0.0,CASH,C1739
ORD-001956,27/04/2024,Dokki,AU03,1,13142.0,0.0,Installments,C2468
ORD-001957,27/04/2024,Nasr City,AX01,3,959.0,0.0,Visa/Mastercard,
ORD-001958,27/04/2024,nasr city,SP08,1,46114.0,0.0,installments,C0740
ORD-001959,27/04/2024,6th of October,KA01,1,4264.0,0.0,cash,C2235
ORD-001961,27/04/2024,Nasr City,KA04,2,24784.0,0.0,Mobile Wallet,C1316
ORD-001962,27/04/2024,Mansoura,AC01,1,34470.0,0.0,installments,C0421
ORD-001955,27/04/2024,Heliopolis,AU05,2,3128.0,0.0,Valu/Installments,C1764
ORD-001960,27/04/2024,Dokki,AX09,1,1799.0,0.0,Valu/Installments,C1204
ORD-001966,28/04/2024,Smouha,SP01,1,16865.0,0.0,Cash,C1256
ORD-001963,28/04/2024,Maadi,SP08,1,46335.0,0.0,Cash,C0328
ORD-001975,28/04/2024,Nasr City,LP04,1,76361.0,0.0,Valu/Installments,C1445
ORD-001974,28/04/2024,Mansoura,AU02,2,8972.0,0.0,CASH,C0174
ORD-001973,28/04/2024,Miami,SP05,1,19651.0,0.0,Installments,C1832
ORD-001972,28/04/2024,Nasr City,KA07,1,18716.0,0.0,Mobile Wallet,C1440
ORD-001971,28/04/2024,Nasr City,TB01,1,24733.0,0.0,Valu/Installments,C1819
ORD-001964,28/04/2024,Dokki,SP08,1,45879.0,0.0,Valu/Installments,C1344
ORD-001969,28/04/2024,Nasr City,AX08,4,1338.0,0.0,Visa/Mastercard,C1746
ORD-001968,28/04/2024,Dokki,AU01,2,6591.0,0.0,VF Cash,C2469
ORD-001967,28/04/2024,HELIOPOLIS,AU05,1,3294.0,0.0,Visa/Mastercard,C1827
ORD-001965,28/04/2024,Mansoura,AX10,2,450.0,0.0,credit card,C1211
ORD-001970,28/04/2024,Mansoura,TV02,1,26312.0,0.0,Valu/Installments,C0683
ORD-001983,29/04/2024,Nasr City,AX02,1,346.0,0.05,cash,C2102
ORD-001989,29/04/2024,Heliopolis,AU04,2,1438.0,0.0,Visa/Mastercard,C2489
ORD-001988,29/04/2024,Maadi,TV01,1,31094.0,0.05,Installments,
ORD-001987,29/04/2024,Miami,AX05,1,2446.0,0.0,Visa/Mastercard,C0585
ORD-001986,29/04/2024,6th of October,TV01,1,31268.0,0.0,Valu/Installments,
ORD-001985,29/04/2024,Mansoura,LP04,1,78912.0,0.0,mobile wallet,C0128
ORD-001982,29/04/2024,Maadi,KA07,2,18827.0,0.0,Installments,C1489
ORD-001984,29/04/2024,Smouha,AX12,2,877.0,0.0,Cash,C0656
ORD-001980,29/04/2024,Smouha,AX03,4,550.0,0.0,cash,C0308
ORD-001979,29/04/2024,Nasr City,AU05,2,3144.0,0.0,Installments,C0235
ORD-001978,29/04/2024,Heliopolis,SP03,1,59280.0,0.0,Visa/Mastercard,C1125
ORD-001977,29/04/2024,Dokki,TV06,1,91511.0,0.0,cash,C1782
ORD-001976,29/04/2024,6th of October,AX11,5,389.0,0.0,Cash,
ORD-001981,29/04/2024,Nasr City,KA02,2,3559.0,0.0,CASH,C1664
ORD-001996,30/04/2024,Heliopolis,AU01,1,6362.0,0.05,cash,C1484
ORD-002000,30/04/2024,Dokki,AX12,2,923.0,0.0,cash,
ORD-001998,30/04/2024,Heliopolis,SP08,1,43773.0,0.0,CASH,C2324
ORD-001997,30/04/2024,6th of october,AX01,5,952.0,0.0,installments,C1569
ORD-001995,30/04/2024,6TH OF OCTOBER,AU04,2,1456.0,0.0,Cash,C1501
ORD-001999,30/04/2024,Dokki,KA04,2,24495.0,0.0,Valu/Installments,C0133
ORD-001993,30/04/2024,Nasr City ,AX10,5,439.0,0.0,Credit Card,C0276
ORD-001992,30/04/2024,Heliopolis,AX05,1,2507.0,0.0,cash,C0518
ORD-001991,30/04/2024,Dokki,AX10,5,445.0,0.0,installments,C0143
ORD-001990,30/04/2024,Mansoura,AC03,1,25650.0,0.05,credit card,C1795
ORD-001994,30/04/2024,Nasr City,AC06,1,41058.0,0.0,installments,C0967
ORD-002003,01/05/2024,Heliopolis,TV06,1,91301.0,0.0,Installments,
ORD-002001,01/05/2024,Mansoura,KA01,1,4216.0,0.05,credit card,
ORD-002002,01/05/2024,Miami,SP06,1,10004.0,0.0,Visa/Mastercard,C2479
ORD-002004,01/05/2024,Smouha,AC06,1,40536.0,0.0,CASH,C0629
ORD-002008,01/05/2024,Heliopolis,KA05,1,9699.0,0.05,installments,
ORD-002006,01/05/2024,Heliopolis,LP01,1,28211.0,0.0,Installments,C1520
ORD-002009,01/05/2024,Mansoura,AX07,3,757.0,0.0,mobile wallet,C1819
ORD-002010,01/05/2024,6th of October,KA07,2,18348.0,0.0,Credit Card,C0315
ORD-002011,01/05/2024,6th of October,AU03,1,13626.0,0.0,Visa/Mastercard,C2351
ORD-002012,01/05/2024,Nasr City,LP01,1,28682.0,0.0,Cash,C0564
ORD-002013,01/05/2024,Smouha,AX10,4,458.0,0.0,credit card,C2169
ORD-002014,01/05/2024,Nasr City,TB03,1,9474.0,0.0,CASH,C1504
ORD-002015,01/05/2024,Smouha,TB04,1,17800.0,0.0,mobile wallet,C1631
ORD-002016,01/05/2024,6th of October,TV01,1,32132.0,0.05,Visa/Mastercard,C1288
ORD-002017,01/05/2024,6th of October,AC01,1,34238.0,0.0,Valu/Installments,C1142
ORD-002018,01/05/2024,Smouha,AX10,1,443.0,0.0,Mobile Wallet,C1023
ORD-002007,01/05/2024,Nasr City,AX11,1,394.0,0.0,VF Cash,C1524
ORD-002005,01/05/2024,Maadi,SP08,1,46159.0,0.0,CASH,C1843
ORD-002022,02/05/2024,Maadi,TB01,1,24499.0,0.0,Valu/Installments,C2045
ORD-002024,02/05/2024,Mansoura,AC05,1,37735.0,0.0,installments,
ORD-002020,02/05/2024,Dokki ,LP05,1,34721.0,0.0,credit card,C0107
ORD-002019,02/05/2024,Mansoura,LP04,1,77290.0,0.0,Cash,C0465
ORD-002025,02/05/2024,Nasr City,AU02,1,8692.0,0.0,Installments,
ORD-002026,02/05/2024,Nasr City,AC01,1,33590.0,0.0,Cash,
ORD-002027,02/05/2024,Miami,SP03,1,58698.0,0.0,Cash,C1586
ORD-002028,02/05/2024,Maadi,AU01,1,,0.0,CASH,
ORD-002029,02/05/2024,Miami,AU02,2,9012.0,0.0,Installments,C2301
ORD-002030,02/05/2024,Miami,LP03,1,31745.0,0.0,installments,C0483
ORD-002031,02/05/2024,Miami,AX04,2,250.0,0.0,CASH,C1073
ORD-002032,02/05/2024,Maadi,AC06,1,40388.0,0.0,CASH,C1067
ORD-002033,02/05/2024,Smouha,KA07,1,18242.0,0.05,cash,C1828
ORD-002034,02/05/2024,Heliopolis,TB01,1,24266.0,0.0,mobile wallet,C0879
ORD-002023,02/05/2024,Miami,KA05,1,10004.0,0.05,credit card,C2121
ORD-002021,02/05/2024,Mansoura,AX05,1,2471.0,0.0,Mobile Wallet,C0763
ORD-002049,03/05/2024,Nasr City,AX07,1,741.0,0.0,mobile wallet,C2253
ORD-002048,03/05/2024,Mansoura,TV05,1,23989.0,0.0,Visa/Mastercard,C0266
ORD-002050,03/05/2024,Nasr City,AX06,2,1173.0,0.0,mobile wallet,C2221
ORD-002051,03/05/2024,Heliopolis,AX04,2,254.0,0.0,installments,C1190
ORD-002052,03/05/2024,6th of October,AU01,1,6479.0,0.0,Credit Card,C1229
ORD-002045,03/05/2024,Maadi,AX12,5,875.0,0.0,Credit Card,C0360
ORD-002044,03/05/2024,Dokki,AC05,1,38413.0,0.0,Installments,C1824
ORD-002043,03/05/2024,Dokki,LP04,1,76440.0,0.0,Credit Card,C0708
ORD-002046,03/05/2024,Nasr City,AC02,1,46732.0,0.0,VF Cash,C1310
ORD-002042,03/05/2024,Nasr City,AX06,3,1180.0,0.0,Cash,C1852
ORD-002040,03/05/2024,6th of October,AU02,1,8934.0,0.0,CASH,
ORD-002039,03/05/2024,Dokki,TB03,1,9626.0,0.0,Visa/Mastercard,C0556
ORD-002038,03/05/2024,Smouha,AC03,1,26727.0,0.0,CASH,C0503
ORD-002037,03/05/2024,Nasr City,SP02,1,52187.0,0.0,Valu/Installments,C0820
ORD-002036,03/05/2024,Maadi,AX03,4,548.0,0.0,cash,C2012
ORD-002035,03/05/2024,Smouha,TV03,1,14804.0,0.0,Credit Card,C1170
ORD-002041,03/05/2024,Heliopolis,TV01,1,32371.0,0.0,installments,C0304
ORD-002047,03/05/2024,Heliopolis,AX10,1,452.0,0.0,Cash,C1424
ORD-002067,04/05/2024,Nasr City,TB04,1,17845.0,0.0,Credit Card,C2345
ORD-002065,04/05/2024,Maadi,AX07,1,762.0,0.0,credit card,C1479
ORD-002053,04/05/2024,Mansoura,TB01,1,24501.0,0.0,installments,C0646
ORD-002054,04/05/2024,Nasr City,AU04,2,1408.0,0.0,credit card,
ORD-002055,04/05/2024,Miami,KA03,2,6745.0,0.0,CASH,C0714
ORD-002056,04/05/2024,Dokki,AU05,1,3147.0,0.0,Cash,C1481
ORD-002057,04/05/2024,Smouha,AX06,4,1116.0,0.0,Valu/Installments,C2084
ORD-002058,04/05/2024,Heliopolis,AU03,2,13834.0,0.0,credit card,C0919
ORD-002059,04/05/2024,NASR CITY,AX10,3,450.0,0.0,Cash,C0498
ORD-002060,04/05/2024,Maadi,AC06,1,42000.0,0.0,Visa/Mastercard,C0824
ORD-002061,04/05/2024,Mansoura,TB04,1,17967.0,0.0,Cash,C0569
ORD-002062,04/05/2024,Dokki,KA08,2,,0.0,Cash,C0970
ORD-002063,04/05/2024,Mansoura,AX11,1,394.0,0.0,Visa/Mastercard,C2024
RET-000040,04/05/2024,Nasr City,TB04,-1,17845.0,0.0,Credit Card,C2345
ORD-002064,04/05/2024,Maadi,KA08,1,5316.0,0.0,Valu/Installments,C0108
ORD-002066,04/05/2024,Heliopolis,AC03,1,26229.0,0.0,Installments,C2270
ORD-002069,04/05/2024,6th of October,KA07,1,18383.0,0.0,Visa/Mastercard,C1915
ORD-002070,04/05/2024,Dokki,TV04,1,41761.0,0.0,Credit Card,C2260
ORD-002071,04/05/2024,Mansoura,KA04,2,25051.0,0.0,installments,C0532
ORD-002072,04/05/2024,Smouha,TV03,1,,0.0,VF Cash,
ORD-002073,04/05/2024,Smouha,TV01,1,31312.0,0.0,Valu/Installments,C0354
ORD-002074,04/05/2024,Nasr City,AX02,4,347.0,0.0,VF Cash,C0270
ORD-002075,04/05/2024,Nasr City,SP03,1,59264.0,0.0,CASH,
ORD-002076,04/05/2024,Mansoura,AC05,1,38597.0,0.0,installments,C1267
ORD-002077,04/05/2024,Miami,AX05,3,2402.0,0.0,Visa/Mastercard,C1631
ORD-002068,04/05/2024,Smouha,SP03,1,57781.0,0.0,Credit Card,C1512
ORD-002097,05/05/2024,Nasr City,TB01,1,24201.0,0.0,cash,
ORD-002098,05/05/2024,Nasr City,AX02,2,346.0,0.0,CASH,C0529
ORD-002078,05/05/2024,Nasr City,KA01,2,4293.0,0.0,cash,C1961
ORD-002079,05/05/2024,Heliopolis,AX11,1,390.0,0.0,credit card,C2154
ORD-002080,05/05/2024,Mansoura,SP07,1,14168.0,0.0,CASH,C1683
ORD-002081,05/05/2024,Smouha,SP08,1,45987.0,0.0,installments,C1678
ORD-002082,05/05/2024,Mansoura,TV06,1,90148.0,0.0,Credit Card,C2355
ORD-002084,05/05/2024,Mansoura,LP06,1,21638.0,0.0,Visa/Mastercard,C0514
ORD-002085,05/05/2024,Maadi,AC06,1,41272.0,0.0,Credit Card,C1299
ORD-002086,05/05/2024,Maadi,AU02,2,8836.0,0.0,Credit Card,C0304
ORD-002087,05/05/2024,6th of October,AX03,4,565.0,0.0,Cash,
ORD-002088,05/05/2024,Nasr City,AC04,1,59211.0,0.0,Credit Card,C1844
ORD-002089,05/05/2024,Dokki,TV04,1,40408.0,0.0,mobile wallet,
ORD-002099,05/05/2024,Nasr City,SP07,1,14203.0,0.0,cash,C1773
ORD-002090,05/05/2024,Maadi,AX07,4,741.0,0.0,Credit Card,C1909
ORD-002091,05/05/2024,Dokki,AX01,1,967.0,0.0,VF Cash,C2120
ORD-002092,05/05/2024,Smouha,LP03,1,30167.0,0.0,VF Cash,C1412
ORD-002093,05/05/2024,MANSOURA,AC04,1,59503.0,0.0,installments,C0526
ORD-002094,05/05/2024,Mansoura,AU05,2,3256.0,0.0,mobile wallet,C2259
ORD-002095,05/05/2024,Nasr City,SP01,1,16447.0,0.0,Mobile Wallet,C2408
ORD-002083,05/05/2024,Dokki,AC05,1,37859.0,0.0,Valu/Installments,C0303
ORD-002096,05/05/2024,Miami,AU04,1,1438.0,0.0,Credit Card,C0746
ORD-002100,06/05/2024,Maadi,TB02,1,13639.0,0.0,cash,C2060
ORD-002114,06/05/2024,Mansoura,TV06,1,87962.0,0.0,installments,C1027
ORD-002115,06/05/2024,Smouha,LP01,1,28899.0,0.0,installments,C0805
ORD-002116,06/05/2024,MAADI,AC01,1,33636.0,0.0,Visa/Mastercard,
ORD-002117,06/05/2024,Heliopolis,SP01,1,16602.0,0.0,Cash,C2257
ORD-002112,06/05/2024,Mansoura,AC04,1,59850.0,0.0,Installments,C1164
ORD-002111,06/05/2024,HELIOPOLIS,TV02,1,26219.0,0.0,Visa/Mastercard,C2126
ORD-002110,06/05/2024,Smouha,SP05,1,19501.0,0.0,Mobile Wallet,C1418
ORD-002109,06/05/2024,Mansoura,AC06,1,42587.0,0.0,Visa/Mastercard,C0924
ORD-002108,06/05/2024,Maadi,AX12,3,897.0,0.0,CASH,C1322
ORD-002107,06/05/2024,Heliopolis,TV05,1,24314.0,0.0,Visa/Mastercard,C0664
ORD-002106,06/05/2024,Dokki,LP04,1,78841.0,0.0,Installments,C0675
ORD-002105,06/05/2024,Heliopolis,AX03,4,559.0,0.0,Credit Card,C1246
ORD-002104,06/05/2024,Heliopolis,LP01,1,27996.0,0.0,credit card,C0627
ORD-002103,06/05/2024,Dokki,AC02,1,47293.0,0.0,Mobile Wallet,C2123
ORD-002102,06/05/2024,smouha,AU04,1,1462.0,0.0,cash,C0509
ORD-002101,06/05/2024,Nasr City,AC06,1,40292.0,0.0,Cash,C0227
ORD-002113,06/05/2024,Smouha,AC02,1,45880.0,0.0,cash,C0324
RET-000016,07/05/2024,Heliopolis,AC02,-1,47285.0,0.0,Credit Card,C2479
ORD-002133,07/05/2024,Maadi,AU01,1,6555.0,0.0,Credit Card,C0169
ORD-002118,07/05/2024,Maadi,AU04,1,1490.0,0.0,cash,C1125
ORD-002119,07/05/2024,Mansoura,AX06,4,1121.0,0.0,Credit Card,C0513
ORD-002120,07/05/2024,Mansoura,TV02,1,27028.0,0.0,Credit Card,C1241
ORD-002121,07/05/2024,Miami,AC06,1,41393.0,0.0,Visa/Mastercard,C2186
ORD-002122,07/05/2024,Nasr City,LP06,1,21833.0,0.0,CASH,C0383
ORD-002123,07/05/2024,6th of October,AX08,1,1311.0,0.0,cash,C2059
ORD-002124,07/05/2024,Mansoura,SP04,1,11630.0,0.0,Credit Card,C0691
ORD-002125,07/05/2024,Dokki,KA07,2,18589.0,0.0,installments,C2425
ORD-002126,07/05/2024,Heliopolis,AX09,4,1905.0,0.0,Cash,C2379
ORD-002127,07/05/2024,Nasr City,AC03,1,25889.0,0.0,Cash,C0632
ORD-002132,07/05/2024,Miami,TB04,1,17134.0,0.0,installments,
ORD-002128,07/05/2024,Miami,AX03,5,558.0,0.0,VF Cash,C0702
ORD-002131,07/05/2024,Smouha,SP07,1,14386.0,0.0,mobile wallet,C2309
ORD-002129,07/05/2024,Heliopolis,AC02,1,47285.0,0.0,Credit Card,C2479
ORD-002130,07/05/2024,Dokki,AX10,2,450.0,0.0,CASH,C1383
ORD-002139,08/05/2024,Nasr City,AX12,2,909.0,0.0,CASH,C0864
ORD-002134,08/05/2024,Smouha,AX11,2,398.0,0.0,Credit Card,C0117
ORD-002137,08/05/2024,Mansoura,AX05,1,2504.0,0.0,Cash,C2363
ORD-002138,08/05/2024,Smouha,TB01,1,24805.0,0.0,VF Cash,C1085
ORD-002140,08/05/2024,MIAMI,AU03,1,13351.0,0.0,Visa/Mastercard,C2344
ORD-002141,08/05/2024,6th of October,KA07,2,18243.0,0.0,mobile wallet,C1707
ORD-002142,08/05/2024,Maadi,AU04,2,1451.0,0.0,cash,C0125
ORD-002143,08/05/2024,Miami,TB04,1,18021.0,0.0,Cash,
ORD-002136,08/05/2024,nasr city,AX01,1,953.0,0.0,Cash,C0187
ORD-002135,08/05/2024,Heliopolis,AC05,1,38992.0,0.0,Valu/Installments,C0333
ORD-002147,09/05/2024,Dokki,AX04,1,255.0,0.05,Credit Card,C1187
ORD-002144,09/05/2024,Heliopolis,SP03,1,56508.0,0.0,Visa/Mastercard,C2040
ORD-002148,09/05/2024,dokki,TB02,1,13747.0,0.0,Mobile Wallet,C1238
ORD-002149,09/05/2024,Mansoura,AX03,4,560.0,0.0,installments,
ORD-002150,09/05/2024,Heliopolis,AU03,1,13365.0,0.0,cash,C1979
ORD-002151,09/05/2024,Miami,AX11,5,403.0,0.0,CASH,C1004
ORD-002155,09/05/2024,Heliopolis,SP03,1,58009.0,0.05,Visa/Mastercard,C1858
ORD-002152,09/05/2024,6th of October,SP02,1,52516.0,0.0,mobile wallet,C1664
ORD-002153,09/05/2024,6th of October,KA03,2,6867.0,0.0,credit card,
ORD-002156,09/05/2024,Dokki,AC01,1,33055.0,0.0,Visa/Mastercard,C0299
ORD-002146,09/05/2024,Mansoura,KA05,2,9747.0,0.0,Visa/Mastercard,
ORD-002145,09/05/2024,Heliopolis,LP01,1,28484.0,0.05,installments,C2235
ORD-002154,09/05/2024,Nasr City,AX09,5,1899.0,0.0,cash,C1219
ORD-002185,10/05/2024,Heliopolis,AX06,2,1124.0,0.0,credit card,C1016
ORD-002168,10/05/2024,Mansoura,LP01,1,29244.0,0.0,credit card,
ORD-002157,10/05/2024,Nasr City,AC03,1,26073.0,0.0,Valu/Installments,C0246
ORD-002158,10/05/2024,Nasr City,KA05,2,10030.0,0.0,cash,C0648
ORD-002159,10/05/2024,Mansoura,AX05,5,2500.0,0.0,mobile wallet,C1801
ORD-002160,10/05/2024,Smouha,AX07,1,768.0,0.0,Installments,
ORD-002161,10/05/2024,Smouha,TV06,1,90404.0,0.05,Credit Card,C1703
ORD-002162,10/05/2024,MAADI,AC02,1,45405.0,0.0,Credit Card,C1984
ORD-002163,10/05/2024,NASR CITY,AU04,1,1432.0,0.0,cash,C1903
ORD-002164,10/05/2024,Smouha,TV03,1,14524.0,0.0,installments,C0836
ORD-002169,10/05/2024,Maadi,AC03,1,26489.0,0.05,installments,C1281
ORD-002170,10/05/2024,Smouha,AX04,1,251.0,0.0,Mobile Wallet,C1308
ORD-002171,10/05/2024,Heliopolis,AU04,1,,0.0,Visa/Mastercard,C1415
ORD-002165,10/05/2024,Dokki,AC02,1,46625.0,0.0,Credit Card,C1394
ORD-002166,10/05/2024,Nasr City,TV05,1,24656.0,0.0,CASH,C2485
ORD-002173,10/05/2024,Nasr City,KA07,1,18532.0,0.0,Visa/Mastercard,C0536
ORD-002174,10/05/2024,Dokki,AX02,1,360.0,0.0,CASH,C1518
ORD-002175,10/05/2024,Smouha,AX02,3,351.0,0.0,cash,C2110
ORD-002176,10/05/2024,Mansoura,AX03,2,538.0,0.0,VF Cash,C2301
ORD-002177,10/05/2024,Maadi,SP08,1,45109.0,0.0,VF Cash,
ORD-002178,10/05/2024,Dokki,KA06,1,12591.0,0.0,Visa/Mastercard,C0435
ORD-002179,10/05/2024,Nasr City,AU03,1,13148.0,0.0,VF Cash,C1308
ORD-002180,10/05/2024,Maadi,AX03,5,566.0,0.0,VF Cash,C0991
ORD-002181,10/05/2024,Maadi,AX07,4,737.0,0.0,Credit Card,C1911
ORD-002182,10/05/2024,Mansoura,AX09,4,1809.0,0.0,VF Cash,C0502
ORD-002183,10/05/2024,Nasr City,AX09,4,1815.0,0.0,Installments,C1096
ORD-002184,10/05/2024,Maadi,AX11,3,402.0,0.0,Mobile Wallet,C1842
ORD-002172,10/05/2024,Smouha,AC02,1,47314.0,0.0,VF Cash,C1634
ORD-002167,10/05/2024,Nasr City,AX05,3,2449.0,0.0,Visa/Mastercard,C0589
ORD-002204,11/05/2024,Nasr City,TV02,1,26365.0,0.0,Installments,
ORD-002206,11/05/2024,Nasr City,AU03,2,13637.0,0.0,Credit Card,C0095
ORD-002186,11/05/2024,Dokki,AX02,5,348.0,0.0,CASH,C0578
ORD-002188,11/05/2024,Mansoura,AX08,3,1352.0,0.0,Visa/Mastercard,C0208
ORD-002189,11/05/2024,6th of October,LP02,1,41116.0,0.0,Cash,C1189
ORD-002190,11/05/2024,Nasr City,SP08,1,45857.0,0.0,CASH,C1574
ORD-002191,11/05/2024,Dokki,KA05,2,9982.0,0.0,Installments,C1713
ORD-002192,11/05/2024,6th of October,SP03,1,59679.0,0.0,Credit Card,C1017
ORD-002193,11/05/2024,6th of October,SP07,1,14657.0,0.0,credit card,C0655
ORD-002194,11/05/2024,Dokki,AU05,2,3139.0,0.0,Installments,C1342
ORD-002195,11/05/2024,Dokki,AX10,3,439.0,0.0,cash,C2367
ORD-002196,11/05/2024,Smouha,AX06,1,1161.0,0.0,CASH,C1281
ORD-002197,11/05/2024,6th of October,TV05,1,23925.0,0.0,Valu/Installments,C0778
ORD-002198,11/05/2024,Maadi,KA08,1,5290.0,0.0,mobile wallet,C0653
ORD-002199,11/05/2024,Maadi,AC03,1,25716.0,0.0,Installments,C2041
ORD-002200,11/05/2024,Smouha,KA07,2,18931.0,0.0,VF Cash,C2109
ORD-002201,11/05/2024,Nasr City,SP04,1,11457.0,0.0,CASH,C1913
ORD-002202,11/05/2024,Smouha,TB01,1,25001.0,0.0,installments,C2043
ORD-002203,11/05/2024,Miami,KA04,2,24813.0,0.0,Mobile Wallet,C1264
ORD-002205,11/05/2024,Smouha,KA05,2,9627.0,0.0,Cash,C2038
ORD-002207,11/05/2024,Nasr City,SP01,1,16142.0,0.0,CASH,C0369
ORD-002187,11/05/2024,Nasr City,AU04,1,1420.0,0.0,mobile wallet,C0397
RET-000051,12/05/2024,Heliopolis,AC02,-1,47092.0,0.0,installments,C2448
ORD-002221,12/05/2024,Nasr City,SP04,1,11649.0,0.0,credit card,C1928
ORD-002219,12/05/2024,Maadi,AX12,4,914.0,0.0,Valu/Installments,
ORD-002223,12/05/2024,6th of october,AU03,1,13176.0,0.0,Valu/Installments,C2199
ORD-002222,12/05/2024,Maadi,LP03,1,30668.0,0.0,Installments,C1171
ORD-002220,12/05/2024,Heliopolis,AC02,1,47092.0,0.0,installments,C2448
ORD-002218,12/05/2024,maadi,TB02,1,13376.0,0.0,Cash,C2028
ORD-002217,12/05/2024,Heliopolis,AX09,2,1853.0,0.0,installments,C1153
ORD-002216,12/05/2024,6th of October,AC02,1,47300.0,0.05,Valu/Installments,C0208
ORD-002215,12/05/2024,Dokki,SP03,1,58377.0,0.0,credit card,C0200
ORD-002213,12/05/2024,Nasr City,AX03,2,553.0,0.0,cash,C2390
ORD-002212,12/05/2024,Dokki,AX07,2,739.0,0.0,Valu/Installments,C0882
ORD-002211,12/05/2024,Miami,TV06,1,86899.0,0.0,Mobile Wallet,C0987
ORD-002210,12/05/2024,Nasr City,AU05,2,3276.0,0.0,VF Cash,C1873
ORD-002209,12/05/2024,Smouha,AX04,2,255.0,0.0,CASH,C2071
ORD-002208,12/05/2024,Miami,AX05,5,2384.0,0.0,mobile wallet,C1611
ORD-002214,12/05/2024,Mansoura,AX08,4,1355.0,0.0,Visa/Mastercard,C1446
ORD-002228,13/05/2024,Heliopolis,LP05,1,35885.0,0.0,installments,C1084
ORD-002229,13/05/2024,Dokki,LP04,1,76405.0,0.0,credit card,C1499
ORD-002227,13/05/2024,Maadi,AX11,3,410.0,0.0,Valu/Installments,C0549
ORD-002224,13/05/2024,Smouha,TB03,1,9220.0,0.05,Credit Card,C0034
ORD-002225,13/05/2024,Dokki,AX02,1,344.0,0.0,Mobile Wallet,C0441
ORD-002226,13/05/2024,Nasr City,SP04,1,11564.0,0.05,CASH,C1766
ORD-002240,14/05/2024,Heliopolis,AU03,2,13746.0,0.0,Credit Card,C0798
ORD-002236,14/05/2024,Dokki,AC02,1,47745.0,0.0,installments,
ORD-002239,14/05/2024,Maadi,AU01,1,6604.0,0.0,Visa/Mastercard,C2302
ORD-002237,14/05/2024,Maadi,AX07,1,768.0,0.0,Visa/Mastercard,C0210
ORD-002235,14/05/2024,Heliopolis,AX02,5,353.0,0.0,Valu/Installments,C1641
ORD-002243,14/05/2024,6th of October,SP08,1,45973.0,0.0,Installments,C1183
ORD-002233,14/05/2024,Miami,TB01,1,24814.0,0.0,Installments,
ORD-002232,14/05/2024,Smouha,KA04,1,24717.0,0.0,Valu/Installments,
ORD-002231,14/05/2024,Smouha,AC01,1,32806.0,0.0,Valu/Installments,C1499
ORD-002230,14/05/2024,Mansoura,SP05,1,18916.0,0.0,Valu/Installments,C1652
ORD-002241,14/05/2024,Dokki,TV02,1,26241.0,0.0,installments,C1485
ORD-002234,14/05/2024,Nasr City,AX09,3,1889.0,0.0,Visa/Mastercard,C0186
ORD-002242,14/05/2024,Dokki,SP07,1,14761.0,0.0,Visa/Mastercard,C2267
ORD-002238,14/05/2024,Nasr City,AC01,1,33407.0,0.0,installments,C2336
ORD-002244,14/05/2024,Nasr City,LP05,1,35587.0,0.0,mobile wallet,C0302
ORD-002245,14/05/2024,Mansoura,AX12,5,876.0,0.0,cash,C1583
ORD-002258,15/05/2024,Nasr City,AX03,4,549.0,0.0,Credit Card,C1498
ORD-002257,15/05/2024,nasr city,KA03,1,6681.0,0.0,CASH,C2285
ORD-002256,15/05/2024,6th of October,LP01,1,28664.0,0.0,VF Cash,C1389
ORD-002255,15/05/2024,Miami,AX06,1,1119.0,0.0,Cash,C1529
ORD-002254,15/05/2024,Heliopolis,AU04,2,1465.0,0.0,Mobile Wallet,C1614
ORD-002252,15/05/2024,Maadi,AC02,1,47483.0,0.0,credit card,
ORD-002253,15/05/2024,Mansoura,AC01,1,34436.0,0.05,Mobile Wallet,C0397
ORD-002250,15/05/2024,Heliopolis,AX08,3,1314.0,0.0,cash,C0487
ORD-002249,15/05/2024,Miami,AU01,2,6359.0,0.0,credit card,C1146
ORD-002248,15/05/2024,Dokki,TB01,1,24463.0,0.0,cash,C2253
ORD-002247,15/05/2024,Heliopolis,AC03,1,26432.0,0.0,cash,C1845
ORD-002246,15/05/2024,Miami,AC01,1,32641.0,0.0,installments,C2066
ORD-002251,15/05/2024,6th of October,AX05,1,2454.0,0.0,Visa/Mastercard,C0528
ORD-002267,16/05/2024,Smouha,TV01,1,31506.0,0.0,cash,C0160
ORD-002272,16/05/2024,Nasr City,AX08,3,1327.0,0.0,cash,C1872
ORD-002271,16/05/2024,Mansoura,TB01,1,24833.0,0.0,installments,C2128
ORD-002270,16/05/2024,Heliopolis,TV05,1,24629.0,0.0,installments,C1941
ORD-002269,16/05/2024,Smouha,AU01,1,6440.0,0.0,Visa/Mastercard,C1365
ORD-002268,16/05/2024,Maadi,AC02,1,46257.0,0.0,Mobile Wallet,C0562
ORD-002266,16/05/2024,Mansoura,AC01,1,34033.0,0.0,Installments,C0186
ORD-002278,16/05/2024,Smouha,AU05,1,3164.0,0.0,Credit Card,C1344
ORD-002264,16/05/2024,Heliopolis,AX02,1,345.0,0.0,credit card,C2049
ORD-002263,16/05/2024,Mansoura,TB01,1,24044.0,0.0,Installments,C1645
ORD-002262,16/05/2024,Dokki,AC03,1,26755.0,0.0,VF Cash,C2086
ORD-002261,16/05/2024,Nasr City,AX02,2,346.0,0.0,Installments,C2468
ORD-002260,16/05/2024,Heliopolis,TV02,1,26659.0,0.0,Credit Card,C0816
ORD-002259,16/05/2024,Miami,SP06,1,9876.0,0.05,CASH,C0591
ORD-002273,16/05/2024,Nasr City,AC03,1,26668.0,0.0,mobile wallet,C0611
ORD-002265,16/05/2024,Nasr City,SP01,1,16705.0,0.0,Cash,C0165
ORD-002277,16/05/2024,MIAMI,TV01,1,31779.0,0.0,VF Cash,C0573
ORD-002274,16/05/2024,Smouha ,SP06,1,9873.0,0.0,Mobile Wallet,C2484
ORD-002276,16/05/2024,Heliopolis,SP02,1,51246.0,0.0,Installments,C2112
ORD-002275,16/05/2024,Maadi,AU05,2,3261.0,0.0,Mobile Wallet,
ORD-002279,17/05/2024,Heliopolis,AC02,1,45442.0,0.0,Visa/Mastercard,C1305
ORD-002280,17/05/2024,Maadi,TV03,1,14093.0,0.0,CASH,C0666
ORD-002281,17/05/2024,Smouha,SP01,1,16699.0,0.0,Mobile Wallet,C1610
ORD-002282,17/05/2024,Miami,AC02,1,46143.0,0.0,Valu/Installments,
ORD-002283,17/05/2024,Nasr City,KA01,2,4077.0,0.0,cash,C1226
ORD-002284,17/05/2024,Miami,AU01,1,6408.0,0.0,Cash,C2432
ORD-002285,17/05/2024,Smouha,AC04,1,59048.0,0.0,Cash,C1378
ORD-002286,17/05/2024,Smouha,LP02,1,41339.0,0.0,installments,C2078
ORD-002287,17/05/2024,Nasr City,AU03,1,13643.0,0.0,Visa/Mastercard,C2088
ORD-002288,17/05/2024,Nasr City,AU02,2,8786.0,0.0,Mobile Wallet,C2181
ORD-002289,17/05/2024,Heliopolis,SP06,1,9675.0,0.0,Valu/Installments,C2007
ORD-002290,17/05/2024,Miami,AU02,2,8970.0,0.0,mobile wallet,C2306
ORD-002291,17/05/2024,Dokki,TV06,1,87765.0,0.0,Installments,C1228
ORD-002292,17/05/2024,Miami,AU03,1,13677.0,0.0,Valu/Installments,C1946
RET-000108,17/05/2024,Miami,AU01,-1,6408.0,0.0,Cash,C2432
ORD-002295,17/05/2024,6th of October,AX02,2,342.0,0.0,Installments,C1509
ORD-002296,17/05/2024,Smouha,SP06,1,9525.0,0.0,Cash,C1357
ORD-002297,17/05/2024,Smouha,TV04,1,41110.0,0.0,Installments,C0449
ORD-002298,17/05/2024,Miami,AU04,2,1432.0,0.0,Credit Card,C1707
ORD-002299,17/05/2024,Dokki,AX04,4,246.0,0.0,Cash,C2391
ORD-002300,17/05/2024,Miami,TB01,1,24970.0,0.05,installments,C1261
ORD-002301,17/05/2024,Miami,AX03,3,535.0,0.0,credit card,C0110
ORD-002302,17/05/2024,Mansoura,AX07,3,732.0,0.0,VF Cash,C2445
ORD-002303,17/05/2024,Maadi,AC01,1,34498.0,0.0,cash,
ORD-002304,17/05/2024,Smouha,SP08,1,44556.0,0.0,Installments,C1944
ORD-002305,17/05/2024,Smouha,AX10,3,442.0,0.05,Installments,C1088
ORD-002306,17/05/2024,Mansoura,AX02,2,353.0,0.0,CASH,C2370
ORD-002307,17/05/2024,Miami,AX04,4,245.0,0.0,VF Cash,C2366
ORD-002308,17/05/2024,Heliopolis,KA07,2,18519.0,0.0,Visa/Mastercard,C0933
ORD-002294,17/05/2024,Miami,AX08,5,1349.0,0.0,Cash,C0069
ORD-002293,17/05/2024,Heliopolis,LP04,1,79171.0,0.0,Visa/Mastercard,
ORD-002318,18/05/2024,6th of October,AC05,1,38384.0,0.05,Visa/Mastercard,C0130
ORD-002326,18/05/2024,Smouha,AX09,2,1878.0,0.0,cash,C1716
ORD-002328,18/05/2024,Nasr City,AX11,2,398.0,0.0,mobile wallet,C1692
ORD-002327,18/05/2024,Heliopolis,SP07,1,14559.0,0.0,CASH,C0621
ORD-002325,18/05/2024,Smouha,AX12,5,886.0,0.0,CASH,C1285
ORD-002324,18/05/2024,Maadi,AC02,1,45282.0,0.0,CASH,C1807
ORD-002323,18/05/2024,Dokki,AU03,2,13104.0,0.0,credit card,C0078
ORD-002322,18/05/2024,Nasr City,AC05,1,39606.0,0.0,Installments,C0782
ORD-002321,18/05/2024,Smouha,AX06,2,,0.0,cash,C0451
ORD-002319,18/05/2024,Maadi,LP06,1,21644.0,0.0,CASH,
ORD-002320,18/05/2024,6th of October,AU03,1,13893.0,0.0,Valu/Installments,C2346
ORD-002316,18/05/2024,nasr city,AU02,1,8977.0,0.0,Cash,C0993
ORD-002315,18/05/2024,Miami,SP04,1,11816.0,0.0,CASH,C0606
ORD-002314,18/05/2024,Smouha,TV04,1,41546.0,0.0,Visa/Mastercard,C1558
ORD-002313,18/05/2024,Nasr City,AX05,2,2428.0,0.0,VF Cash,C2148
ORD-002312,18/05/2024,Heliopolis,AC02,1,47099.0,0.0,installments,C0699
ORD-002311,18/05/2024,6TH OF OCTOBER,AX04,1,249.0,0.0,Cash,C1968
ORD-002310,18/05/2024,Smouha,SP03,1,59725.0,0.05,Visa/Mastercard,C2391
ORD-002309,18/05/2024,Dokki,SP08,1,44202.0,0.0,Valu/Installments,C0211
ORD-002317,18/05/2024,Mansoura,AX05,4,2521.0,0.0,CASH,
ORD-002335,19/05/2024,6th of October,AX07,4,729.0,0.0,Mobile Wallet,C2125
ORD-002338,19/05/2024,6th of October,AC02,1,47882.0,0.0,VF Cash,C1332
ORD-002337,19/05/2024,Miami,AX04,2,249.0,0.0,VF Cash,C2298
ORD-002336,19/05/2024,Miami,AX03,4,559.0,0.0,Installments,C0850
ORD-002333,19/05/2024,Smouha,KA05,2,9921.0,0.0,cash,C0256
ORD-002334,19/05/2024,Nasr City,AX11,1,403.0,0.0,Valu/Installments,C0566
ORD-002331,19/05/2024,Mansoura,AU02,2,8794.0,0.0,CASH,C2056
ORD-002330,19/05/2024,Heliopolis,KA05,1,9906.0,0.0,credit card,C1681
ORD-002329,19/05/2024,maadi,AX04,2,243.0,0.0,mobile wallet,C0836
ORD-002332,19/05/2024,Nasr City,AX12,5,899.0,0.0,Credit Card,C1932
ORD-002343,20/05/2024,Heliopolis,SP08,1,43816.0,0.0,Valu/Installments,
ORD-002339,20/05/2024,Nasr City,LP05,1,35579.0,0.0,Visa/Mastercard,C1960
ORD-002340,20/05/2024,Nasr City,SP04,1,11239.0,0.0,credit card,C2153
ORD-002341,20/05/2024,Nasr City,TV01,1,32671.0,0.0,Valu/Installments,C1544
RET-000010,20/05/2024,Nasr City,LP05,-1,35579.0,0.0,Visa/Mastercard,C1960
ORD-002342,20/05/2024,Maadi,AX08,3,1310.0,0.0,VF Cash,C1286
ORD-002344,20/05/2024,Maadi,AX11,4,407.0,0.0,Mobile Wallet,C0710
ORD-002345,20/05/2024,Nasr City,TB02,1,13338.0,0.0,Installments,C1883
ORD-002352,20/05/2024,Maadi,SP02,1,50723.0,0.0,Installments,C1984
ORD-002353,20/05/2024,Nasr City ,TV01,1,31395.0,0.0,Valu/Installments,C0788
ORD-002346,20/05/2024,Dokki,AX08,3,1358.0,0.0,CASH,C2184
ORD-002355,20/05/2024,Mansoura,AX08,3,1347.0,0.0,VF Cash,C1143
ORD-002351,20/05/2024,Heliopolis,AX05,5,2466.0,0.0,Cash,C2499
ORD-002354,20/05/2024,Mansoura,AC01,1,32751.0,0.0,credit card,C1010
ORD-002350,20/05/2024,6th of October,KA05,2,9851.0,0.0,Credit Card,C1083
ORD-002347,20/05/2024,Nasr City,TV02,1,26312.0,0.0,credit card,C1403
ORD-002349,20/05/2024,Nasr City,AU02,2,9065.0,0.0,cash,C1452
ORD-002348,20/05/2024,Dokki,LP05,1,36282.0,0.0,Credit Card,C2238
ORD-002356,21/05/2024,Miami,SP07,1,14607.0,0.0,Valu/Installments,C2286
ORD-002357,21/05/2024,Dokki,TB03,1,9561.0,0.05,cash,C1223
ORD-002358,21/05/2024,Smouha,AU01,1,6310.0,0.0,Credit Card,C0922
ORD-002359,21/05/2024,Miami,AX03,2,564.0,0.0,Credit Card,C1220
ORD-002360,21/05/2024,Miami,AU04,2,1481.0,0.0,CASH,C1184
ORD-002362,21/05/2024,Miami,AC02,1,46629.0,0.0,Visa/Mastercard,C0850
ORD-002363,21/05/2024,Maadi,AX09,4,1802.0,0.0,cash,C2003
ORD-002364,21/05/2024,Smouha,AX01,1,954.0,0.0,Visa/Mastercard,
ORD-002365,21/05/2024,Smouha,TB01,1,23842.0,0.0,Valu/Installments,C1299
ORD-002366,21/05/2024,Miami,AX03,5,555.0,0.0,Visa/Mastercard,C1966
ORD-002367,21/05/2024,Maadi,AX04,1,257.0,0.0,Visa/Mastercard,C1429
ORD-002368,21/05/2024,6th of October,AC04,1,57641.0,0.0,Valu/Installments,C2296
ORD-002369,21/05/2024,Heliopolis,AX02,1,342.0,0.0,mobile wallet,C1121
ORD-002370,21/05/2024,Miami,AC02,1,45643.0,0.05,Valu/Installments,C1179
ORD-002371,21/05/2024,Nasr City,AX10,3,455.0,0.0,CASH,C0500
ORD-002361,21/05/2024,Mansoura,AC02,1,46513.0,0.0,Installments,
ORD-002380,22/05/2024,Mansoura,AC05,1,39468.0,0.0,installments,C0173
ORD-002382,22/05/2024,Mansoura,AU05,2,3160.0,0.0,cash,C0324
ORD-002381,22/05/2024,Mansoura ,SP01,1,16498.0,0.0,Visa/Mastercard,C1179
ORD-002372,22/05/2024,Miami,SP01,1,16989.0,0.0,cash,C2349
ORD-002373,22/05/2024,Dokki,AC03,1,25945.0,0.0,cash,
ORD-002374,22/05/2024,Mansoura,AX10,1,450.0,0.0,credit card,C2225
ORD-002375,22/05/2024,Dokki,KA04,1,24010.0,0.0,cash,C1556
ORD-002376,22/05/2024,Maadi,AX10,5,451.0,0.0,VF Cash,C1617
ORD-002377,22/05/2024,smouha,AX03,2,536.0,0.0,mobile wallet,C1414
RET-000079,22/05/2024,Dokki,AC03,-1,25945.0,0.0,cash,
ORD-002378,22/05/2024,Heliopolis,AU04,2,1418.0,0.0,cash,C0600
ORD-002379,22/05/2024,Nasr City,LP02,1,40850.0,0.05,credit card,C1190
ORD-002383,22/05/2024,miami,AC06,1,41123.0,0.0,installments,C1419
ORD-002384,22/05/2024,Nasr City,AX03,4,565.0,0.0,Visa/Mastercard,C1812
ORD-002385,22/05/2024,Heliopolis,AU02,1,8689.0,0.0,Credit Card,C1051
ORD-002386,22/05/2024,Dokki,AX03,2,560.0,0.0,Credit Card,
ORD-002398,23/05/2024,nasr city,AX12,1,883.0,0.0,VF Cash,C0981
ORD-002400,23/05/2024,Mansoura,TB03,1,9283.0,0.0,VF Cash,C0208
ORD-002399,23/05/2024,6th of October,AU04,1,1485.0,0.0,Cash,C0994
ORD-002397,23/05/2024,Smouha,AC05,1,38054.0,0.0,Valu/Installments,C2404
ORD-002396,23/05/2024,Maadi,AX05,3,2494.0,0.0,VF Cash,C0448
ORD-002395,23/05/2024,Nasr City,TV05,1,23601.0,0.05,mobile wallet,C0563
ORD-002393,23/05/2024,6th of October,AU05,1,3231.0,0.0,Valu/Installments,C2303
ORD-002394,23/05/2024,Maadi,AC02,1,47271.0,0.0,Visa/Mastercard,C1113
ORD-002391,23/05/2024,Mansoura,TV01,1,32038.0,0.0,cash,C2207
ORD-002390,23/05/2024,6th of October,TV04,1,41614.0,0.0,installments,
ORD-002389,23/05/2024,Smouha,SP01,1,16989.0,0.05,credit card,C0828
ORD-002388,23/05/2024,Dokki,TB04,1,17943.0,0.0,Valu/Installments,C0877
ORD-002387,23/05/2024,6th of October,KA04,1,24912.0,0.0,CASH,C1963
ORD-002392,23/05/2024,Smouha,KA05,1,9748.0,0.0,credit card,C1111
ORD-002407,24/05/2024,Nasr City,AU02,2,8892.0,0.0,VF Cash,C1353
ORD-002412,24/05/2024,Nasr City,SP03,1,57199.0,0.0,Cash,C2255
ORD-002411,24/05/2024,Dokki,SP01,1,16204.0,0.0,CASH,C0022
ORD-002410,24/05/2024,Smouha,AU01,1,6417.0,0.0,mobile wallet,C0564
ORD-002409,24/05/2024,Mansoura,AX05,1,2390.0,0.0,credit card,C0412
ORD-002408,24/05/2024,Maadi,SP04,1,11270.0,0.0,cash,C1935
ORD-002406,24/05/2024,Maadi,KA04,2,24941.0,0.0,Valu/Installments,C1693
ORD-002420,24/05/2024,Dokki,AC03,1,26457.0,0.0,Installments,C1316
ORD-002404,24/05/2024,Smouha,LP06,1,21759.0,0.0,installments,C0216
ORD-002403,24/05/2024,Mansoura,AC06,1,41667.0,0.0,Valu/Installments,C0954
ORD-002402,24/05/2024,Smouha,KA08,1,5390.0,0.0,Visa/Mastercard,C0925
ORD-002401,24/05/2024,Heliopolis,AX10,5,457.0,0.0,credit card,C2176
RET-000070,24/05/2024,Smouha,AU01,-1,6417.0,0.0,mobile wallet,C0564
ORD-002413,24/05/2024,Heliopolis,AC04,1,57550.0,0.0,Visa/Mastercard,C0647
ORD-002405,24/05/2024,Heliopolis,AX02,4,360.0,0.05,Cash,C0411
ORD-002414,24/05/2024,Heliopolis,AC06,1,41016.0,0.0,Cash,C1667
ORD-002415,24/05/2024,Maadi,AC06,1,41934.0,0.0,Visa/Mastercard,C1949
ORD-002416,24/05/2024,6th of October,AC02,1,46832.0,0.0,Cash,C1956
ORD-002418,24/05/2024,Smouha,AC05,1,39176.0,0.0,Visa/Mastercard,
ORD-002424,24/05/2024,Dokki,TV04,1,41060.0,0.0,Installments,C2352
ORD-002423,24/05/2024,Mansoura,SP05,1,19230.0,0.0,CASH,C0367
ORD-002419,24/05/2024,Maadi,KA05,2,9844.0,0.0,Credit Card,C1177
ORD-002421,24/05/2024,Smouha,LP01,1,28638.0,0.0,Valu/Installments,C1170
ORD-002417,24/05/2024,SMOUHA,TB03,1,9246.0,0.0,Valu/Installments,C0817
ORD-002422,24/05/2024,Smouha,AX08,3,1351.0,0.0,cash,C0243
ORD-002425,25/05/2024,Mansoura,AC04,1,58486.0,0.0,installments,C0952
ORD-002426,25/05/2024,Dokki,AX10,5,457.0,0.0,Visa/Mastercard,C2192
ORD-002428,25/05/2024,Maadi,AU05,2,3254.0,0.0,cash,C0718
ORD-002429,25/05/2024,Miami,AX11,2,395.0,0.0,Credit Card,C1712
ORD-002430,25/05/2024,Mansoura,AX08,2,1381.0,0.0,Credit Card,C0721
ORD-002431,25/05/2024,Smouha,AX11,1,405.0,0.0,credit card,C0149
ORD-002432,25/05/2024,Smouha,AX03,5,536.0,0.0,Visa/Mastercard,C1627
ORD-002433,25/05/2024,Smouha,LP06,1,22056.0,0.0,installments,C2030
ORD-002434,25/05/2024,Miami,AC03,1,25460.0,0.0,mobile wallet,C0764
ORD-002427,25/05/2024,Smouha,TB04,1,17094.0,0.0,installments,C0153
ORD-002436,25/05/2024,Dokki,AC02,1,46119.0,0.0,cash,C0154
ORD-002438,25/05/2024,Smouha,KA03,2,6892.0,0.0,installments,C1223
ORD-002439,25/05/2024,Dokki,TV01,1,31876.0,0.0,Valu/Installments,C2327
ORD-002440,25/05/2024,6th of October,SP04,1,11470.0,0.0,Visa/Mastercard,C2469
ORD-002437,25/05/2024,6th of October,AX04,1,255.0,0.0,CASH,C0038
ORD-002435,25/05/2024,6th of October,SP07,1,14812.0,0.0,mobile wallet,C1186
ORD-002441,26/05/2024,Smouha,SP07,1,14456.0,0.0,CASH,C0440
ORD-002442,26/05/2024,MAADI,AU03,0,13271.0,0.0,Visa/Mastercard,C1373
ORD-002443,26/05/2024,heliopolis,KA01,1,4311.0,0.0,VF Cash,C1166
ORD-002444,26/05/2024,Miami,AC03,1,26166.0,0.0,Mobile Wallet,C1862
ORD-002445,26/05/2024,Nasr City,AX01,3,975.0,0.0,Visa/Mastercard,C2226
ORD-002446,26/05/2024,Maadi,AU04,1,1451.0,0.0,Installments,C2148
ORD-002447,26/05/2024,Heliopolis,TV04,1,42225.0,0.0,Visa/Mastercard,C2024
ORD-002448,26/05/2024,Nasr City,LP01,1,28048.0,0.0,Installments,C0550
ORD-002449,26/05/2024,Nasr City,AX01,3,974.0,0.0,Mobile Wallet,
ORD-002450,26/05/2024,6th of October,SP06,1,9566.0,0.0,CASH,C2066
ORD-002451,26/05/2024,Dokki,AX12,5,910.0,0.0,Credit Card,C1918
ORD-002457,27/05/2024,Nasr City,KA06,1,12407.0,0.0,Mobile Wallet,C0666
ORD-002470,27/05/2024,Heliopolis,SP02,1,52347.0,0.0,cash,
ORD-002469,27/05/2024,Heliopolis,AX08,2,1378.0,0.0,credit card,C2111
ORD-002468,27/05/2024,Mansoura,AX06,5,1177.0,0.0,credit card,C1752
ORD-002467,27/05/2024,Maadi,AX04,5,254.0,0.0,credit card,C1661
ORD-002466,27/05/2024,Maadi,AC01,1,33781.0,0.0,installments,C0719
ORD-002464,27/05/2024,Heliopolis,SP05,1,19546.0,0.0,credit card,C2326
ORD-002463,27/05/2024,Dokki,SP03,1,58462.0,0.0,Credit Card,C1209
ORD-002462,27/05/2024,Nasr City,AX02,3,355.0,0.0,Cash,C1381
ORD-002461,27/05/2024,Maadi,AX04,1,247.0,0.0,VF Cash,C0058
ORD-002465,27/05/2024,Heliopolis,AX04,2,256.0,0.0,Installments,C0792
ORD-002459,27/05/2024,Mansoura,LP06,1,22006.0,0.0,cash,C1054
ORD-002458,27/05/2024,Heliopolis ,AX03,4,561.0,0.0,credit card,C1880
ORD-002456,27/05/2024,Maadi,AC01,1,33437.0,0.0,Credit Card,C1355
ORD-002455,27/05/2024,Mansoura,AX04,1,250.0,0.0,CASH,C0462
ORD-002454,27/05/2024,Smouha,TB01,1,,0.0,CASH,C0790
ORD-002453,27/05/2024,Smouha,AU04,2,1467.0,0.0,Cash,
ORD-002452,27/05/2024,6th of October,SP05,1,18917.0,0.0,credit card,C1118
ORD-002460,27/05/2024,Dokki,AX11,2,411.0,0.0,CASH,C0763
ORD-002482,28/05/2024,Nasr City,AU05,1,3282.0,0.0,Mobile Wallet,C1069
ORD-002483,28/05/2024,Nasr City,AX10,1,461.0,0.0,cash,C1572
ORD-002484,28/05/2024,Miami,SP08,1,45395.0,0.0,credit card,C0965
ORD-002488,28/05/2024,Maadi,AU01,1,6449.0,0.0,CASH,C1237
ORD-002486,28/05/2024,6th of October,AU03,2,13565.0,0.0,Valu/Installments,C1094
ORD-002487,28/05/2024,Mansoura,LP02,1,41341.0,0.0,Visa/Mastercard,C1351
ORD-002481,28/05/2024,Miami,AX09,1,1812.0,0.0,VF Cash,C0028
ORD-002485,28/05/2024,Smouha,SP07,1,14145.0,0.0,VF Cash,C1830
ORD-002480,28/05/2024,miami,AC06,1,40596.0,0.0,Credit Card,C1017
ORD-002475,28/05/2024,Nasr City,LP05,1,34832.0,0.0,credit card,
ORD-002478,28/05/2024,Maadi,AX02,2,352.0,0.0,VF Cash,C1956
ORD-002477,28/05/2024,Dokki,AX05,4,2490.0,0.0,Valu/Installments,C0576
ORD-002476,28/05/2024,6th of October,KA06,1,12138.0,0.05,credit card,C0757
ORD-002474,28/05/2024,Maadi,TB02,1,13679.0,0.0,CASH,C0391
ORD-002473,28/05/2024,Smouha,AX05,1,2443.0,0.0,VF Cash,C1642
ORD-002472,28/05/2024,Maadi,AC06,1,41637.0,0.0,Valu/Installments,C0356
ORD-002471,28/05/2024,Nasr City,LP04,1,79044.0,0.0,Valu/Installments,C1344
ORD-002479,28/05/2024,Nasr City,AX12,5,878.0,0.0,Installments,C1326
ORD-002489,29/05/2024,Heliopolis,KA05,2,,0.0,Valu/Installments,C2386
ORD-002490,29/05/2024,Dokki,AX07,4,757.0,0.0,Mobile Wallet,C2347
ORD-002491,29/05/2024,Heliopolis ,AU05,2,3192.0,0.0,Cash,C0047
ORD-002502,29/05/2024,Mansoura,AX03,4,547.0,0.0,credit card,C1274
ORD-002501,29/05/2024,Heliopolis,SP01,1,16475.0,0.0,Cash,C2059
ORD-002503,29/05/2024,Nasr City,AX11,4,395.0,0.0,CASH,C0481
ORD-002504,29/05/2024,Miami ,TV06,1,89457.0,0.0,cash,C1209
ORD-002500,29/05/2024,Mansoura,AC02,1,46441.0,0.05,Credit Card,C1661
ORD-002498,29/05/2024,Maadi,AC06,1,40325.0,0.0,Credit Card,C1257
ORD-002499,29/05/2024,6th of October,AX02,2,348.0,0.0,cash,C0655
ORD-002496,29/05/2024,Smouha,TV02,1,26469.0,0.0,Installments,C0485
ORD-002495,29/05/2024,6th of October,KA02,2,3632.0,0.0,Credit Card,C0255
ORD-002494,29/05/2024,Nasr City,AU05,2,3146.0,0.0,cash,C0968
ORD-002493,29/05/2024,Maadi,KA05,1,9919.0,0.0,CASH,C1473
ORD-002492,29/05/2024,Nasr City,AX08,2,1311.0,0.0,CASH,C1072
ORD-002497,29/05/2024,Mansoura,AC06,1,40469.0,0.0,mobile wallet,C1907
ORD-002505,30/05/2024,Miami,AC03,1,25487.0,0.0,Cash,C1506
ORD-002506,30/05/2024,6th of October,AX07,3,771.0,0.0,credit card,C0905
ORD-002507,30/05/2024,6th of October,AX02,2,350.0,0.0,Credit Card,C0898
ORD-002508,30/05/2024,Miami,AX06,4,1122.0,0.0,Cash,C0548
ORD-002510,30/05/2024,Dokki,AX03,5,550.0,0.0,Cash,C0628
ORD-002509,30/05/2024,Miami,SP05,1,19813.0,0.0,Valu/Installments,C1959
ORD-002512,30/05/2024,Heliopolis,AX02,4,357.0,0.0,CASH,C2482
ORD-002513,30/05/2024,Maadi,AC01,1,33511.0,0.0,Visa/Mastercard,C1531
ORD-002514,30/05/2024,Nasr City,AX12,2,910.0,0.0,Visa/Mastercard,C1704
ORD-002516,30/05/2024,Nasr City,AX09,1,1897.0,0.0,mobile wallet,C1929
ORD-002517,30/05/2024,Mansoura,AC02,1,45206.0,0.0,Valu/Installments,C2202
ORD-002518,30/05/2024,Dokki,AX10,2,462.0,0.0,cash,C0895
ORD-002519,30/05/2024,Maadi,AX01,5,978.0,0.0,credit card,C1014
ORD-002511,30/05/2024,Nasr City,AX03,4,551.0,0.0,cash,C1864
ORD-002515,30/05/2024,Nasr City,AX05,4,2381.0,0.0,cash,C2250
ORD-002528,31/05/2024,Dokki,AU04,2,1472.0,0.05,cash,C0460
ORD-002529,31/05/2024,Smouha,LP04,1,77655.0,0.0,Installments,C0253
ORD-002520,31/05/2024,Dokki,AX10,3,450.0,0.0,Visa/Mastercard,C2441
ORD-002521,31/05/2024,Heliopolis,AC01,1,34165.0,0.0,mobile wallet,C0336
ORD-002522,31/05/2024,Maadi,LP05,1,36212.0,0.0,cash,C2153
ORD-002523,31/05/2024,Miami,LP04,1,76674.0,0.0,cash,C1830
ORD-002524,31/05/2024,Miami,SP02,1,52866.0,0.0,mobile wallet,C2164
ORD-002525,31/05/2024,Heliopolis,AX08,1,1354.0,0.0,Credit Card,C1482
ORD-002526,31/05/2024,Nasr City,SP02,1,51855.0,0.05,Valu/Installments,C0320
ORD-002527,31/05/2024,Dokki,AC06,1,42390.0,0.0,installments,C2311
RET-000069,31/05/2024,Dokki,AU04,-2,1472.0,0.05,cash,C0460
ORD-002530,31/05/2024,Mansoura,AU03,1,13385.0,0.0,VF Cash,C2244
ORD-002531,01/06/2024,Dokki,AX08,5,1338.0,0.0,cash,C2071
ORD-002549,01/06/2024,Miami,AC06,1,40321.0,0.0,Installments,C2091
ORD-002547,01/06/2024,Maadi,TV05,1,24247.0,0.0,Installments,C0373
ORD-002548,01/06/2024,Mansoura,AC01,1,33767.0,0.0,credit card,
ORD-002532,01/06/2024,Smouha,AX02,2,347.0,0.0,VF Cash,C0829
ORD-002550,01/06/2024,Maadi,TV02,1,26953.0,0.0,Valu/Installments,C1825
ORD-002551,01/06/2024,Maadi,AC01,1,34292.0,0.0,installments,C0228
ORD-002552,01/06/2024,Heliopolis,SP03,1,56536.0,0.0,Visa/Mastercard,C1858
ORD-002553,01/06/2024,Miami,TV04,1,40378.0,0.0,cash,C0541
ORD-002554,01/06/2024,Smouha,AX12,2,889.0,0.0,CASH,C2103
ORD-002544,01/06/2024,Nasr City,SP08,1,44262.0,0.0,credit card,C0842
ORD-002543,01/06/2024,Heliopolis,AC04,1,57224.0,0.0,Visa/Mastercard,C0477
ORD-002542,01/06/2024,Heliopolis,AX04,2,243.0,0.0,CASH,C1810
ORD-002541,01/06/2024,Mansoura,LP06,1,22061.0,0.0,Installments,C2132
ORD-002540,01/06/2024,Heliopolis,AX06,4,1153.0,0.0,VF Cash,C1344
ORD-002539,01/06/2024,Nasr City,LP02,1,40771.0,0.0,installments,C0674
ORD-002538,01/06/2024,Heliopolis,KA05,2,9737.0,0.0,mobile wallet,C0614
ORD-002537,01/06/2024,Mansoura,TB02,1,13752.0,0.0,Credit Card,
ORD-002536,01/06/2024,6th of October,AC02,1,45481.0,0.05,VF Cash,C2199
ORD-002535,01/06/2024,Mansoura,TB02,1,13220.0,0.0,credit card,
ORD-002534,01/06/2024,Miami,TB01,1,25123.0,0.0,installments,C2346
ORD-002533,01/06/2024,Mansoura,AU05,1,3273.0,0.0,Mobile Wallet,
ORD-002546,01/06/2024,Nasr City,AX08,3,1337.0,0.0,credit card,C2003
ORD-002545,01/06/2024,Nasr City,SP08,1,44023.0,0.0,CASH,C2389
ORD-002569,02/06/2024,Heliopolis,AC04,1,59075.0,0.0,Credit Card,
ORD-002571,02/06/2024,Dokki,SP04,1,11440.0,0.0,CASH,C1736
ORD-002556,02/06/2024,6th of October,AX05,4,2483.0,0.0,VF Cash,C1872
ORD-002557,02/06/2024,Dokki,AC04,1,57445.0,0.0,Installments,C2310
ORD-002558,02/06/2024,Maadi,AX09,3,1826.0,0.0,Valu/Installments,C0237
ORD-002559,02/06/2024,Mansoura,AU03,2,13757.0,0.0,Cash,C2289
ORD-002560,02/06/2024,Dokki,AX03,1,544.0,0.0,cash,C1894
ORD-002561,02/06/2024,Dokki,KA03,2,6948.0,0.0,Visa/Mastercard,C1263
ORD-002562,02/06/2024,Heliopolis,AU02,2,9120.0,0.0,Credit Card,C0090
ORD-002563,02/06/2024,Mansoura,SP01,1,,0.0,Visa/Mastercard,C1622
ORD-002564,02/06/2024,Mansoura,TB02,1,13747.0,0.05,Credit Card,C1043
ORD-002565,02/06/2024,Heliopolis,AX01,4,935.0,0.05,Cash,C0013
ORD-002566,02/06/2024,Nasr City,KA02,1,3644.0,0.0,Cash,C0893
ORD-002567,02/06/2024,Maadi,AX11,4,410.0,0.05,cash,C2369
ORD-002555,02/06/2024,Heliopolis,AC05,1,37619.0,0.0,Valu/Installments,C1702
ORD-002568,02/06/2024,Heliopolis ,KA02,1,3614.0,0.0,CASH,C0300
ORD-002570,02/06/2024,Nasr City,AX11,2,390.0,0.0,Mobile Wallet,C0186
ORD-002573,02/06/2024,Maadi,TV03,1,14104.0,0.05,cash,C0262
ORD-002574,02/06/2024,Smouha,SP08,1,45695.0,0.0,Valu/Installments,C2217
ORD-002575,02/06/2024,Maadi,AU03,1,13189.0,0.0,credit card,C0247
ORD-002576,02/06/2024,Miami,TB01,1,24251.0,0.0,Installments,C0283
ORD-002572,02/06/2024,Miami,LP01,1,27874.0,0.0,Valu/Installments,C1412
ORD-002589,03/06/2024,Miami,TV02,1,26243.0,0.0,Valu/Installments,C0329
ORD-002586,03/06/2024,Smouha,TV06,1,89282.0,0.0,mobile wallet,C1838
ORD-002587,03/06/2024,Heliopolis,AC03,1,25404.0,0.0,CASH,C1547
ORD-002588,03/06/2024,Smouha,AX10,5,455.0,0.0,Visa/Mastercard,C1539
ORD-002590,03/06/2024,Heliopolis,AX09,4,1826.0,0.0,CASH,C2209
ORD-002591,03/06/2024,Nasr City,AC06,1,40955.0,0.0,Installments,C0545
ORD-002592,03/06/2024,6th of October,AC05,1,37936.0,0.0,installments,
ORD-002593,03/06/2024,6th of October,SP08,1,45889.0,0.0,Installments,C1425
ORD-002584,03/06/2024,Miami,AC02,1,47428.0,0.0,Credit Card,C1534
ORD-002583,03/06/2024,Maadi,SP02,1,53460.0,0.0,Installments,C1722
ORD-002585,03/06/2024,Heliopolis,AX02,1,353.0,0.0,Installments,C1567
ORD-002582,03/06/2024,Miami,AX05,2,2426.0,0.0,cash,C0555
ORD-002581,03/06/2024,Nasr City,AX06,2,1165.0,0.0,Cash,C0738
ORD-002580,03/06/2024,mansoura,AX02,5,351.0,0.0,CASH,C1675
ORD-002579,03/06/2024,Heliopolis ,TV02,1,26051.0,0.0,Credit Card,C1176
ORD-002578,03/06/2024,Miami,AU01,1,6592.0,0.0,Visa/Mastercard,C0130
ORD-002577,03/06/2024,Smouha,AX04,4,246.0,0.05,Cash,C1934
ORD-002594,03/06/2024,Nasr City,AX05,5,2461.0,0.0,Visa/Mastercard,C0486
RET-000078,03/06/2024,6th of October,AC05,-1,37936.0,0.0,installments,
ORD-002609,04/06/2024,Mansoura ,AU02,2,9041.0,0.0,Mobile Wallet,C0941
ORD-002611,04/06/2024,Smouha,AX08,3,1373.0,0.0,Cash,C1887
ORD-002595,04/06/2024,Smouha,AX07,4,740.0,0.0,Credit Card,C0732
ORD-002596,04/06/2024,Heliopolis,AX05,4,2401.0,0.05,CASH,C2201
ORD-002597,04/06/2024,Heliopolis,KA04,2,25023.0,0.0,Installments,C1610
ORD-002598,04/06/2024,miami,AX11,3,398.0,0.0,CASH,C2167
ORD-002599,04/06/2024,Maadi,SP08,1,45405.0,0.0,Visa/Mastercard,C0522
ORD-002600,04/06/2024,Miami,SP01,1,16228.0,0.0,CASH,C0913
ORD-002601,04/06/2024,Miami,SP04,1,11165.0,0.0,Credit Card,C0015
ORD-002602,04/06/2024,Miami,LP01,1,29025.0,0.05,CASH,C0094
ORD-002603,04/06/2024,Heliopolis,AC02,1,47070.0,0.0,Installments,C1223
ORD-002604,04/06/2024,Dokki,AX01,2,958.0,0.0,Visa/Mastercard,C1897
ORD-002605,04/06/2024,Smouha,AX09,1,1795.0,0.0,Visa/Mastercard,C2231
ORD-002606,04/06/2024,Dokki,AU04,2,1436.0,0.0,Cash,C1738
ORD-002610,04/06/2024,Heliopolis,AX12,4,914.0,0.05,mobile wallet,C1014
ORD-002607,04/06/2024,Smouha,AC02,1,47364.0,0.0,Valu/Installments,C2179
ORD-002608,04/06/2024,Miami,AC03,1,,0.0,credit card,C1554
ORD-002612,04/06/2024,Heliopolis,SP06,1,9852.0,0.0,Visa/Mastercard,C1418
ORD-002632,05/06/2024,Dokki,AC02,1,45584.0,0.0,Valu/Installments,C0182
ORD-002630,05/06/2024,Heliopolis,AU04,2,1487.0,0.0,CASH,
ORD-002629,05/06/2024,Nasr City,AX05,3,2454.0,0.05,cash,C0200
ORD-002628,05/06/2024,Miami,AC02,1,45540.0,0.0,Valu/Installments,C2449
ORD-002627,05/06/2024,Dokki,KA03,2,6872.0,0.0,Visa/Mastercard,C1829
ORD-002626,05/06/2024,6th of October,AC03,1,25859.0,0.0,Valu/Installments,C0138
ORD-002625,05/06/2024,Smouha,KA04,2,24404.0,0.05,Valu/Installments,C2433
ORD-002624,05/06/2024,Smouha,KA04,2,24869.0,0.0,Visa/Mastercard,C0414
ORD-002623,05/06/2024,Mansoura,KA07,2,18792.0,0.0,Visa/Mastercard,C0276
ORD-002622,05/06/2024,Heliopolis,AC03,1,25823.0,0.0,installments,C0845
ORD-002621,05/06/2024,Dokki,AC04,1,58583.0,0.0,Credit Card,C0986
ORD-002620,05/06/2024,6th of October,KA05,1,9587.0,0.05,Cash,
ORD-002619,05/06/2024,NASR CITY,AC03,1,26571.0,0.0,Installments,C0065
ORD-002618,05/06/2024,6th of October,TB03,1,9535.0,0.0,Valu/Installments,C1718
ORD-002617,05/06/2024,Heliopolis,SP06,1,10048.0,0.0,Visa/Mastercard,C0132
ORD-002616,05/06/2024,Dokki,AC06,1,41427.0,0.0,Mobile Wallet,C0463
ORD-002615,05/06/2024,Nasr City,AX12,1,920.0,0.0,VF Cash,C0773
ORD-002614,05/06/2024,Dokki,AC01,1,33204.0,0.0,Installments,C1130
ORD-002613,05/06/2024,Maadi,SP05,1,18976.0,0.0,cash,C0636
ORD-002631,05/06/2024,6th of October,AX04,1,248.0,0.0,Visa/Mastercard,C1003
ORD-002651,06/06/2024,Nasr City,AX05,3,2444.0,0.0,Cash,
ORD-002652,06/06/2024,Heliopolis,SP02,1,52977.0,0.0,mobile wallet,C2136
ORD-002634,06/06/2024,Nasr City,SP07,1,14523.0,0.0,Installments,C1798
ORD-002650,06/06/2024,Smouha,AX03,5,563.0,0.0,cash,C0587
ORD-002654,06/06/2024,Nasr City,AX10,1,451.0,0.0,credit card,C1694
ORD-002655,06/06/2024,Dokki,AC01,1,34332.0,0.0,Cash,C1231
ORD-002656,06/06/2024,Nasr City,LP05,1,34906.0,0.0,Valu/Installments,C1128
ORD-002649,06/06/2024,Mansoura,AX08,5,1312.0,0.0,Credit Card,C1237
ORD-002648,06/06/2024,Dokki,AC03,1,,0.0,installments,C0971
ORD-002647,06/06/2024,Smouha,AU04,2,1465.0,0.0,Visa/Mastercard,C1314
ORD-002646,06/06/2024,Heliopolis,AX12,1,873.0,0.0,CASH,C2450
ORD-002645,06/06/2024,Nasr City,AC05,1,39170.0,0.0,Cash,C2366
ORD-002644,06/06/2024,Dokki,TV06,1,88734.0,0.0,credit card,C1307
ORD-002643,06/06/2024,Smouha,AU05,2,3281.0,0.0,cash,C2360
ORD-002642,06/06/2024,Maadi,AX10,2,446.0,0.0,Installments,C0960
ORD-002641,06/06/2024,Heliopolis,SP01,1,16732.0,0.0,Visa/Mastercard,C1185
ORD-002640,06/06/2024,Maadi,AC03,1,26159.0,0.0,Valu/Installments,C2064
ORD-002639,06/06/2024,Nasr City,AU02,1,8636.0,0.0,Cash,C0574
ORD-002638,06/06/2024,Heliopolis,SP01,1,16256.0,0.05,Visa/Mastercard,C0232
ORD-002637,06/06/2024,Miami,AC01,1,33211.0,0.0,Installments,C0890
ORD-002636,06/06/2024,Dokki,TB03,1,9419.0,0.0,Visa/Mastercard,C2211
ORD-002635,06/06/2024,Dokki,AC01,1,33243.0,0.0,installments,C0960
ORD-002633,06/06/2024,Smouha,SP05,1,19126.0,0.0,Valu/Installments,C1648
ORD-002653,06/06/2024,Dokki,AC01,1,33120.0,0.0,cash,C0906
ORD-002661,07/06/2024,Maadi,LP04,1,77327.0,0.0,Mobile Wallet,
ORD-002669,07/06/2024,Heliopolis,AX04,5,247.0,0.0,mobile wallet,C1306
ORD-002668,07/06/2024,Smouha,TV04,1,41691.0,0.0,Valu/Installments,C2149
ORD-002667,07/06/2024,Heliopolis,SP03,1,59128.0,0.0,CASH,C1562
ORD-002666,07/06/2024,Heliopolis,SP02,1,50746.0,0.0,Installments,C1411
ORD-002664,07/06/2024,NASR CITY,LP03,1,30806.0,0.0,VF Cash,C2031
ORD-002663,07/06/2024,Nasr City,SP01,1,16912.0,0.0,VF Cash,C2277
ORD-002665,07/06/2024,miami,AC01,1,32505.0,0.0,Credit Card,C0193
ORD-002660,07/06/2024,Miami ,KA01,2,4257.0,0.0,cash,C0718
ORD-002659,07/06/2024,Maadi,AC06,1,41741.0,0.0,installments,C2424
ORD-002658,07/06/2024,Nasr City,AU05,1,3104.0,0.05,Cash,C2281
ORD-002657,07/06/2024,Maadi,KA06,1,12707.0,0.0,credit card,C0250
ORD-002662,07/06/2024,Nasr City,AC03,1,26229.0,0.0,Installments,C1750
ORD-002676,08/06/2024,Mansoura,AX07,3,738.0,0.0,Visa/Mastercard,
ORD-002680,08/06/2024,Nasr City,AX03,2,537.0,0.0,mobile wallet,C1940
ORD-002679,08/06/2024,Maadi,AU02,2,8708.0,0.0,Installments,C2204
ORD-002678,08/06/2024,Miami,LP05,1,35527.0,0.05,CASH,
ORD-002677,08/06/2024,Nasr City,AX02,5,346.0,0.0,CASH,C0754
ORD-002675,08/06/2024,Dokki,LP05,1,35656.0,0.0,Credit Card,
ORD-002684,08/06/2024,Maadi,AX04,3,255.0,0.05,Visa/Mastercard,C0592
ORD-002673,08/06/2024,6th of october,AX05,5,2406.0,0.0,Visa/Mastercard,C1229
ORD-002672,08/06/2024,Miami,AC01,1,33673.0,0.0,credit card,C0612
ORD-002671,08/06/2024,Mansoura,LP05,1,35256.0,0.0,Visa/Mastercard,C1673
ORD-002670,08/06/2024,Mansoura,AU03,1,13454.0,0.0,Visa/Mastercard,C1706
ORD-002682,08/06/2024,Smouha,SP02,1,50880.0,0.0,installments,C0924
ORD-002674,08/06/2024,6th of October,AX03,5,545.0,0.0,Cash,C1542
ORD-002683,08/06/2024,Miami,SP07,1,14398.0,0.0,Visa/Mastercard,C1232
ORD-002681,08/06/2024,Heliopolis,TV03,1,14762.0,0.0,mobile wallet,C0988
ORD-002685,08/06/2024,Heliopolis,AC04,1,58970.0,0.0,credit card,C1897
ORD-002686,08/06/2024,nasr city,AX07,2,753.0,0.0,Credit Card,C0237
ORD-002687,08/06/2024,Maadi,AX08,2,1359.0,0.0,CASH,C2304
ORD-002688,08/06/2024,Heliopolis,SP08,1,45206.0,0.0,Visa/Mastercard,C1691
ORD-002689,08/06/2024,Dokki,TV02,1,26201.0,0.0,Installments,C1707
ORD-002690,08/06/2024,Smouha,LP04,1,79625.0,0.0,mobile wallet,C2283
ORD-002699,09/06/2024,heliopolis,KA01,2,4235.0,0.0,cash,C1353
ORD-002700,09/06/2024,Nasr City,TB04,1,17348.0,0.0,Mobile Wallet,C0324
ORD-002701,09/06/2024,Smouha,AC03,1,25954.0,0.0,Credit Card,C1843
ORD-002702,09/06/2024,Nasr City,LP04,1,78176.0,0.0,Valu/Installments,C1520
ORD-002703,09/06/2024,Smouha,LP01,1,29106.0,0.0,credit card,C0379
ORD-002704,09/06/2024,Heliopolis,KA03,1,6612.0,0.0,Visa/Mastercard,C2194
ORD-002705,09/06/2024,Nasr City,AX02,3,359.0,0.0,Credit Card,C0781
ORD-002706,09/06/2024,Miami,SP05,1,19884.0,0.0,CASH,C0212
ORD-002707,09/06/2024,Nasr City,AX02,3,341.0,0.0,VF Cash,C1100
ORD-002710,09/06/2024,Nasr City,AC05,1,38357.0,0.0,mobile wallet,C2470
ORD-002709,09/06/2024,miami,AX09,4,1887.0,0.0,Visa/Mastercard,C2478
ORD-002697,09/06/2024,Maadi,AC06,1,40412.0,0.0,Mobile Wallet,C1045
ORD-002711,09/06/2024,Maadi,AU02,2,9076.0,0.0,cash,
ORD-002696,09/06/2024,Nasr City,AX11,2,409.0,0.0,cash,C0995
ORD-002695,09/06/2024,Mansoura,AX09,5,1835.0,0.0,CASH,
ORD-002694,09/06/2024,Smouha,AX10,3,462.0,0.0,mobile wallet,C1591
ORD-002693,09/06/2024,Heliopolis,LP01,1,28828.0,0.0,Visa/Mastercard,
ORD-002692,09/06/2024,Nasr City,AX05,1,2490.0,0.05,CASH,C0550
ORD-002691,09/06/2024,6th of October,KA01,1,4283.0,0.0,installments,C2171
ORD-002708,09/06/2024,Nasr City,AX03,1,554.0,0.0,Credit Card,C1545
ORD-002698,09/06/2024,Nasr City,AX11,5,406.0,0.0,Cash,C0833
ORD-002716,10/06/2024,Smouha,KA04,2,24129.0,0.0,CASH,C2290
ORD-002721,10/06/2024,Smouha,AC05,1,38413.0,0.0,Valu/Installments,C1242
ORD-002722,10/06/2024,Heliopolis,AX10,5,440.0,0.0,Cash,C0063
ORD-002719,10/06/2024,Maadi,AU04,2,1467.0,0.0,cash,C0856
ORD-002725,10/06/2024,Heliopolis,TV02,1,26794.0,0.0,mobile wallet,
ORD-002712,10/06/2024,Miami,AC02,1,45508.0,0.0,cash,C0162
ORD-002724,10/06/2024,6th of October ,SP04,1,11364.0,0.0,Valu/Installments,C0779
ORD-002720,10/06/2024,Maadi,AC06,1,40662.0,0.0,Visa/Mastercard,C1364
ORD-002718,10/06/2024,Dokki,KA07,1,18248.0,0.0,cash,C1964
ORD-002717,10/06/2024,Miami,SP08,1,45110.0,0.0,CASH,C0889
ORD-002715,10/06/2024,MAADI,AX01,1,924.0,0.0,cash,C2407
ORD-002714,10/06/2024,Maadi,AX09,4,1863.0,0.0,mobile wallet,C0771
ORD-002713,10/06/2024,6th of October,AC03,1,25829.0,0.0,installments,C0299
ORD-002723,10/06/2024,Nasr City,AX05,3,2418.0,0.0,Visa/Mastercard,C0868
ORD-002726,11/06/2024,Dokki,AX11,5,405.0,0.0,CASH,
ORD-002727,11/06/2024,Nasr City,AC03,1,26152.0,0.0,mobile wallet,C0481
ORD-002728,11/06/2024,Dokki,AX02,2,353.0,0.0,mobile wallet,C1962
ORD-002729,11/06/2024,Smouha,AX04,4,243.0,0.05,installments,C0994
ORD-002731,11/06/2024,Heliopolis ,AX03,1,547.0,0.0,Valu/Installments,C0838
ORD-002730,11/06/2024,Miami,AX04,3,253.0,0.0,VF Cash,C2476
ORD-002733,11/06/2024,dokki,SP01,1,16180.0,0.0,Mobile Wallet,C1625
ORD-002734,11/06/2024,Miami,AC06,1,40500.0,0.0,Mobile Wallet,C0981
ORD-002736,11/06/2024,Smouha,SP05,1,19541.0,0.0,CASH,C1318
ORD-002737,11/06/2024,Dokki,AX06,2,1154.0,0.0,credit card,C1160
ORD-002738,11/06/2024,Heliopolis,AU01,2,6667.0,0.0,Valu/Installments,C1560
ORD-002739,11/06/2024,Heliopolis,AX11,5,406.0,0.0,cash,C1910
ORD-002740,11/06/2024,Maadi,AX02,1,341.0,0.0,Cash,C2186
ORD-002741,11/06/2024,heliopolis,TV05,1,24387.0,0.0,Valu/Installments,C1472
ORD-002742,11/06/2024,Mansoura,AX02,1,350.0,0.0,cash,C1264
ORD-002743,11/06/2024,Nasr City,KA05,2,9872.0,0.0,Cash,C1072
ORD-002744,11/06/2024,6th of October,AX11,4,404.0,0.0,CASH,C1474
ORD-002732,11/06/2024,MAADI,TV03,1,14778.0,0.0,cash,
ORD-002735,11/06/2024,Dokki,SP05,1,19577.0,0.0,Visa/Mastercard,C2262
ORD-002753,12/06/2024,Mansoura,TV02,1,25811.0,0.0,installments,C1282
RET-000058,12/06/2024,Nasr City,AC05,-1,38609.0,0.0,cash,C0598
ORD-002745,12/06/2024,Heliopolis,TB01,1,24798.0,0.0,Mobile Wallet,C2101
ORD-002746,12/06/2024,Nasr City,LP06,1,,0.05,VF Cash,C2037
ORD-002747,12/06/2024,Mansoura,AC04,1,59995.0,0.0,credit card,C1909
ORD-002748,12/06/2024,Smouha,KA06,2,,0.0,credit card,C0404
ORD-002749,12/06/2024,6th of October,TV06,1,90510.0,0.0,cash,C1924
ORD-002751,12/06/2024,Dokki ,KA04,2,24208.0,0.0,installments,C0833
ORD-002750,12/06/2024,Maadi,AU05,1,3158.0,0.0,CASH,C1312
ORD-002752,12/06/2024,Heliopolis,SP07,1,14352.0,0.0,Mobile Wallet,C1519
ORD-002761,12/06/2024,Nasr City,KA07,2,18327.0,0.0,Valu/Installments,
ORD-002755,12/06/2024,Mansoura,AC06,1,42406.0,0.0,cash,C0188
ORD-002756,12/06/2024,Dokki,AC04,1,57688.0,0.0,installments,C2305
ORD-002757,12/06/2024,Maadi,AX07,1,736.0,0.0,cash,
ORD-002758,12/06/2024,Smouha,LP03,1,30773.0,0.0,cash,C0907
ORD-002759,12/06/2024,Smouha,KA02,1,3523.0,0.0,VF Cash,
ORD-002760,12/06/2024,Nasr City,AC05,1,38609.0,0.0,cash,C0598
ORD-002754,12/06/2024,Dokki,AU05,2,3120.0,0.0,Mobile Wallet,C1696
ORD-002762,12/06/2024,Nasr City,AX07,2,744.0,0.0,Cash,C0067
ORD-002763,12/06/2024,Dokki,AX07,3,748.0,0.0,cash,C1069
ORD-002773,13/06/2024,Heliopolis,AX10,5,447.0,0.0,Installments,C0943
ORD-002771,13/06/2024,Maadi,AU02,2,8911.0,0.0,Credit Card,C0804
ORD-002772,13/06/2024,Dokki,AX05,3,2386.0,0.0,Cash,C1352
ORD-002774,13/06/2024,Heliopolis,AX07,3,747.0,0.0,Credit Card,C1556
ORD-002769,13/06/2024,Dokki,AX07,5,737.0,0.0,Installments,C1210
ORD-002770,13/06/2024,Mansoura,AC06,1,40545.0,0.0,credit card,C0625
ORD-002775,13/06/2024,Dokki,AC05,1,38684.0,0.0,Valu/Installments,C2334
ORD-002765,13/06/2024,Miami,KA04,2,24885.0,0.0,Mobile Wallet,C2393
ORD-002766,13/06/2024,6th of October,TV01,1,31880.0,0.0,Cash,C2373
ORD-002777,13/06/2024,Maadi,KA05,2,9520.0,0.0,credit card,C2046
ORD-002778,13/06/2024,Nasr City,AU02,1,8695.0,0.0,Valu/Installments,C2256
ORD-002768,13/06/2024,Miami,AU05,2,3241.0,0.0,CASH,C1711
ORD-002764,13/06/2024,Nasr City,LP05,1,35341.0,0.0,CASH,C2267
ORD-002776,13/06/2024,Dokki,AU05,2,3181.0,0.0,VF Cash,C1007
ORD-002767,13/06/2024,Dokki,SP06,1,9783.0,0.0,VF Cash,
ORD-002793,14/06/2024,Smouha,AU01,2,6493.0,0.0,Credit Card,C0241
ORD-002795,14/06/2024,Miami,AU04,2,1433.0,0.0,Valu/Installments,C0139
ORD-002779,14/06/2024,Heliopolis,LP02,1,41988.0,0.0,installments,C1383
ORD-002780,14/06/2024,6th of October,AU05,1,3283.0,0.0,Credit Card,C1055
ORD-002781,14/06/2024,Nasr City,AX09,1,1811.0,0.0,Cash,C2002
ORD-002782,14/06/2024,Miami,AC06,1,42280.0,0.0,Valu/Installments,C2010
ORD-002783,14/06/2024,Miami,KA02,2,3523.0,0.0,VF Cash,C1888
ORD-002784,14/06/2024,Miami,KA03,1,6667.0,0.0,cash,C0690
ORD-002785,14/06/2024,Miami,AX12,1,925.0,0.0,Credit Card,C1443
ORD-002786,14/06/2024,Heliopolis,TV06,1,91366.0,0.0,mobile wallet,C0694
ORD-002787,14/06/2024,Maadi,KA05,2,9765.0,0.0,cash,C0574
ORD-002788,14/06/2024,Dokki,LP05,1,36159.0,0.0,Credit Card,C2239
ORD-002789,14/06/2024,Smouha,LP02,1,40896.0,0.0,CASH,C2001
ORD-002790,14/06/2024,Heliopolis,AX06,3,1124.0,0.0,cash,
ORD-002794,14/06/2024,Nasr City,AC03,1,25740.0,0.0,credit card,C2147
ORD-002791,14/06/2024,Mansoura,SP03,1,58784.0,0.0,credit card,C0754
ORD-002792,14/06/2024,Heliopolis,SP05,1,19778.0,0.0,Visa/Mastercard,C2221
ORD-002796,14/06/2024,Maadi,AC06,1,41614.0,0.0,Installments,C0305
ORD-002797,14/06/2024,Smouha,SP04,1,11391.0,0.05,Mobile Wallet,
ORD-002798,14/06/2024,Nasr City,AU01,2,,0.0,cash,C0199
ORD-002799,14/06/2024,MIAMI,TV01,1,31341.0,0.0,Credit Card,C0027
ORD-002812,15/06/2024,Dokki,AU05,2,3189.0,0.0,installments,C1980
ORD-002815,15/06/2024,Maadi,AX10,2,437.0,0.0,mobile wallet,C0028
ORD-002816,15/06/2024,Maadi,AC05,1,38710.0,0.0,VF Cash,C2180
ORD-002817,15/06/2024,Maadi,KA01,2,4315.0,0.0,Valu/Installments,C2260
ORD-002818,15/06/2024,Heliopolis,AX09,1,1816.0,0.0,cash,C1685
ORD-002819,15/06/2024,Dokki,SP08,1,44485.0,0.0,Mobile Wallet,C0049
ORD-002821,15/06/2024,Mansoura,AX09,3,1876.0,0.0,credit card,C2169
ORD-002814,15/06/2024,6th of October,TB04,1,17747.0,0.0,credit card,C0065
ORD-002822,15/06/2024,Mansoura,AX06,1,1165.0,0.0,cash,C1126
ORD-002823,15/06/2024,Maadi,AU04,2,1480.0,0.0,Credit Card,C2195
ORD-002824,15/06/2024,Mansoura,LP05,1,36124.0,0.0,mobile wallet,C1175
ORD-002820,15/06/2024,Heliopolis,AX12,4,877.0,0.0,Cash,C0069
ORD-002813,15/06/2024,Miami,SP07,1,14159.0,0.0,Credit Card,C1999
ORD-002810,15/06/2024,Nasr City,AC01,1,32505.0,0.0,cash,C0248
ORD-002811,15/06/2024,Miami,AU04,2,1433.0,0.0,CASH,
ORD-002825,15/06/2024,Mansoura,SP05,1,20058.0,0.0,Visa/Mastercard,C0071
ORD-002809,15/06/2024,Miami,TB01,1,24589.0,0.0,Credit Card,C1529
ORD-002808,15/06/2024,Nasr City,AX06,1,1149.0,0.0,cash,C1868
ORD-002807,15/06/2024,HELIOPOLIS,AC03,1,26622.0,0.0,installments,C2072
ORD-002806,15/06/2024,Miami,SP06,1,9566.0,0.0,Visa/Mastercard,C0896
ORD-002805,15/06/2024,Nasr City,LP04,1,78726.0,0.0,Valu/Installments,C0038
ORD-002804,15/06/2024,Smouha,LP02,1,42077.0,0.0,Visa/Mastercard,C0619
ORD-002803,15/06/2024,6th of October,AX09,2,1826.0,0.0,Cash,C0279
ORD-002802,15/06/2024,Maadi,SP07,1,14799.0,0.0,CASH,C0948
ORD-002801,15/06/2024,Miami,TB03,1,9612.0,0.0,credit card,C0564
ORD-002800,15/06/2024,Miami,AC06,1,42245.0,0.0,Installments,C1690
ORD-002826,15/06/2024,Nasr City,AC01,1,33319.0,0.0,VF Cash,C2058
ORD-002828,16/06/2024,Nasr City,AU02,2,8972.0,0.0,Cash,C0735
ORD-002837,16/06/2024,Heliopolis,LP05,1,35968.0,0.0,installments,C2157
ORD-002829,16/06/2024,Heliopolis,SP08,1,45609.0,0.0,Visa/Mastercard,C0439
ORD-002827,16/06/2024,Mansoura,SP08,1,45918.0,0.0,cash,C1764
ORD-002836,16/06/2024,Nasr City,SP07,1,,0.0,VF Cash,
ORD-002830,16/06/2024,Dokki,AU01,1,6444.0,0.0,Cash,C0395
ORD-002832,16/06/2024,Smouha,AX09,1,1810.0,0.0,Cash,C2148
ORD-002851,16/06/2024,Nasr City,AX10,5,451.0,0.0,Credit Card,C0130
ORD-002850,16/06/2024,Mansoura,SP03,1,56515.0,0.0,CASH,C0331
ORD-002849,16/06/2024,Dokki,AC03,1,25948.0,0.0,Valu/Installments,C1229
ORD-002848,16/06/2024,Dokki,AX04,4,246.0,0.0,Credit Card,C0926
ORD-002847,16/06/2024,Smouha,AC03,1,26039.0,0.0,Installments,C0997
ORD-002846,16/06/2024,Mansoura,AU04,1,,0.0,CASH,C2315
ORD-002845,16/06/2024,Miami,AC03,1,26326.0,0.0,Installments,C1881
ORD-002835,16/06/2024,Heliopolis,AU05,2,3281.0,0.0,credit card,C0787
ORD-002844,16/06/2024,Heliopolis,AU02,2,9075.0,0.0,cash,C1664
ORD-002842,16/06/2024,Maadi,AC03,1,26536.0,0.0,Installments,C0324
ORD-002841,16/06/2024,Dokki,KA02,2,3666.0,0.0,Valu/Installments,C1626
ORD-002840,16/06/2024,Nasr City,AX03,3,557.0,0.0,VF Cash,C1095
ORD-002839,16/06/2024,Miami,AU02,1,8658.0,0.0,cash,C1452
ORD-002838,16/06/2024,Mansoura,AX08,5,1333.0,0.0,Mobile Wallet,C1034
ORD-002834,16/06/2024,Mansoura,TV04,1,41758.0,0.0,installments,C0988
ORD-002833,16/06/2024,Miami,AX03,1,546.0,0.0,credit card,C0610
ORD-002843,16/06/2024,Nasr City,AC06,1,41950.0,0.0,credit card,C1529
ORD-002831,16/06/2024,Nasr City,SP03,1,57846.0,0.0,Visa/Mastercard,
ORD-002852,17/06/2024,Smouha,AU03,1,13865.0,0.0,cash,C0383
ORD-002853,17/06/2024,Heliopolis,AX02,4,342.0,0.0,mobile wallet,C1661
ORD-002855,17/06/2024,Miami,AU04,2,1470.0,0.0,Credit Card,C1545
ORD-002869,17/06/2024,Miami,AX06,3,1175.0,0.0,Visa/Mastercard,C0175
ORD-002868,17/06/2024,Heliopolis,AX08,5,1313.0,0.0,Visa/Mastercard,C2164
ORD-002867,17/06/2024,Nasr City,AU02,1,9167.0,0.0,Cash,C0391
ORD-002866,17/06/2024,Dokki,AX06,3,1177.0,0.0,Mobile Wallet,C2318
ORD-002865,17/06/2024,Nasr City,AX07,1,770.0,0.0,VF Cash,C1357
ORD-002864,17/06/2024,Dokki,KA07,2,18888.0,0.0,Valu/Installments,C1778
ORD-002863,17/06/2024,Heliopolis,TV01,1,31964.0,0.05,Valu/Installments,
ORD-002862,17/06/2024,Miami,SP07,1,14808.0,0.0,installments,C2048
ORD-002861,17/06/2024,Smouha,TV01,1,31404.0,0.0,VF Cash,C0339
ORD-002860,17/06/2024,Nasr City,AC06,1,42410.0,0.0,credit card,C0702
ORD-002859,17/06/2024,Dokki,AU02,2,9009.0,0.0,Credit Card,C0039
ORD-002858,17/06/2024,Maadi,AC02,1,45749.0,0.0,Valu/Installments,C0230
ORD-002857,17/06/2024,Smouha,SP06,1,9674.0,0.0,credit card,C1950
ORD-002856,17/06/2024,Dokki,SP02,1,51277.0,0.0,credit card,C2264
RET-000062,17/06/2024,Dokki,KA07,-2,18888.0,0.0,Valu/Installments,C1778
ORD-002854,17/06/2024,Heliopolis,SP08,1,44515.0,0.0,Cash,C1554
RET-000057,18/06/2024,Nasr City,KA02,-2,3516.0,0.0,credit card,C2322
ORD-002875,18/06/2024,Miami,AC02,1,46158.0,0.0,Mobile Wallet,
ORD-002879,18/06/2024,HELIOPOLIS,AU03,1,13164.0,0.0,cash,C2225
ORD-002870,18/06/2024,Nasr City,TB01,1,24470.0,0.0,Visa/Mastercard,C0942
ORD-002871,18/06/2024,Maadi,AX07,2,732.0,0.0,CASH,C0866
ORD-002872,18/06/2024,Nasr City,KA02,2,3516.0,0.0,credit card,C2322
ORD-002873,18/06/2024,Nasr City,KA02,2,3501.0,0.0,Cash,C1948
ORD-002874,18/06/2024,NASR CITY,AX08,1,1334.0,0.0,Cash,C1111
ORD-002876,18/06/2024,Nasr City,SP06,1,9992.0,0.0,Cash,C0191
ORD-002877,18/06/2024,6th of October,TB02,1,13495.0,0.0,credit card,C0305
ORD-002878,18/06/2024,Maadi,AX09,3,1882.0,0.0,VF Cash,C1149
ORD-002880,18/06/2024,Mansoura,KA07,1,18225.0,0.0,Installments,C2309
ORD-002881,18/06/2024,Heliopolis,AX09,1,1848.0,0.0,CASH,C0135
ORD-002882,18/06/2024,Smouha,SP01,1,16922.0,0.0,Cash,C0735
ORD-002892,19/06/2024,Dokki,TV03,1,14109.0,0.0,cash,C2310
ORD-002893,19/06/2024,6th of October,AU01,2,6442.0,0.0,Cash,
ORD-002896,19/06/2024,Miami,KA01,1,4075.0,0.0,cash,C1594
ORD-002895,19/06/2024,Nasr City,AX04,4,251.0,0.0,VF Cash,C2322
ORD-002891,19/06/2024,Smouha,TV03,1,14136.0,0.0,Mobile Wallet,C0666
ORD-002894,19/06/2024,Nasr City,AX10,4,437.0,0.0,Cash,C0985
ORD-002889,19/06/2024,mansoura,AX12,0,920.0,0.0,Mobile Wallet,C0316
ORD-002890,19/06/2024,Heliopolis,AX03,4,563.0,0.0,credit card,C1226
ORD-002887,19/06/2024,Maadi,AU01,1,6366.0,0.0,cash,C0591
ORD-002886,19/06/2024,Smouha,AC01,1,32962.0,0.0,credit card,C2405
ORD-002885,19/06/2024,Mansoura,LP01,1,28491.0,0.0,Visa/Mastercard,C0849
ORD-002884,19/06/2024,Dokki ,TV03,1,14529.0,0.0,Mobile Wallet,C0065
ORD-002883,19/06/2024,Miami,TB02,1,13171.0,0.0,cash,C1289
ORD-002888,19/06/2024,Dokki,AX04,4,244.0,0.0,Valu/Installments,C1632
ORD-002901,20/06/2024,SMOUHA,AX08,3,1313.0,0.0,Mobile Wallet,C0322
ORD-002906,20/06/2024,Miami,TV02,1,26989.0,0.05,Installments,C1791
ORD-002905,20/06/2024,Miami,AX11,3,407.0,0.0,mobile wallet,C0401
ORD-002904,20/06/2024,Heliopolis,LP03,1,30404.0,0.0,Installments,C0220
ORD-002903,20/06/2024,Miami,AC02,1,46509.0,0.0,installments,C1417
ORD-002899,20/06/2024,Mansoura,AX12,3,899.0,0.0,Installments,C1573
ORD-002900,20/06/2024,Mansoura,KA02,2,3565.0,0.0,credit card,C0574
ORD-002898,20/06/2024,nasr city,LP06,1,21850.0,0.0,VF Cash,C1359
ORD-002897,20/06/2024,Miami,AC05,1,39098.0,0.0,Installments,C2215
ORD-002902,20/06/2024,Nasr City,SP06,1,9832.0,0.0,credit card,C2052
ORD-002910,21/06/2024,Mansoura,SP03,1,58776.0,0.0,Credit Card,C2479
ORD-002909,21/06/2024,Nasr City,SP01,1,16283.0,0.0,CASH,C1396
ORD-002911,21/06/2024,Heliopolis,TV04,1,40111.0,0.0,Credit Card,C2440
ORD-002907,21/06/2024,Miami,LP02,1,41069.0,0.0,Installments,C0951
ORD-002908,21/06/2024,Mansoura,SP03,1,59311.0,0.0,credit card,C0312
ORD-002913,21/06/2024,Nasr City,AX11,4,394.0,0.0,Cash,C1337
ORD-002914,21/06/2024,Smouha,AX09,4,1841.0,0.0,mobile wallet,C0122
ORD-002912,21/06/2024,Nasr City,AX09,3,1830.0,0.05,Credit Card,C1625
ORD-002929,21/06/2024,Dokki,AC01,1,33105.0,0.0,Installments,C1010
ORD-002928,21/06/2024,Maadi,TV02,1,25896.0,0.05,Installments,C1210
ORD-002927,21/06/2024,6th of October,AX12,1,894.0,0.0,installments,C0352
ORD-002926,21/06/2024,Miami,KA06,2,12271.0,0.0,CASH,C1557
ORD-002925,21/06/2024,Heliopolis,AU04,2,1421.0,0.0,CASH,C2400
ORD-002924,21/06/2024,Maadi,AC06,1,41486.0,0.0,CASH,C0761
ORD-002922,21/06/2024,Mansoura,AX07,4,768.0,0.0,Mobile Wallet,C1538
ORD-002923,21/06/2024,HELIOPOLIS,SP04,1,11496.0,0.0,cash,C1769
ORD-002920,21/06/2024,6th of October,AC06,1,41393.0,0.0,Credit Card,C2266
ORD-002919,21/06/2024,Smouha,AX01,5,968.0,0.0,CASH,C1458
ORD-002918,21/06/2024,Dokki,KA06,2,12292.0,0.0,credit card,C0935
ORD-002917,21/06/2024,Heliopolis,LP02,1,42973.0,0.0,Valu/Installments,C2010
ORD-002916,21/06/2024,Maadi,KA08,2,5315.0,0.0,CASH,C1846
ORD-002915,21/06/2024,Heliopolis,AC05,1,38959.0,0.0,Valu/Installments,C1120
ORD-002921,21/06/2024,Dokki,TV06,1,87052.0,0.0,CASH,
ORD-002932,22/06/2024,nasr city,AX07,5,758.0,0.0,Credit Card,C1098
ORD-002930,22/06/2024,Mansoura,KA08,2,5317.0,0.0,mobile wallet,C0302
ORD-002931,22/06/2024,Mansoura,AX05,2,2428.0,0.0,Mobile Wallet,C0337
ORD-002933,22/06/2024,Nasr City,AU05,1,3114.0,0.0,credit card,C0632
ORD-002954,22/06/2024,Heliopolis,AU01,2,6679.0,0.0,CASH,
ORD-002935,22/06/2024,Nasr City,AX09,5,1890.0,0.0,VF Cash,C0632
ORD-002953,22/06/2024,Nasr City,TB01,1,24706.0,0.0,CASH,C1839
ORD-002952,22/06/2024,Smouha,KA06,2,12438.0,0.0,Visa/Mastercard,C1766
ORD-002951,22/06/2024,Mansoura,AX01,3,946.0,0.0,Valu/Installments,C0768
ORD-002950,22/06/2024,Maadi,KA07,1,18946.0,0.0,Mobile Wallet,C0358
ORD-002949,22/06/2024,Smouha,AU02,2,8891.0,0.0,Credit Card,C0543
ORD-002948,22/06/2024,Nasr City,SP04,1,11621.0,0.0,Visa/Mastercard,C0419
ORD-002947,22/06/2024,Nasr City,AC05,1,38132.0,0.0,Credit Card,C1105
ORD-002946,22/06/2024,Smouha,AX01,4,943.0,0.0,VF Cash,C1475
ORD-002955,22/06/2024,Nasr City,LP05,1,35199.0,0.0,installments,C2282
ORD-002945,22/06/2024,Dokki,AU04,1,1469.0,0.0,Cash,C1822
ORD-002943,22/06/2024,Miami,TB03,1,9334.0,0.0,Cash,C0022
ORD-002942,22/06/2024,Mansoura,AC03,1,26427.0,0.0,Valu/Installments,C0375
ORD-002941,22/06/2024,Miami,AU04,2,1461.0,0.0,Mobile Wallet,C0437
ORD-002940,22/06/2024,Nasr City ,TB03,1,9749.0,0.0,mobile wallet,C1478
ORD-002939,22/06/2024,Smouha,AX08,5,1386.0,0.0,CASH,C1298
ORD-002938,22/06/2024,Dokki,AU02,1,9014.0,0.05,cash,C1596
ORD-002937,22/06/2024,6th of October,AX10,2,453.0,0.0,Visa/Mastercard,
ORD-002936,22/06/2024,Heliopolis,SP03,1,58286.0,0.0,installments,
ORD-002944,22/06/2024,Dokki,AX02,2,341.0,0.0,cash,C1263
ORD-002934,22/06/2024,Miami,AX09,4,1875.0,0.0,Valu/Installments,C1557
ORD-002968,23/06/2024,6th of October,SP04,1,11316.0,0.0,CASH,C1329
ORD-002962,23/06/2024,Miami,AX05,5,2436.0,0.0,Visa/Mastercard,C0368
ORD-002963,23/06/2024,Miami,AC06,1,42384.0,0.0,Valu/Installments,C1450
ORD-002966,23/06/2024,Nasr City,AX06,2,1142.0,0.0,CASH,C2446
ORD-002961,23/06/2024,Smouha,AX07,5,728.0,0.05,Cash,C0108
ORD-002960,23/06/2024,Nasr City,SP06,1,9611.0,0.0,Cash,C0424
ORD-002959,23/06/2024,Nasr City,TV04,1,40128.0,0.0,Mobile Wallet,
ORD-002958,23/06/2024,Smouha,LP01,1,28998.0,0.0,VF Cash,C1672
ORD-002957,23/06/2024,6th of October,AX02,2,355.0,0.0,Installments,C2099
ORD-002956,23/06/2024,Nasr City,SP01,1,16221.0,0.05,credit card,C2273
ORD-002967,23/06/2024,Miami,TV03,1,14228.0,0.0,mobile wallet,C2450
ORD-002964,23/06/2024,Miami,AX05,4,2401.0,0.0,Mobile Wallet,C2271
ORD-002965,23/06/2024,Nasr City ,SP05,1,19590.0,0.0,CASH,C0382
ORD-002985,24/06/2024,Maadi,AX08,2,1327.0,0.0,VF Cash,C1234
ORD-002969,24/06/2024,NASR CITY,AC02,1,45777.0,0.0,Credit Card,C1578
ORD-002970,24/06/2024,Heliopolis,TV04,1,40351.0,0.0,Credit Card,C0051
ORD-002971,24/06/2024,Heliopolis,AX02,4,359.0,0.0,Mobile Wallet,C1196
ORD-002986,24/06/2024,Nasr City,AX11,2,391.0,0.0,Cash,
ORD-002973,24/06/2024,Dokki,KA01,2,4241.0,0.0,Mobile Wallet,C1589
ORD-002974,24/06/2024,Nasr City,AX03,2,547.0,0.0,installments,C0347
ORD-002975,24/06/2024,Miami,AC01,1,33801.0,0.0,Valu/Installments,C2292
ORD-002976,24/06/2024,Heliopolis,SP01,1,16682.0,0.0,cash,
ORD-002972,24/06/2024,Dokki,AX02,3,358.0,0.0,Cash,C1695
ORD-002987,24/06/2024,Miami,AX01,1,944.0,0.0,credit card,C1100
ORD-002977,24/06/2024,Miami,SP01,1,16623.0,0.0,installments,C0995
ORD-002984,24/06/2024,Heliopolis,AC01,1,34200.0,0.0,Valu/Installments,C1102
ORD-002983,24/06/2024,Mansoura,AU01,1,6432.0,0.0,cash,C0569
ORD-002978,24/06/2024,Miami,KA07,1,17987.0,0.0,credit card,C2343
ORD-002981,24/06/2024,Smouha,LP05,1,35844.0,0.0,Valu/Installments,C1560
ORD-002980,24/06/2024,Miami,TV04,1,41439.0,0.0,Cash,C0695
ORD-002979,24/06/2024,Dokki,AC01,1,33823.0,0.0,mobile wallet,C2135
ORD-002982,24/06/2024,Smouha,AX01,3,928.0,0.0,cash,C0695
ORD-002998,25/06/2024,Heliopolis,AX10,5,452.0,0.0,cash,
ORD-002988,25/06/2024,Smouha,AU01,2,6334.0,0.0,Visa/Mastercard,C2020
ORD-002990,25/06/2024,Nasr City,SP07,1,14152.0,0.0,credit card,C0260
ORD-002991,25/06/2024,Mansoura,LP01,1,28505.0,0.05,Visa/Mastercard,C0685
ORD-002992,25/06/2024,Miami,SP03,1,59526.0,0.05,Installments,
ORD-002993,25/06/2024,Heliopolis,AX04,2,255.0,0.0,installments,C1781
ORD-002994,25/06/2024,Heliopolis,SP08,1,45138.0,0.0,installments,C1131
ORD-002995,25/06/2024,miami,SP03,1,56564.0,0.0,Valu/Installments,C1725
ORD-002996,25/06/2024,Smouha,AU03,2,13725.0,0.0,CASH,C1228
ORD-002989,25/06/2024,Maadi,AX02,2,341.0,0.0,Installments,C0598
ORD-003000,25/06/2024,Maadi,KA07,2,18181.0,0.0,Cash,C1480
ORD-002999,25/06/2024,Miami,AC01,1,33312.0,0.0,Cash,C0316
ORD-002997,25/06/2024,Maadi,AX08,2,1340.0,0.0,Credit Card,C1984
ORD-003001,26/06/2024,Smouha,AU03,2,13522.0,0.0,credit card,C1031
ORD-003002,26/06/2024,Miami,TV05,1,23716.0,0.0,Valu/Installments,C1011
ORD-003003,26/06/2024,nasr city,TV03,1,14766.0,0.0,CASH,C2031
ORD-003004,26/06/2024,Heliopolis,AU04,1,1468.0,0.0,credit card,C2433
ORD-003005,26/06/2024,Mansoura,AC06,1,41736.0,0.0,Cash,C0801
ORD-003006,26/06/2024,heliopolis,AX11,4,403.0,0.0,Mobile Wallet,C1876
ORD-003007,26/06/2024,Miami,AX03,2,545.0,0.0,Cash,C0439
ORD-003008,26/06/2024,Mansoura,AX12,4,925.0,0.0,installments,C0555
ORD-003009,26/06/2024,Nasr City,AX04,3,249.0,0.0,cash,C1248
ORD-003010,26/06/2024,Mansoura,AX06,3,1161.0,0.0,Cash,C0028
ORD-003011,26/06/2024,miami,TB02,1,13559.0,0.0,VF Cash,C1621
ORD-003012,26/06/2024,Smouha,SP07,1,14641.0,0.0,Cash,C1361
ORD-003013,26/06/2024,Mansoura,TV01,1,32398.0,0.0,credit card,C1557
ORD-003014,26/06/2024,Heliopolis,SP01,1,,0.0,Visa/Mastercard,C1350
ORD-003030,27/06/2024,Heliopolis,TV02,1,25817.0,0.0,installments,C1308
ORD-003017,27/06/2024,Mansoura,TV02,1,26107.0,0.0,VF Cash,C1372
ORD-003018,27/06/2024,Dokki,AX11,4,407.0,0.0,Valu/Installments,C1764
ORD-003019,27/06/2024,Mansoura,KA04,2,24343.0,0.0,installments,C2435
ORD-003020,27/06/2024,Dokki,SP07,1,14668.0,0.0,credit card,C0558
ORD-003021,27/06/2024,Nasr City,AX07,1,736.0,0.0,cash,C1231
ORD-003022,27/06/2024,Smouha,TV03,1,14902.0,0.0,Visa/Mastercard,C1314
ORD-003023,27/06/2024,Dokki,LP04,1,76435.0,0.05,Visa/Mastercard,
ORD-003024,27/06/2024,Dokki,SP06,1,9520.0,0.0,Cash,C2471
ORD-003025,27/06/2024,Maadi,SP01,1,16327.0,0.0,Installments,C0823
ORD-003026,27/06/2024,Miami,AX05,3,2456.0,0.05,VF Cash,C1963
ORD-003027,27/06/2024,Dokki,AX01,2,950.0,0.05,Mobile Wallet,C1287
ORD-003028,27/06/2024,Dokki,AC01,1,33533.0,0.0,Credit Card,C0728
ORD-003029,27/06/2024,Heliopolis,AX05,2,2474.0,0.05,Visa/Mastercard,C1632
ORD-003016,27/06/2024,Heliopolis,AX01,5,932.0,0.0,Installments,C1804
ORD-003015,27/06/2024,Miami,TV05,1,24702.0,0.0,Installments,
RET-000068,28/06/2024,nasr city,TV03,-1,14813.0,0.0,Installments,C2046
ORD-003059,28/06/2024,Miami,TB02,1,13245.0,0.0,Cash,C0992
ORD-003051,28/06/2024,Nasr City,TB01,1,24926.0,0.0,installments,
ORD-003046,28/06/2024,Smouha,SP04,1,,0.0,credit card,C0737
ORD-003047,28/06/2024,Mansoura,AX09,4,1803.0,0.0,CASH,C2254
ORD-003048,28/06/2024,Mansoura,LP05,1,36232.0,0.0,Cash,C0111
ORD-003049,28/06/2024,Heliopolis,AC04,1,58704.0,0.0,Installments,C1891
ORD-003050,28/06/2024,Smouha,AU01,1,6427.0,0.0,Cash,C0859
ORD-003031,28/06/2024,Nasr City,LP04,1,78106.0,0.0,Installments,C1194
ORD-003052,28/06/2024,Dokki,AC02,1,46431.0,0.0,credit card,C1796
ORD-003053,28/06/2024,Dokki,AX02,1,351.0,0.0,cash,C1194
ORD-003054,28/06/2024,6th of October,AC06,1,42139.0,0.0,installments,C0284
ORD-003055,28/06/2024,Nasr City,LP02,1,41880.0,0.0,installments,C1676
ORD-003056,28/06/2024,nasr city,TV03,1,14813.0,0.0,Installments,C2046
ORD-003057,28/06/2024,Dokki,SP08,1,43662.0,0.0,cash,C0571
ORD-003045,28/06/2024,6th of October,SP01,1,16802.0,0.0,Credit Card,C2235
ORD-003058,28/06/2024,Maadi,AU01,2,6343.0,0.0,cash,C1241
ORD-003042,28/06/2024,Maadi,AU04,2,1451.0,0.0,VF Cash,C2310
ORD-003041,28/06/2024,Smouha,AC02,1,46939.0,0.0,Installments,C0467
ORD-003040,28/06/2024,Maadi,AC02,1,47597.0,0.0,installments,C1496
ORD-003039,28/06/2024,Heliopolis,AX11,5,402.0,0.0,installments,
ORD-003038,28/06/2024,Nasr City,AC01,1,32718.0,0.0,installments,C1610
ORD-003037,28/06/2024,Maadi,LP03,1,31097.0,0.0,Credit Card,C1149
ORD-003036,28/06/2024,Nasr City,AC01,1,32842.0,0.0,Valu/Installments,C1541
ORD-003035,28/06/2024,Dokki,AX05,2,2514.0,0.0,mobile wallet,C1335
ORD-003034,28/06/2024,Smouha,AX07,1,733.0,0.0,VF Cash,C0993
ORD-003033,28/06/2024,Dokki,TB01,1,25054.0,0.0,cash,C2359
ORD-003032,28/06/2024,Miami,KA05,2,9669.0,0.0,cash,C2012
ORD-003043,28/06/2024,Nasr City,AU03,1,13375.0,0.0,Visa/Mastercard,C0819
ORD-003044,28/06/2024,Smouha,AC04,1,60137.0,0.0,installments,C2426
ORD-003074,29/06/2024,Miami,SP08,1,44632.0,0.0,Valu/Installments,C2227
ORD-003076,29/06/2024,Heliopolis,AX05,3,2450.0,0.0,Valu/Installments,C1473
ORD-003061,29/06/2024,Miami,AC06,1,41515.0,0.0,VF Cash,C0632
ORD-003062,29/06/2024,Maadi,AU02,2,9107.0,0.0,CASH,
ORD-003063,29/06/2024,Heliopolis,SP08,1,46002.0,0.0,credit card,C1734
ORD-003064,29/06/2024,Miami,AC05,1,38449.0,0.0,Credit Card,C1545
ORD-003065,29/06/2024,Dokki,SP01,1,16167.0,0.0,cash,C0303
ORD-003066,29/06/2024,Maadi,AC01,1,33803.0,0.0,Installments,C1840
ORD-003067,29/06/2024,Mansoura,AU05,2,3243.0,0.0,Visa/Mastercard,C2450
ORD-003068,29/06/2024,Miami,AX09,3,1877.0,0.0,Mobile Wallet,C1963
ORD-003069,29/06/2024,Miami,AX04,3,249.0,0.0,mobile wallet,C2385
ORD-003070,29/06/2024,Smouha,AU01,1,6651.0,0.0,Credit Card,C1642
ORD-003071,29/06/2024,Nasr City,AX06,1,1123.0,0.0,Visa/Mastercard,C2189
ORD-003072,29/06/2024,6th of October,AC03,1,25824.0,0.0,installments,C2076
ORD-003060,29/06/2024,Nasr City,AC04,1,58405.0,0.0,Valu/Installments,C1035
ORD-003073,29/06/2024,Mansoura,AC04,1,56841.0,0.0,installments,C1714
ORD-003075,29/06/2024,Dokki,AX01,2,923.0,0.0,Cash,C0151
ORD-003082,29/06/2024,6th of October,AX06,4,1149.0,0.0,Visa/Mastercard,C1455
ORD-003081,29/06/2024,6th of October,AX12,3,896.0,0.05,Credit Card,C1017
ORD-003080,29/06/2024,Dokki,LP01,1,29270.0,0.0,Valu/Installments,C0448
ORD-003079,29/06/2024,heliopolis,TB03,1,9636.0,0.0,Cash,C0349
ORD-003078,29/06/2024,Dokki,AU02,1,9038.0,0.0,Visa/Mastercard,C2433
ORD-003077,29/06/2024,Dokki,SP04,1,,0.0,Valu/Installments,C2200
ORD-003083,29/06/2024,Miami,LP03,1,30904.0,0.0,Valu/Installments,C0682
ORD-003084,29/06/2024,Nasr City,TV05,1,24286.0,0.0,Credit Card,C0182
ORD-003090,30/06/2024,Miami,AC01,1,33974.0,0.0,Valu/Installments,C0044
ORD-003087,30/06/2024,Dokki,AU02,2,8871.0,0.0,Credit Card,C1359
ORD-003091,30/06/2024,Nasr City,LP06,1,22098.0,0.0,CASH,C0404
ORD-003092,30/06/2024,Heliopolis,AX10,4,449.0,0.0,Credit Card,C1060
ORD-003097,30/06/2024,Mansoura,TB04,1,17284.0,0.0,Valu/Installments,C2378
ORD-003093,30/06/2024,Smouha,AU03,1,13104.0,0.05,VF Cash,C0910
ORD-003094,30/06/2024,Dokki,TV06,1,90478.0,0.0,Cash,C2092
ORD-003086,30/06/2024,Dokki,TV04,1,40794.0,0.0,installments,C1637
ORD-003089,30/06/2024,Mansoura,TV01,1,31729.0,0.0,Cash,C0434
ORD-003098,30/06/2024,Miami,SP05,1,19424.0,0.0,Mobile Wallet,C2357
ORD-003088,30/06/2024,Smouha,AX02,1,345.0,0.0,Credit Card,C1764
ORD-003095,30/06/2024,Smouha,AX04,4,252.0,0.0,Valu/Installments,C2125
RET-000113,30/06/2024,Heliopolis,AX10,-4,449.0,0.0,Credit Card,C1060
ORD-003085,30/06/2024,Smouha,SP05,1,19725.0,0.0,CASH,C2307
ORD-003096,30/06/2024,Nasr City,LP01,1,28087.0,0.0,Valu/Installments,C2286
ORD-003099,01/07/2024,Maadi,AX11,3,408.0,0.0,Installments,C0906
ORD-003100,01/07/2024,Miami,AC05,1,38083.0,0.0,Credit Card,C1826
ORD-003101,01/07/2024,Miami,SP02,1,52282.0,0.0,installments,C1533
ORD-003102,01/07/2024,Heliopolis,SP08,1,44065.0,0.0,Valu/Installments,C1603
ORD-003103,01/07/2024,Dokki,TV06,1,89784.0,0.0,credit card,C1897
ORD-003104,01/07/2024,Heliopolis,AU03,2,13676.0,0.0,Cash,C2411
ORD-003105,01/07/2024,Nasr City,LP01,1,28965.0,0.0,installments,C2050
ORD-003106,01/07/2024,Mansoura,AX10,3,458.0,0.0,Mobile Wallet,C0618
ORD-003108,01/07/2024,Maadi,AC02,1,46325.0,0.0,credit card,C0101
ORD-003107,01/07/2024,Miami,SP03,1,59109.0,0.0,CASH,C1413
ORD-003110,01/07/2024,Miami ,SP01,1,16545.0,0.0,Cash,C1978
ORD-003111,01/07/2024,Nasr City,AX09,5,1860.0,0.0,CASH,C0429
ORD-003109,01/07/2024,Heliopolis,AX11,4,,0.0,mobile wallet,
ORD-003112,02/07/2024,Mansoura,AX06,4,1127.0,0.0,Visa/Mastercard,C1211
ORD-003113,02/07/2024,Dokki,TV03,1,14309.0,0.0,Cash,C1704
ORD-003120,02/07/2024,Mansoura,SP08,1,45458.0,0.0,installments,
ORD-003114,02/07/2024,Heliopolis,SP04,1,11435.0,0.0,mobile wallet,C0352
ORD-003115,02/07/2024,Nasr City,AC01,1,33424.0,0.0,Installments,C0476
ORD-003116,02/07/2024,HELIOPOLIS,AX10,1,438.0,0.0,Installments,C0581
ORD-003119,02/07/2024,Dokki,TB04,1,17667.0,0.0,VF Cash,C1406
ORD-003117,02/07/2024,Smouha,TV01,1,31083.0,0.0,Visa/Mastercard,C1427
ORD-003118,02/07/2024,Dokki,SP06,1,9519.0,0.0,cash,C1278
ORD-003129,03/07/2024,Nasr City,LP04,1,75924.0,0.0,Installments,C1795
ORD-003128,03/07/2024,Smouha,AX11,4,406.0,0.05,Mobile Wallet,C0400
ORD-003127,03/07/2024,Miami,AC03,1,25948.0,0.0,Visa/Mastercard,
ORD-003126,03/07/2024,Maadi,AC05,1,37607.0,0.0,Installments,C1951
ORD-003125,03/07/2024,Smouha,LP06,1,22025.0,0.0,mobile wallet,C1427
ORD-003124,03/07/2024,Miami,AU03,2,13507.0,0.0,installments,C1979
ORD-003123,03/07/2024,Mansoura,SP06,1,9647.0,0.0,cash,C2135
ORD-003122,03/07/2024,Maadi,LP02,1,43199.0,0.0,Visa/Mastercard,C0848
ORD-003121,03/07/2024,Miami,AC01,1,33285.0,0.0,Credit Card,C1866
ORD-003147,04/07/2024,Nasr City,SP03,1,56375.0,0.0,installments,C2294
ORD-003150,04/07/2024,maadi,AC02,1,46076.0,0.0,credit card,C0950
ORD-003148,04/07/2024,Mansoura,AX06,2,1169.0,0.0,credit card,C1747
ORD-003146,04/07/2024,Maadi,AU02,2,8802.0,0.0,Mobile Wallet,C1356
ORD-003145,04/07/2024,Heliopolis,AU05,1,3164.0,0.0,Visa/Mastercard,C0656
ORD-003144,04/07/2024,Miami,AC04,1,58545.0,0.0,credit card,C2261
ORD-003143,04/07/2024,Mansoura,AX11,5,409.0,0.0,mobile wallet,C0715
ORD-003142,04/07/2024,Smouha,AX01,5,974.0,0.0,Installments,C2114
ORD-003141,04/07/2024,Nasr City,TV03,1,14497.0,0.0,VF Cash,C1000
ORD-003140,04/07/2024,Smouha,SP05,1,19989.0,0.0,Cash,C0674
ORD-003149,04/07/2024,Mansoura,AU02,2,9120.0,0.0,Installments,C1893
ORD-003139,04/07/2024,Dokki,AC01,1,33360.0,0.0,Installments,C0448
ORD-003137,04/07/2024,Mansoura,AU02,1,8995.0,0.0,Credit Card,C0093
ORD-003136,04/07/2024,Smouha,AC01,1,33294.0,0.0,cash,C0472
ORD-003135,04/07/2024,Smouha,AX07,3,767.0,0.0,credit card,C0184
ORD-003134,04/07/2024,6th of October,TV04,1,42085.0,0.0,installments,
ORD-003133,04/07/2024,Smouha,LP05,1,34940.0,0.0,Installments,C1230
ORD-003132,04/07/2024,Smouha,AX05,1,2389.0,0.0,Credit Card,C0276
ORD-003131,04/07/2024,Heliopolis,AX03,1,553.0,0.0,cash,C1307
ORD-003130,04/07/2024,Mansoura,AC03,1,25462.0,0.0,installments,C1854
ORD-003138,04/07/2024,Nasr City,TV03,1,14425.0,0.0,cash,C1406
ORD-003151,04/07/2024,Nasr City,KA03,2,6844.0,0.0,cash,C1660
ORD-003171,05/07/2024,Dokki,AC02,1,47771.0,0.0,Visa/Mastercard,C2365
ORD-003152,05/07/2024,Maadi,LP05,1,34710.0,0.0,installments,C0756
ORD-003170,05/07/2024,Nasr City,AU02,2,9068.0,0.0,installments,C0257
ORD-003168,05/07/2024,Heliopolis,AX05,3,2427.0,0.0,credit card,
ORD-003167,05/07/2024,6th of October ,AU01,1,6343.0,0.0,cash,C0843
RET-000027,05/07/2024,Miami,TV05,-1,24290.0,0.0,VF Cash,
ORD-003166,05/07/2024,Miami,TV05,1,24290.0,0.0,VF Cash,
ORD-003165,05/07/2024,Nasr City,AC06,1,41388.0,0.0,Visa/Mastercard,C0880
ORD-003164,05/07/2024,Mansoura,LP03,1,31510.0,0.0,credit card,C0019
ORD-003163,05/07/2024,Heliopolis,AX06,4,1129.0,0.0,Valu/Installments,C1593
ORD-003172,05/07/2024,6th of October,AC05,1,37394.0,0.0,Cash,C0417
ORD-003162,05/07/2024,Smouha,AU02,2,8716.0,0.0,VF Cash,C1760
ORD-003160,05/07/2024,Nasr City,AC04,1,58952.0,0.0,Valu/Installments,
ORD-003159,05/07/2024,Heliopolis,AX08,3,1316.0,0.0,cash,C1842
ORD-003158,05/07/2024,Mansoura,AU01,1,6618.0,0.0,cash,C0809
ORD-003157,05/07/2024,Miami,SP02,1,51791.0,0.0,Visa/Mastercard,C0120
ORD-003156,05/07/2024,Nasr City,AX07,3,757.0,0.0,Cash,
ORD-003155,05/07/2024,Maadi,TV05,1,24344.0,0.0,installments,C1621
ORD-003154,05/07/2024,Maadi,TB03,1,9601.0,0.0,CASH,C1771
ORD-003153,05/07/2024,Nasr City,AX04,5,255.0,0.0,cash,C0764
ORD-003161,05/07/2024,HELIOPOLIS,SP05,1,18983.0,0.0,mobile wallet,C2426
ORD-003169,05/07/2024,Heliopolis,KA01,1,4196.0,0.0,cash,C1141
ORD-003182,06/07/2024,Mansoura,AX12,4,881.0,0.0,Visa/Mastercard,C2005
ORD-003191,06/07/2024,Miami,TV05,1,23891.0,0.0,Credit Card,C1426
ORD-003192,06/07/2024,6th of October,AC06,1,42484.0,0.0,Installments,C1442
ORD-003190,06/07/2024,Mansoura,AC05,1,38234.0,0.0,credit card,C0468
ORD-003189,06/07/2024,Nasr City,TV06,1,91187.0,0.0,credit card,C2405
ORD-003188,06/07/2024,6th of October,AX11,3,390.0,0.0,mobile wallet,C1608
ORD-003187,06/07/2024,Miami,TV05,1,24711.0,0.0,Cash,C1592
ORD-003186,06/07/2024,Smouha,AX09,4,1809.0,0.0,Visa/Mastercard,C2446
ORD-003185,06/07/2024,Miami,AX05,1,2441.0,0.0,Installments,C1284
ORD-003183,06/07/2024,Smouha,LP06,1,,0.0,Visa/Mastercard,C2162
ORD-003184,06/07/2024,6th of October,AX05,3,2458.0,0.0,Visa/Mastercard,
ORD-003180,06/07/2024,6th of October ,KA02,2,3673.0,0.0,credit card,C0467
ORD-003179,06/07/2024,Mansoura,AX11,4,392.0,0.0,credit card,C1875
ORD-003178,06/07/2024,Heliopolis,AC05,1,39404.0,0.0,Visa/Mastercard,C0808
ORD-003177,06/07/2024,Nasr City,LP06,1,21421.0,0.0,cash,C1336
ORD-003176,06/07/2024,Smouha,AC05,1,38861.0,0.0,credit card,C1499
ORD-003175,06/07/2024,Maadi,AC06,1,41355.0,0.0,installments,
ORD-003174,06/07/2024,dokki,LP03,1,31051.0,0.0,Mobile Wallet,C0766
ORD-003173,06/07/2024,Smouha,TB03,1,9339.0,0.0,Credit Card,C2200
ORD-003181,06/07/2024,Smouha,AX12,3,922.0,0.0,mobile wallet,C1075
ORD-003199,07/07/2024,Heliopolis,AC04,1,58249.0,0.0,Visa/Mastercard,C1283
ORD-003202,07/07/2024,nasr city,AC05,1,38725.0,0.0,Valu/Installments,C1251
ORD-003201,07/07/2024,Miami,AC05,1,37746.0,0.0,Installments,C0978
ORD-003200,07/07/2024,Dokki,AC04,1,56923.0,0.0,Installments,C0483
ORD-003198,07/07/2024,Nasr City,SP04,1,11773.0,0.0,Visa/Mastercard,C0549
ORD-003196,07/07/2024,Nasr City,SP05,1,19462.0,0.0,Cash,C2418
ORD-003195,07/07/2024,Miami,AU03,2,13590.0,0.0,Cash,C1219
ORD-003194,07/07/2024,Smouha,AX12,4,896.0,0.0,VF Cash,C0707
ORD-003193,07/07/2024,6th of October,LP06,1,22658.0,0.0,Valu/Installments,C1876
ORD-003197,07/07/2024,Dokki,AX08,2,1345.0,0.0,Cash,C0348
RET-000098,07/07/2024,Nasr City,SP04,-1,11773.0,0.0,Visa/Mastercard,C0549
ORD-003216,08/07/2024,Maadi,AX11,2,391.0,0.0,Valu/Installments,C1994
ORD-003210,08/07/2024,Nasr City,AX02,4,349.0,0.0,Cash,C2443
ORD-003215,08/07/2024,Nasr City,AX08,5,1333.0,0.0,cash,C0761
ORD-003214,08/07/2024,Nasr City,SP03,1,57589.0,0.0,Valu/Installments,C1733
ORD-003213,08/07/2024,Nasr City,AC03,1,25427.0,0.0,Installments,C1572
ORD-003212,08/07/2024,Smouha,KA05,2,9928.0,0.05,cash,C2355
ORD-003211,08/07/2024,Heliopolis,AX07,5,739.0,0.0,Installments,C0565
ORD-003218,08/07/2024,Mansoura,AU01,2,6571.0,0.0,Credit Card,C0710
ORD-003208,08/07/2024,Nasr City,AC03,1,26513.0,0.0,Credit Card,C1592
ORD-003207,08/07/2024,Maadi,TV03,1,14598.0,0.0,Credit Card,C2093
ORD-003206,08/07/2024,Heliopolis,KA02,1,3560.0,0.0,CASH,C0580
ORD-003205,08/07/2024,6TH OF OCTOBER,SP04,1,11843.0,0.0,cash,C1530
ORD-003204,08/07/2024,Heliopolis,TB04,1,,0.0,cash,C0750
ORD-003203,08/07/2024,Miami,SP02,1,53428.0,0.0,cash,C0480
ORD-003217,08/07/2024,Miami,AX07,3,755.0,0.0,Valu/Installments,C2202
ORD-003209,08/07/2024,Miami,AC02,1,46802.0,0.0,Installments,C1714
ORD-003219,08/07/2024,Miami,TV04,1,,0.0,Visa/Mastercard,C2273
ORD-003220,08/07/2024,6th of October,TB03,1,9438.0,0.0,Credit Card,C0684
ORD-003221,08/07/2024,Miami,AX04,1,245.0,0.05,Cash,C2006
RET-000034,09/07/2024,6th of October,AX01,-1,944.0,0.0,mobile wallet,C0575
ORD-003235,09/07/2024,Dokki,TB04,1,17899.0,0.0,CASH,C2071
ORD-003234,09/07/2024,Heliopolis,AX10,3,441.0,0.0,credit card,C2301
ORD-003233,09/07/2024,Mansoura,LP01,1,28040.0,0.0,cash,C1573
ORD-003232,09/07/2024,Nasr City,LP05,1,35539.0,0.05,Credit Card,C0800
ORD-003231,09/07/2024,Nasr City,AC04,1,59889.0,0.0,Valu/Installments,C0560
ORD-003230,09/07/2024,Nasr City,SP02,1,52655.0,0.0,Credit Card,C1985
ORD-003229,09/07/2024,Miami,AC01,1,33117.0,0.0,cash,C0040
ORD-003227,09/07/2024,Miami,SP05,1,19899.0,0.0,CASH,C0220
ORD-003226,09/07/2024,6th of October,AX04,4,243.0,0.0,VF Cash,C1848
ORD-003225,09/07/2024,maadi,AX07,1,739.0,0.0,Valu/Installments,C1289
ORD-003224,09/07/2024,Maadi,TV03,1,14518.0,0.0,credit card,C0767
ORD-003223,09/07/2024,6th of October,AX01,1,944.0,0.0,mobile wallet,C0575
ORD-003222,09/07/2024,Miami,AC06,1,41408.0,0.0,Valu/Installments,C1184
ORD-003228,09/07/2024,6th of October,AC03,1,26643.0,0.0,credit card,C1471
RET-000086,09/07/2024,Dokki,TB04,-1,17899.0,0.0,CASH,C2071
ORD-003247,10/07/2024,6th of October,KA05,1,9862.0,0.0,mobile wallet,C1197
ORD-003245,10/07/2024,Maadi,AX03,1,536.0,0.0,mobile wallet,C0127
ORD-003246,10/07/2024,Nasr City,LP06,1,21931.0,0.0,mobile wallet,C0904
ORD-003238,10/07/2024,6th of October,AX01,5,977.0,0.0,CASH,C2015
ORD-003249,10/07/2024,miami,AX01,5,965.0,0.0,cash,C1126
ORD-003250,10/07/2024,Heliopolis,AX03,4,563.0,0.0,cash,C0921
ORD-003244,10/07/2024,6th of October,AC02,1,46479.0,0.0,Valu/Installments,C2316
ORD-003248,10/07/2024,Maadi,SP01,1,16887.0,0.0,Visa/Mastercard,C0134
ORD-003243,10/07/2024,6th of october,KA07,1,18256.0,0.0,Installments,C0339
ORD-003236,10/07/2024,Dokki,KA06,1,12657.0,0.0,mobile wallet,C2028
ORD-003253,10/07/2024,Mansoura,AU04,1,1455.0,0.0,credit card,C0689
ORD-003241,10/07/2024,mansoura,AU04,2,1486.0,0.0,CASH,C2002
ORD-003240,10/07/2024,Smouha,AC01,1,34101.0,0.0,Mobile Wallet,C1819
ORD-003239,10/07/2024,Miami,AX08,2,1382.0,0.0,credit card,C1703
ORD-003237,10/07/2024,Heliopolis,KA07,1,18280.0,0.0,Visa/Mastercard,C1676
ORD-003251,10/07/2024,Dokki,AU01,2,6379.0,0.0,Mobile Wallet,C2203
ORD-003242,10/07/2024,Smouha,KA06,2,12434.0,0.0,credit card,C0686
ORD-003252,10/07/2024,dokki,TB03,1,9685.0,0.0,cash,C1183
ORD-003260,11/07/2024,Mansoura,AX01,4,944.0,0.0,Visa/Mastercard,C2346
ORD-003265,11/07/2024,Mansoura,SP07,1,,0.0,Visa/Mastercard,C2221
ORD-003259,11/07/2024,Nasr City,TV06,1,87703.0,0.0,Installments,C0464
ORD-003262,11/07/2024,Dokki,SP01,1,16214.0,0.0,Credit Card,C1098
ORD-003261,11/07/2024,Maadi,AX02,2,352.0,0.0,CASH,C0468
ORD-003258,11/07/2024,Miami,AX11,1,407.0,0.05,installments,C2093
ORD-003266,11/07/2024,Smouha,SP07,1,14256.0,0.0,mobile wallet,C0171
ORD-003256,11/07/2024,Mansoura,SP02,1,52641.0,0.0,installments,C2029
ORD-003255,11/07/2024,Nasr City,SP03,1,57023.0,0.0,credit card,C2317
ORD-003254,11/07/2024,Nasr City,LP01,1,27827.0,0.0,Credit Card,C1874
ORD-003263,11/07/2024,Miami,AC03,1,26122.0,0.0,Cash,C2225
ORD-003257,11/07/2024,Nasr City,AC06,1,41881.0,0.0,mobile wallet,C2252
ORD-003264,11/07/2024,Maadi,AX08,4,1321.0,0.0,Visa/Mastercard,C1503
RET-000043,12/07/2024,Mansoura,AX06,-3,1175.0,0.0,Installments,C1808
ORD-003268,12/07/2024,Dokki,LP02,1,41744.0,0.0,cash,C2238
ORD-003267,12/07/2024,Mansoura,AX06,3,1175.0,0.0,Installments,C1808
ORD-003269,12/07/2024,Heliopolis,AU04,2,1455.0,0.0,Visa/Mastercard,C0896
ORD-003270,12/07/2024,Heliopolis,AX08,5,1339.0,0.0,cash,C1742
ORD-003271,12/07/2024,Maadi,AX11,5,401.0,0.0,Installments,C0420
ORD-003272,12/07/2024,Dokki,AC05,1,38640.0,0.0,Credit Card,
ORD-003273,12/07/2024,Heliopolis,SP06,1,9545.0,0.0,cash,C1014
ORD-003274,12/07/2024,Nasr City,AU05,1,3261.0,0.0,Credit Card,C1220
ORD-003275,12/07/2024,6th of October,LP04,1,77223.0,0.0,Valu/Installments,C0133
ORD-003276,12/07/2024,Maadi,AX11,1,396.0,0.0,CASH,C1843
ORD-003289,13/07/2024,Mansoura,SP06,1,9985.0,0.0,Cash,C0571
ORD-003288,13/07/2024,Nasr City,SP04,1,11570.0,0.0,Mobile Wallet,C0680
ORD-003287,13/07/2024,Heliopolis,AX09,5,1823.0,0.0,Valu/Installments,C1754
ORD-003286,13/07/2024,Nasr City,AC06,1,42543.0,0.0,Visa/Mastercard,C2500
ORD-003285,13/07/2024,Maadi,AX01,2,943.0,0.0,Visa/Mastercard,C1437
ORD-003284,13/07/2024,Mansoura,AX11,5,407.0,0.0,CASH,C2409
ORD-003291,13/07/2024,Nasr City,KA07,1,18014.0,0.0,Installments,C0848
ORD-003282,13/07/2024,Miami,AX12,4,910.0,0.0,installments,C0971
ORD-003281,13/07/2024,Nasr City,TV01,1,31823.0,0.0,VF Cash,C0481
ORD-003280,13/07/2024,Maadi,SP01,1,16686.0,0.0,Cash,C1799
ORD-003290,13/07/2024,Miami,LP05,1,34936.0,0.0,Installments,C0847
ORD-003278,13/07/2024,Mansoura,AC01,1,32682.0,0.0,Installments,C1428
ORD-003277,13/07/2024,Dokki,KA08,2,5550.0,0.05,credit card,C1077
ORD-003283,13/07/2024,Mansoura,KA01,2,4103.0,0.0,cash,C0860
ORD-003279,13/07/2024,Nasr City,AC05,1,37879.0,0.0,credit card,C0357
ORD-003292,13/07/2024,Smouha,AU01,1,6571.0,0.0,installments,C0244
ORD-003294,13/07/2024,Mansoura,SP03,1,58576.0,0.0,Mobile Wallet,C1437
ORD-003295,13/07/2024,6th of October,AX06,3,1156.0,0.0,Cash,C2181
ORD-003296,13/07/2024,Mansoura,AU02,2,9078.0,0.0,Mobile Wallet,C1152
ORD-003297,13/07/2024,Mansoura,SP03,1,58141.0,0.0,credit card,C2445
ORD-003293,13/07/2024,Nasr City,TB02,1,13338.0,0.0,Credit Card,C2336
ORD-003314,14/07/2024,Heliopolis,AC03,1,25481.0,0.05,installments,C0544
ORD-003313,14/07/2024,Heliopolis,LP04,1,76782.0,0.0,Credit Card,C0520
ORD-003312,14/07/2024,Miami,AX03,1,558.0,0.05,CASH,C1136
ORD-003311,14/07/2024,Nasr City,KA08,2,5274.0,0.0,Visa/Mastercard,C0243
ORD-003310,14/07/2024,Nasr City,AU04,2,1471.0,0.0,Cash,C1686
ORD-003309,14/07/2024,Nasr City,KA06,1,12781.0,0.0,cash,C0556
ORD-003308,14/07/2024,Mansoura,AX02,4,350.0,0.0,credit card,
ORD-003307,14/07/2024,Smouha,TV04,1,40782.0,0.0,Visa/Mastercard,C0391
ORD-003305,14/07/2024,Heliopolis,KA06,1,12472.0,0.0,Cash,C1096
ORD-003304,14/07/2024,Smouha,TB03,1,9402.0,0.0,Credit Card,C2346
ORD-003303,14/07/2024,Mansoura,KA06,1,12660.0,0.0,Credit Card,C1186
ORD-003302,14/07/2024,Miami,TV01,1,31443.0,0.0,installments,C1199
ORD-003301,14/07/2024,Dokki,AC05,1,39083.0,0.0,Credit Card,
ORD-003300,14/07/2024,Smouha,SP03,1,57072.0,0.0,credit card,C1326
ORD-003299,14/07/2024,Dokki,AC03,1,26317.0,0.05,VF Cash,C0690
ORD-003298,14/07/2024,Mansoura,AX01,5,,0.0,CASH,C2207
ORD-003306,14/07/2024,Smouha,AC05,1,38695.0,0.0,Valu/Installments,C2108
ORD-003315,14/07/2024,Miami,AC02,1,45346.0,0.0,mobile wallet,C1023
ORD-003332,15/07/2024,Mansoura,AX06,5,1119.0,0.0,Cash,C1140
ORD-003316,15/07/2024,Miami,KA02,2,3554.0,0.0,Cash,C0600
ORD-003334,15/07/2024,Heliopolis,AU05,1,3235.0,0.0,installments,C1863
ORD-003333,15/07/2024,Maadi,SP01,1,16192.0,0.0,installments,C1512
ORD-003331,15/07/2024,6th of October,KA02,2,3598.0,0.0,Cash,C2112
ORD-003330,15/07/2024,Maadi,AC06,1,40319.0,0.0,installments,C1651
ORD-003329,15/07/2024,Miami,KA04,1,24763.0,0.0,credit card,C0382
ORD-003327,15/07/2024,Maadi,AX10,2,455.0,0.0,Credit Card,C1852
ORD-003326,15/07/2024,MAADI,AC05,1,39390.0,0.05,Valu/Installments,C1537
ORD-003328,15/07/2024,Maadi,LP01,1,28363.0,0.0,Visa/Mastercard,C0310
ORD-003324,15/07/2024,Dokki,AU02,2,8725.0,0.0,VF Cash,C1101
ORD-003323,15/07/2024,Heliopolis,SP03,1,56691.0,0.0,Valu/Installments,C2366
ORD-003322,15/07/2024,Dokki,TV05,1,24354.0,0.0,Visa/Mastercard,C0583
ORD-003321,15/07/2024,Dokki,TB02,1,13712.0,0.0,Credit Card,C2005
ORD-003320,15/07/2024,dokki,AU02,2,9063.0,0.0,Cash,C1609
ORD-003319,15/07/2024,Heliopolis,AC05,1,37554.0,0.0,CASH,C1014
ORD-003318,15/07/2024,Nasr City,AU02,2,9037.0,0.0,Mobile Wallet,
ORD-003325,15/07/2024,Heliopolis,AU01,1,6631.0,0.0,Visa/Mastercard,C1697
ORD-003317,15/07/2024,Miami,KA06,1,12176.0,0.0,Cash,C1320
ORD-003340,16/07/2024,Smouha,SP02,1,51623.0,0.0,Cash,C0382
ORD-003335,16/07/2024,Mansoura,LP05,1,35038.0,0.0,Credit Card,C2000
ORD-003336,16/07/2024,Smouha,LP01,1,27653.0,0.0,cash,C1341
ORD-003337,16/07/2024,Miami,AX05,2,2461.0,0.0,VF Cash,C2384
ORD-003338,16/07/2024,Dokki,TB01,1,23948.0,0.0,credit card,C0011
ORD-003339,16/07/2024,Mansoura,AX05,1,2464.0,0.0,Installments,
ORD-003341,16/07/2024,Nasr City,SP08,1,46267.0,0.0,Visa/Mastercard,C1878
ORD-003343,16/07/2024,Heliopolis,AU05,1,3132.0,0.0,Credit Card,C0260
ORD-003344,16/07/2024,Smouha,AU01,2,6478.0,0.0,credit card,C2190
ORD-003345,16/07/2024,6th of October,SP02,1,52815.0,0.0,CASH,
ORD-003346,16/07/2024,smouha,TV03,1,14459.0,0.0,Installments,C1630
ORD-003342,16/07/2024,Heliopolis,AX04,4,252.0,0.0,mobile wallet,C1468
ORD-003356,17/07/2024,Smouha,AX07,5,747.0,0.0,Installments,C2368
ORD-003354,17/07/2024,Heliopolis,SP07,1,14078.0,0.0,CASH,C1384
ORD-003353,17/07/2024,Miami,AC04,1,58562.0,0.0,Credit Card,C1162
ORD-003352,17/07/2024,Heliopolis,SP04,1,11502.0,0.0,cash,C1323
ORD-003355,17/07/2024,Heliopolis,LP03,1,30193.0,0.0,Installments,C2242
ORD-003350,17/07/2024,Maadi,AC02,1,47644.0,0.0,Mobile Wallet,C2027
ORD-003349,17/07/2024,6th of October,KA05,2,10002.0,0.0,cash,C0868
ORD-003348,17/07/2024,Maadi,KA01,2,4238.0,0.0,CASH,C1760
ORD-003347,17/07/2024,Smouha,SP04,1,11807.0,0.0,Mobile Wallet,C0893
ORD-003351,17/07/2024,Maadi,SP06,1,9952.0,0.0,cash,C1100
ORD-003357,18/07/2024,Mansoura,AX02,1,342.0,0.0,Cash,C0535
ORD-003358,18/07/2024,Heliopolis,AX11,5,400.0,0.05,CASH,C2319
ORD-003359,18/07/2024,Mansoura,AX01,5,923.0,0.0,cash,C1988
ORD-003366,18/07/2024,Smouha,AX11,2,405.0,0.0,Cash,
ORD-003360,18/07/2024,Heliopolis,AC05,1,38937.0,0.0,credit card,C1408
ORD-003361,18/07/2024,Mansoura,AX06,4,1182.0,0.0,cash,C0199
ORD-003362,18/07/2024,Miami,AC01,1,32517.0,0.0,Installments,C0189
ORD-003363,18/07/2024,Maadi,AX02,5,357.0,0.0,Credit Card,C0408
ORD-003364,18/07/2024,6th of October,AC03,1,26062.0,0.05,credit card,C1883
ORD-003367,18/07/2024,Nasr City ,SP08,1,44048.0,0.05,credit card,C0509
ORD-003365,18/07/2024,Dokki,SP05,1,19698.0,0.0,Credit Card,C0067
ORD-003372,18/07/2024,Heliopolis,SP01,1,16021.0,0.0,Visa/Mastercard,C1753
ORD-003370,18/07/2024,Smouha,LP02,1,42419.0,0.0,Cash,C1870
ORD-003369,18/07/2024,Nasr City,SP03,1,59350.0,0.0,Installments,C1808
ORD-003371,18/07/2024,Heliopolis,SP06,1,9727.0,0.0,mobile wallet,C0003
ORD-003368,18/07/2024,Maadi,AC01,1,32842.0,0.0,Visa/Mastercard,C0648
ORD-003391,19/07/2024,Mansoura,AX12,4,920.0,0.0,Cash,C0374
ORD-003390,19/07/2024,NASR CITY,AC03,1,25596.0,0.0,Credit Card,C1759
ORD-003389,19/07/2024,Mansoura,TV04,1,40124.0,0.0,Valu/Installments,C0960
ORD-003388,19/07/2024,Mansoura,AX12,1,882.0,0.0,VF Cash,
ORD-003387,19/07/2024,Dokki,SP05,1,19088.0,0.0,VF Cash,
ORD-003386,19/07/2024,Nasr City,AX05,3,2382.0,0.0,cash,C1252
ORD-003385,19/07/2024,Dokki,TB02,1,13748.0,0.0,cash,C1624
ORD-003383,19/07/2024,Miami,AU02,1,8787.0,0.05,Installments,C0678
ORD-003382,19/07/2024,Maadi,AX12,4,906.0,0.0,Cash,C1524
ORD-003381,19/07/2024,Maadi,AX08,1,1359.0,0.0,installments,C0338
ORD-003380,19/07/2024,Smouha,KA06,1,12450.0,0.0,cash,C1026
ORD-003379,19/07/2024,6th of October,AC01,1,34334.0,0.0,credit card,C1477
ORD-003378,19/07/2024,Mansoura,AX08,3,1351.0,0.0,cash,C0383
ORD-003377,19/07/2024,Miami,KA01,2,4256.0,0.0,Cash,C1123
ORD-003376,19/07/2024,Nasr City,AX06,1,1147.0,0.0,Cash,C0652
ORD-003375,19/07/2024,Maadi,AX01,5,951.0,0.0,credit card,C1237
ORD-003374,19/07/2024,Mansoura,AU01,1,6407.0,0.0,Installments,C0541
ORD-003384,19/07/2024,Mansoura,LP02,1,41081.0,0.0,Cash,C0213
ORD-003373,19/07/2024,Miami,AU02,2,8758.0,0.0,Valu/Installments,C0829
ORD-003392,20/07/2024,Maadi,KA05,2,10020.0,0.0,VF Cash,C0390
ORD-003395,20/07/2024,Mansoura,AX08,2,1334.0,0.0,Credit Card,
ORD-003407,20/07/2024,Nasr City,AC02,1,46851.0,0.0,credit card,C1730
ORD-003406,20/07/2024,Miami,SP01,1,16809.0,0.0,Mobile Wallet,C0494
ORD-003393,20/07/2024,Smouha,TV03,1,14368.0,0.0,Cash,C0005
ORD-003404,20/07/2024,Mansoura,AC03,1,26531.0,0.0,installments,C0034
ORD-003403,20/07/2024,Nasr City,AX01,5,927.0,0.0,CASH,C0039
ORD-003402,20/07/2024,6th of October,SP04,1,11653.0,0.0,Visa/Mastercard,C1823
ORD-003405,20/07/2024,Nasr City,SP04,1,11277.0,0.0,Credit Card,C1408
ORD-003400,20/07/2024,Smouha,AX10,1,460.0,0.0,Visa/Mastercard,C0927
ORD-003399,20/07/2024,6th of october,AU03,1,13457.0,0.05,CASH,C2432
ORD-003398,20/07/2024,heliopolis,LP02,1,42774.0,0.0,cash,C0544
ORD-003397,20/07/2024,Mansoura,AU04,1,1456.0,0.0,Visa/Mastercard,C0320
ORD-003396,20/07/2024,Mansoura,AX08,3,1377.0,0.0,Credit Card,C1954
ORD-003401,20/07/2024,Dokki,AX12,4,890.0,0.0,Cash,C2128
ORD-003394,20/07/2024,Smouha,TV04,1,41317.0,0.0,Visa/Mastercard,C0875
ORD-003408,21/07/2024,Miami,AX03,4,549.0,0.0,CASH,C0542
ORD-003409,21/07/2024,Miami,AX07,3,768.0,0.0,Cash,C1957
ORD-003410,21/07/2024,Dokki,KA06,1,12395.0,0.0,Visa/Mastercard,C0291
ORD-003411,21/07/2024,Smouha,TB01,1,24503.0,0.0,cash,C0938
ORD-003412,21/07/2024,Nasr City,AX11,4,410.0,0.0,Cash,
ORD-003413,21/07/2024,Nasr City,SP08,1,45359.0,0.05,VF Cash,C1570
ORD-003414,21/07/2024,Nasr City,AC02,1,47842.0,0.0,Installments,C0366
ORD-003418,22/07/2024,Heliopolis,AC04,1,57336.0,0.0,Valu/Installments,C1284
ORD-003417,22/07/2024,Maadi,AX02,2,345.0,0.0,Mobile Wallet,C0423
RET-000092,22/07/2024,Heliopolis,TV03,-1,14602.0,0.0,CASH,C2500
RET-000039,22/07/2024,Heliopolis,AC04,-1,57336.0,0.0,Valu/Installments,C1284
ORD-003415,22/07/2024,Heliopolis,AX11,3,408.0,0.0,Cash,C0420
ORD-003416,22/07/2024,Dokki,AX09,4,1884.0,0.0,credit card,
ORD-003419,22/07/2024,6th of October,AX10,3,454.0,0.0,Visa/Mastercard,C1506
ORD-003439,22/07/2024,Dokki,AU01,1,6469.0,0.0,Visa/Mastercard,C0356
ORD-003438,22/07/2024,Dokki,SP02,1,50856.0,0.0,mobile wallet,C0890
ORD-003437,22/07/2024,Heliopolis,AU04,1,1421.0,0.0,Cash,
ORD-003436,22/07/2024,Nasr City,KA03,1,6848.0,0.0,cash,C1813
ORD-003435,22/07/2024,6th of October,SP07,1,14933.0,0.0,cash,C1687
ORD-003434,22/07/2024,Mansoura,AX08,1,1368.0,0.0,Valu/Installments,C0621
ORD-003433,22/07/2024,Miami,AC01,1,33136.0,0.05,credit card,C0873
ORD-003431,22/07/2024,Dokki,AX10,2,441.0,0.0,installments,C1803
ORD-003430,22/07/2024,Dokki,AX02,1,355.0,0.0,CASH,C0673
ORD-003432,22/07/2024,Maadi,AU02,1,9064.0,0.0,Valu/Installments,C1439
ORD-003428,22/07/2024,Mansoura,TV06,1,89027.0,0.0,credit card,C0035
ORD-003427,22/07/2024,Miami,AX12,1,913.0,0.0,Valu/Installments,C2308
ORD-003426,22/07/2024,6th of October,AX05,1,2414.0,0.0,CASH,C2173
ORD-003425,22/07/2024,Dokki,AC03,1,26219.0,0.05,installments,C0281
ORD-003424,22/07/2024,Mansoura,TB01,1,23830.0,0.0,Valu/Installments,C0586
ORD-003423,22/07/2024,6th of October,AX07,4,755.0,0.0,VF Cash,C0546
ORD-003422,22/07/2024,Smouha,AC02,1,46262.0,0.0,credit card,C1568
ORD-003421,22/07/2024,Heliopolis,TV05,1,23974.0,0.0,installments,C0562
ORD-003429,22/07/2024,Heliopolis,TV03,1,14602.0,0.0,CASH,C2500
ORD-003420,22/07/2024,Nasr City,KA01,1,4206.0,0.0,credit card,C1226
ORD-003443,23/07/2024,Mansoura,AC04,1,60028.0,0.0,cash,C2415
ORD-003440,23/07/2024,Mansoura,TB02,1,13146.0,0.0,CASH,C0412
ORD-003441,23/07/2024,Miami,AX07,5,758.0,0.0,credit card,C0574
ORD-003442,23/07/2024,Nasr City,SP01,1,16844.0,0.0,installments,C0505
ORD-003444,23/07/2024,Mansoura,AX08,3,1348.0,0.0,Cash,C1573
ORD-003453,23/07/2024,Maadi,KA07,2,19051.0,0.0,installments,C1017
ORD-003446,23/07/2024,Miami,AC06,1,40957.0,0.0,credit card,C1759
ORD-003447,23/07/2024,Smouha,AX01,2,957.0,0.0,Valu/Installments,C1289
ORD-003448,23/07/2024,Heliopolis,LP02,1,42215.0,0.0,Installments,
ORD-003449,23/07/2024,Nasr City,TB01,1,24111.0,0.0,mobile wallet,C0573
ORD-003450,23/07/2024,Heliopolis,AX10,3,442.0,0.05,Mobile Wallet,C1015
ORD-003451,23/07/2024,Nasr City,AX02,1,349.0,0.0,cash,C1135
ORD-003452,23/07/2024,Dokki,AC04,1,58451.0,0.0,credit card,C0346
ORD-003454,23/07/2024,Miami,AX05,3,2513.0,0.0,Mobile Wallet,C2267
ORD-003455,23/07/2024,Miami,SP02,1,50670.0,0.0,installments,C2462
ORD-003445,23/07/2024,Mansoura,AX06,2,1151.0,0.0,Credit Card,C1440
ORD-003465,24/07/2024,Mansoura,SP06,1,10064.0,0.0,Valu/Installments,C2088
ORD-003466,24/07/2024,Maadi,KA04,2,23956.0,0.0,Installments,
ORD-003470,24/07/2024,Smouha,TB02,1,13408.0,0.0,credit card,C0224
ORD-003467,24/07/2024,6th of October,SP04,1,11651.0,0.0,mobile wallet,C0773
ORD-003464,24/07/2024,Nasr City,AC06,1,41880.0,0.0,Valu/Installments,C2486
ORD-003469,24/07/2024,Nasr City,AU01,1,6640.0,0.0,mobile wallet,C1211
ORD-003463,24/07/2024,Maadi,AU03,2,13394.0,0.0,Cash,C2121
ORD-003457,24/07/2024,Smouha,KA06,1,12311.0,0.0,Cash,C2489
ORD-003461,24/07/2024,Miami,KA07,1,18396.0,0.0,credit card,C1236
ORD-003460,24/07/2024,6th of October,AU02,2,9131.0,0.0,Visa/Mastercard,C0110
ORD-003459,24/07/2024,Dokki,SP03,1,58056.0,0.0,Valu/Installments,C1168
ORD-003458,24/07/2024,nasr city,AX10,3,458.0,0.05,CASH,
ORD-003456,24/07/2024,Mansoura,KA07,2,18909.0,0.0,installments,C2458
ORD-003462,24/07/2024,Smouha,AX03,1,549.0,0.0,Credit Card,C0842
ORD-003471,24/07/2024,Smouha,AC06,1,41261.0,0.0,credit card,C0981
ORD-003468,24/07/2024,Miami,SP06,1,9871.0,0.0,Visa/Mastercard,C1605
ORD-003472,24/07/2024,Maadi,TV02,1,26051.0,0.0,Credit Card,C2028
ORD-003473,24/07/2024,Mansoura,AU02,1,9076.0,0.0,Visa/Mastercard,C1581
ORD-003474,24/07/2024,Maadi,AX08,2,1361.0,0.05,CASH,C0462
ORD-003494,25/07/2024,Smouha,AC05,1,39575.0,0.0,credit card,C0299
ORD-003486,25/07/2024,Dokki,AX02,5,351.0,0.05,Mobile Wallet,C1585
ORD-003493,25/07/2024,Maadi,LP02,1,42393.0,0.0,CASH,C1930
ORD-003492,25/07/2024,Miami,SP01,1,16102.0,0.0,Credit Card,
ORD-003491,25/07/2024,Maadi,AU01,1,6566.0,0.0,Visa/Mastercard,C0708
ORD-003490,25/07/2024,Maadi ,AU02,2,9113.0,0.0,Cash,C2238
ORD-003489,25/07/2024,Nasr City,SP07,1,14524.0,0.0,Cash,C1497
ORD-003488,25/07/2024,Heliopolis,SP04,1,11786.0,0.0,Credit Card,C1724
ORD-003484,25/07/2024,Nasr City,AX05,2,2390.0,0.0,CASH,C0541
ORD-003485,25/07/2024,Smouha,AC05,1,37844.0,0.0,credit card,
ORD-003481,25/07/2024,Smouha,SP06,1,9598.0,0.0,Installments,
ORD-003480,25/07/2024,Dokki ,TB03,1,9607.0,0.0,VF Cash,C0050
ORD-003479,25/07/2024,Mansoura,AX09,4,1800.0,0.0,installments,C2164
ORD-003478,25/07/2024,Miami,AX04,3,253.0,0.0,Cash,C0291
ORD-003487,25/07/2024,Nasr City,AX06,1,1122.0,0.0,Visa/Mastercard,C2329
ORD-003477,25/07/2024,Maadi,SP04,1,11272.0,0.0,Cash,C2433
ORD-003476,25/07/2024,Nasr City,SP03,1,59199.0,0.0,credit card,C2047
ORD-003475,25/07/2024,Mansoura,TB04,1,17858.0,0.0,Credit Card,C0988
ORD-003482,25/07/2024,Smouha,AX09,4,1902.0,0.0,Mobile Wallet,C1480
ORD-003483,25/07/2024,Smouha,AU02,2,8968.0,0.0,CASH,C1297
ORD-003495,26/07/2024,Maadi,AX08,1,1319.0,0.0,Cash,C0069
ORD-003496,26/07/2024,miami,AX07,3,766.0,0.0,Credit Card,C2406
ORD-003497,26/07/2024,Dokki,KA06,2,12285.0,0.0,installments,C0277
ORD-003499,26/07/2024,Mansoura,SP01,1,16495.0,0.0,mobile wallet,C1074
ORD-003500,26/07/2024,Heliopolis,SP03,1,59667.0,0.0,installments,C0884
ORD-003501,26/07/2024,Miami,AU03,2,13687.0,0.0,Valu/Installments,C0164
ORD-003502,26/07/2024,Heliopolis,KA07,2,18829.0,0.0,Valu/Installments,C0248
ORD-003504,26/07/2024,Nasr City,AX10,1,441.0,0.0,CASH,C2076
ORD-003505,26/07/2024,Heliopolis,SP04,1,11590.0,0.0,Credit Card,C1174
ORD-003506,26/07/2024,Nasr City,AC06,1,42335.0,0.0,credit card,C2053
ORD-003507,26/07/2024,6th of October,AU03,2,13804.0,0.0,Credit Card,C1702
ORD-003508,26/07/2024,Mansoura,KA08,2,5278.0,0.0,Credit Card,C1735
ORD-003509,26/07/2024,Nasr City,AX04,2,256.0,0.0,VF Cash,C1648
RET-000007,26/07/2024,Mansoura,KA08,-2,5278.0,0.0,Credit Card,C1735
ORD-003498,26/07/2024,Smouha,AU02,1,9096.0,0.0,mobile wallet,C0057
ORD-003503,26/07/2024,Nasr City,AC04,1,56749.0,0.05,Cash,C1631
ORD-003524,27/07/2024,Maadi,AX05,5,2399.0,0.0,Visa/Mastercard,C1339
ORD-003510,27/07/2024,Dokki,AU05,2,3163.0,0.0,VF Cash,C0338
ORD-003511,27/07/2024,Maadi,AC03,1,26278.0,0.0,installments,C2198
ORD-003512,27/07/2024,mansoura,AX07,3,751.0,0.0,cash,C2203
ORD-003513,27/07/2024,Smouha,SP04,1,11250.0,0.0,credit card,C0626
ORD-003514,27/07/2024,Mansoura,SP02,1,50898.0,0.0,cash,
RET-000099,27/07/2024,Miami,LP02,-1,42540.0,0.0,Credit Card,C0324
ORD-003515,27/07/2024,Smouha,LP03,1,31350.0,0.0,Visa/Mastercard,C1137
ORD-003516,27/07/2024,Dokki,SP05,1,19262.0,0.0,Credit Card,C0343
ORD-003517,27/07/2024,Maadi,SP01,1,16673.0,0.0,mobile wallet,C1270
ORD-003518,27/07/2024,Miami,LP02,1,42540.0,0.0,Credit Card,C0324
ORD-003519,27/07/2024,Mansoura,LP06,1,21809.0,0.0,VF Cash,C2095
ORD-003520,27/07/2024,6TH OF OCTOBER,TV06,1,89634.0,0.0,Valu/Installments,C0833
ORD-003523,27/07/2024,MANSOURA,SP05,1,20071.0,0.0,Visa/Mastercard,
ORD-003521,27/07/2024,Nasr City,AC05,1,38734.0,0.0,Valu/Installments,C0637
ORD-003522,27/07/2024,Dokki,AU01,1,6482.0,0.0,credit card,C2198
ORD-003525,27/07/2024,Dokki,SP01,1,16664.0,0.05,Valu/Installments,C1601
ORD-003526,27/07/2024,Miami,AC05,1,38451.0,0.0,Visa/Mastercard,C2403
ORD-003534,28/07/2024,Maadi,AX12,3,878.0,0.0,Mobile Wallet,C0354
ORD-003546,28/07/2024,Dokki,AX01,2,955.0,0.0,Visa/Mastercard,C0672
ORD-003545,28/07/2024,Heliopolis,AC05,1,39108.0,0.0,CASH,C0047
ORD-003544,28/07/2024,Maadi,SP01,1,16753.0,0.0,Credit Card,C0563
ORD-003543,28/07/2024,Smouha,AU03,2,13141.0,0.0,Installments,C0052
ORD-003542,28/07/2024,Nasr City,TB01,1,23837.0,0.0,Valu/Installments,C0490
ORD-003527,28/07/2024,6th of October,SP04,1,11742.0,0.0,Credit Card,C0271
ORD-003528,28/07/2024,maadi,KA04,2,24790.0,0.0,installments,
ORD-003529,28/07/2024,Heliopolis,SP02,1,51064.0,0.05,credit card,C1271
ORD-003530,28/07/2024,Dokki,AX08,5,1330.0,0.0,cash,C1792
ORD-003531,28/07/2024,Dokki,KA08,1,5245.0,0.0,mobile wallet,C0978
ORD-003532,28/07/2024,Smouha,KA03,2,6599.0,0.0,cash,C0238
ORD-003533,28/07/2024,Smouha,KA01,2,4089.0,0.0,CASH,C1002
ORD-003541,28/07/2024,Mansoura,KA06,1,12204.0,0.0,Visa/Mastercard,C0720
ORD-003535,28/07/2024,Miami,AX10,4,452.0,0.0,Credit Card,C1780
ORD-003536,28/07/2024,Maadi,AX05,4,2435.0,0.0,CASH,C0476
ORD-003537,28/07/2024,Maadi,AC03,1,25649.0,0.05,credit card,C1858
ORD-003538,28/07/2024,Nasr City,AC05,1,39083.0,0.0,VF Cash,C2494
ORD-003547,28/07/2024,Mansoura,TV02,1,26857.0,0.0,Mobile Wallet,C2034
ORD-003539,28/07/2024,6th of October,AU02,1,8858.0,0.0,CASH,C0226
ORD-003540,28/07/2024,Nasr City,AX09,4,1890.0,0.0,Mobile Wallet,C1267
RET-000021,28/07/2024,Heliopolis,SP02,-1,51064.0,0.05,credit card,C1271
ORD-003554,29/07/2024,Maadi,KA04,1,24785.0,0.0,Credit Card,C0520
ORD-003555,29/07/2024,Smouha,AU05,2,3178.0,0.0,installments,C1101
ORD-003562,29/07/2024,Mansoura,AX04,1,256.0,0.0,Cash,C0262
ORD-003561,29/07/2024,Nasr City,TB01,1,24812.0,0.0,VF Cash,C2146
ORD-003560,29/07/2024,Maadi,KA03,2,6769.0,0.0,Credit Card,C1115
ORD-003559,29/07/2024,Miami,KA02,2,3628.0,0.0,credit card,C1759
ORD-003558,29/07/2024,6th of October,AX04,1,246.0,0.0,credit card,C1373
ORD-003552,29/07/2024,Smouha,TV06,1,87987.0,0.0,Valu/Installments,C0684
ORD-003548,29/07/2024,Heliopolis,TB04,1,17625.0,0.0,Valu/Installments,C1421
ORD-003549,29/07/2024,Nasr City,TB04,1,17768.0,0.0,cash,C2143
ORD-003550,29/07/2024,Smouha,AX06,4,1123.0,0.0,Installments,C2119
ORD-003551,29/07/2024,Miami,KA03,1,6603.0,0.0,Mobile Wallet,C1062
ORD-003556,29/07/2024,Miami,AX03,2,550.0,0.0,mobile wallet,C0484
ORD-003557,29/07/2024,Dokki,AX07,4,766.0,0.0,Valu/Installments,C0121
ORD-003553,29/07/2024,Smouha,AX01,4,949.0,0.0,CASH,C1524
ORD-003574,30/07/2024,Nasr City,KA05,1,9637.0,0.0,CASH,C0684
ORD-003573,30/07/2024,Nasr City,AU03,1,13849.0,0.0,Credit Card,C2322
ORD-003572,30/07/2024,Smouha,KA04,1,24719.0,0.0,Installments,C2047
ORD-003571,30/07/2024,Miami,SP05,1,19984.0,0.0,Credit Card,C0228
ORD-003570,30/07/2024,Maadi,AC02,1,45189.0,0.0,Installments,
ORD-003567,30/07/2024,Dokki,AX05,4,2440.0,0.0,CASH,C1865
ORD-003568,30/07/2024,Mansoura,LP04,1,76709.0,0.0,Credit Card,C2093
ORD-003578,30/07/2024,6th of October,SP06,1,9711.0,0.0,installments,C0422
ORD-003566,30/07/2024,miami,LP06,1,22558.0,0.0,Mobile Wallet,C2033
ORD-003565,30/07/2024,6th of October,SP03,1,57987.0,0.0,Installments,C0316
ORD-003563,30/07/2024,Heliopolis,TB04,1,17674.0,0.0,cash,C1078
ORD-003569,30/07/2024,Nasr City,AU03,1,13645.0,0.0,Valu/Installments,C1476
ORD-003564,30/07/2024,Heliopolis,KA08,1,5309.0,0.0,Installments,C2362
ORD-003579,30/07/2024,Heliopolis,SP03,1,57430.0,0.0,mobile wallet,
ORD-003575,30/07/2024,Miami,AX04,4,249.0,0.0,cash,C1507
ORD-003580,30/07/2024,Smouha,SP05,1,19845.0,0.0,cash,C2351
ORD-003581,30/07/2024,Dokki,TV04,1,40709.0,0.0,mobile wallet,C0473
ORD-003577,30/07/2024,Nasr City,TV01,1,31407.0,0.0,Valu/Installments,C1045
ORD-003576,30/07/2024,Heliopolis,SP05,1,19794.0,0.0,Installments,C0645
ORD-003595,31/07/2024,Nasr City,AX09,2,1901.0,0.0,cash,C2265
ORD-003582,31/07/2024,6th of October,AC05,1,37547.0,0.0,Visa/Mastercard,C0936
ORD-003583,31/07/2024,Nasr City,LP01,1,28146.0,0.0,installments,C2085
ORD-003584,31/07/2024,Dokki,AC03,1,25252.0,0.0,cash,C0011
ORD-003585,31/07/2024,Miami,TB04,1,17213.0,0.05,Visa/Mastercard,C0181
ORD-003586,31/07/2024,Mansoura,SP06,1,9630.0,0.0,Cash,C0051
ORD-003587,31/07/2024,6th of October,LP06,1,22225.0,0.05,Visa/Mastercard,C1002
ORD-003588,31/07/2024,Miami,AC02,1,45646.0,0.0,Valu/Installments,C0189
ORD-003589,31/07/2024,Maadi,AU05,1,3157.0,0.0,Installments,C1933
ORD-003590,31/07/2024,Miami,AX01,5,949.0,0.0,Mobile Wallet,C1491
ORD-003591,31/07/2024,Mansoura,KA03,2,6825.0,0.0,Visa/Mastercard,C1569
ORD-003592,31/07/2024,Maadi,AC04,1,59774.0,0.0,Valu/Installments,C0615
ORD-003593,31/07/2024,Smouha,AC03,1,26569.0,0.05,Valu/Installments,C0734
ORD-003594,31/07/2024,Smouha,AX11,1,401.0,0.0,Valu/Installments,C0145
ORD-003614,01/08/2024,Miami,AU04,1,1455.0,0.0,VF Cash,C0283
ORD-003613,01/08/2024,Dokki,AC05,1,37694.0,0.0,Credit Card,C1643
ORD-003610,01/08/2024,Nasr City,AC03,1,26417.0,0.0,installments,C0915
ORD-003596,01/08/2024,Miami,AC02,1,45479.0,0.0,Mobile Wallet,C1718
ORD-003609,01/08/2024,Smouha,SP02,1,52430.0,0.0,Installments,C0735
ORD-003608,01/08/2024,Miami,AX04,4,246.0,0.0,VF Cash,C0216
ORD-003607,01/08/2024,Heliopolis,AC01,1,32571.0,0.0,Visa/Mastercard,C2057
ORD-003606,01/08/2024,6th of October,TV06,1,87865.0,0.0,CASH,C0490
ORD-003605,01/08/2024,Dokki,AC02,1,47173.0,0.0,credit card,C1528
ORD-003604,01/08/2024,Mansoura,AX11,2,389.0,0.0,Visa/Mastercard,C2342
ORD-003611,01/08/2024,Dokki,TB01,1,24500.0,0.0,Cash,C2113
ORD-003603,01/08/2024,Dokki,AC06,1,40385.0,0.0,Valu/Installments,C0320
ORD-003601,01/08/2024,Nasr City,AX01,1,934.0,0.0,Installments,C1311
ORD-003600,01/08/2024,6th of October,AX04,2,256.0,0.0,Mobile Wallet,C1705
ORD-003599,01/08/2024,Smouha,KA07,1,18168.0,0.0,installments,C1017
ORD-003598,01/08/2024,Heliopolis,AU03,1,13436.0,0.0,Cash,C1319
ORD-003612,01/08/2024,Nasr City,AU03,1,13514.0,0.0,Visa/Mastercard,C0189
ORD-003602,01/08/2024,Mansoura,AX09,5,1795.0,0.0,cash,C1112
ORD-003597,01/08/2024,Nasr City,AC03,1,25886.0,0.0,credit card,C0920
RET-000045,02/08/2024,Mansoura,AC04,-1,57384.0,0.0,Cash,C1906
ORD-003631,02/08/2024,Heliopolis,SP03,1,58107.0,0.0,Installments,C0994
ORD-003627,02/08/2024,Nasr City,AX08,1,1384.0,0.0,Installments,C2310
ORD-003628,02/08/2024,Nasr City,AC02,1,45386.0,0.0,cash,C1245
ORD-003641,02/08/2024,Dokki,TV06,1,86490.0,0.0,installments,C0027
ORD-003640,02/08/2024,Heliopolis,AU05,2,3284.0,0.0,Installments,C0617
ORD-003639,02/08/2024,Nasr City,SP02,1,52494.0,0.0,VF Cash,C1005
ORD-003638,02/08/2024,Miami,SP08,1,45740.0,0.0,CASH,C2239
ORD-003637,02/08/2024,Dokki,AX10,5,458.0,0.0,Credit Card,C0801
ORD-003636,02/08/2024,Mansoura,AX07,4,730.0,0.0,credit card,C2021
ORD-003635,02/08/2024,Maadi,KA02,1,3705.0,0.0,Visa/Mastercard,C2424
ORD-003634,02/08/2024,Heliopolis,LP05,1,35570.0,0.0,CASH,C1509
ORD-003632,02/08/2024,Heliopolis,SP05,1,18927.0,0.05,Visa/Mastercard,C1901
ORD-003630,02/08/2024,Miami,KA06,1,12138.0,0.0,CASH,
ORD-003633,02/08/2024,Dokki,LP05,1,35271.0,0.0,cash,
ORD-003625,02/08/2024,Smouha,AX11,5,406.0,0.0,VF Cash,C1195
ORD-003615,02/08/2024,Mansoura,AC04,1,57384.0,0.0,Cash,C1906
ORD-003616,02/08/2024,6th of October,LP04,1,78764.0,0.0,Valu/Installments,C1157
ORD-003629,02/08/2024,Dokki,TB01,1,24043.0,0.0,CASH,
ORD-003618,02/08/2024,NASR CITY,SP03,1,56787.0,0.0,cash,C1341
ORD-003619,02/08/2024,miami,AX10,5,437.0,0.0,Installments,C0354
ORD-003617,02/08/2024,Maadi,SP06,1,9817.0,0.0,mobile wallet,C1273
ORD-003621,02/08/2024,Smouha,TB04,1,17722.0,0.05,cash,C1871
ORD-003622,02/08/2024,Heliopolis,AC05,1,39613.0,0.0,cash,C0033
ORD-003623,02/08/2024,Dokki,AX07,2,743.0,0.0,Visa/Mastercard,C1512
ORD-003624,02/08/2024,Maadi,AC04,1,59195.0,0.0,credit card,C0822
ORD-003620,02/08/2024,Smouha,AX01,2,959.0,0.0,Cash,C2266
ORD-003626,02/08/2024,Heliopolis,TV04,1,40218.0,0.0,Credit Card,
ORD-003647,03/08/2024,6th of October,KA05,1,9973.0,0.05,VF Cash,C0040
ORD-003642,03/08/2024,Dokki,AC05,1,37932.0,0.0,Credit Card,C1680
ORD-003643,03/08/2024,Maadi,TB04,1,18016.0,0.0,cash,C0098
ORD-003644,03/08/2024,Maadi,TV03,1,14620.0,0.0,Cash,C0955
ORD-003645,03/08/2024,Dokki,AC01,1,33245.0,0.0,credit card,C2219
ORD-003646,03/08/2024,Mansoura,TB03,1,9471.0,0.0,Credit Card,C1419
ORD-003659,03/08/2024,Heliopolis,AX11,5,403.0,0.0,Credit Card,C0584
ORD-003649,03/08/2024,Maadi,AC06,1,41963.0,0.05,Cash,C0006
ORD-003669,03/08/2024,Nasr City,KA01,2,4098.0,0.0,cash,C2379
ORD-003668,03/08/2024,Smouha,AU02,2,8957.0,0.0,Mobile Wallet,C0348
ORD-003667,03/08/2024,Dokki,AX05,3,2389.0,0.0,Credit Card,C1878
ORD-003666,03/08/2024,Mansoura,SP02,1,52376.0,0.0,credit card,C1526
ORD-003665,03/08/2024,Smouha,LP03,1,30916.0,0.0,Valu/Installments,C1692
ORD-003664,03/08/2024,Mansoura,AC05,1,38799.0,0.0,credit card,C2129
ORD-003663,03/08/2024,MIAMI,TV04,1,41231.0,0.0,Visa/Mastercard,C0949
ORD-003662,03/08/2024,Maadi,AX08,1,1347.0,0.0,Installments,C0180
ORD-003648,03/08/2024,Maadi,AX06,4,1133.0,0.0,Mobile Wallet,C1373
ORD-003661,03/08/2024,Smouha,KA03,1,6875.0,0.0,credit card,C0382
ORD-003658,03/08/2024,Heliopolis,SP01,1,16184.0,0.0,credit card,C0246
ORD-003657,03/08/2024,Heliopolis,LP01,1,28883.0,0.0,Installments,C2016
ORD-003656,03/08/2024,Nasr City,AX01,1,963.0,0.0,Cash,C1720
ORD-003655,03/08/2024,6th of October,AC03,1,25322.0,0.0,Installments,C0976
ORD-003653,03/08/2024,Heliopolis,AX12,4,923.0,0.0,Visa/Mastercard,C0841
ORD-003652,03/08/2024,Miami,AC03,1,25427.0,0.0,installments,C0426
ORD-003651,03/08/2024,Heliopolis,AX03,4,560.0,0.0,credit card,C1260
ORD-003650,03/08/2024,Nasr City,TB01,1,24133.0,0.0,Valu/Installments,C1542
ORD-003660,03/08/2024,Smouha,TB02,1,13667.0,0.0,VF Cash,C1147
ORD-003654,03/08/2024,6th of October,AU03,1,13272.0,0.05,credit card,C2171
ORD-003672,04/08/2024,6th of October,TB03,1,9364.0,0.0,Visa/Mastercard,C0547
ORD-003670,04/08/2024,Mansoura,AU03,2,13330.0,0.0,credit card,C0392
ORD-003682,04/08/2024,Mansoura,LP01,1,27645.0,0.0,CASH,C1195
ORD-003681,04/08/2024,MANSOURA,KA02,1,3624.0,0.0,Cash,C0970
ORD-003680,04/08/2024,Miami,KA02,2,3635.0,0.0,cash,C0536
ORD-003679,04/08/2024,Mansoura,AX03,3,562.0,0.0,Cash,C1782
ORD-003678,04/08/2024,Nasr City,LP02,1,41816.0,0.0,Credit Card,C0256
ORD-003677,04/08/2024,Mansoura,AC01,1,32693.0,0.0,Mobile Wallet,C2326
ORD-003676,04/08/2024,Heliopolis,AX04,1,244.0,0.0,mobile wallet,
ORD-003675,04/08/2024,6th of October,AC06,1,42498.0,0.0,installments,C2425
ORD-003674,04/08/2024,Heliopolis,KA06,1,12379.0,0.0,Credit Card,C0307
ORD-003673,04/08/2024,6th of October,LP05,1,35292.0,0.0,Valu/Installments,C1616
ORD-003671,04/08/2024,Maadi,AU05,1,3233.0,0.0,Valu/Installments,C2071
RET-000049,04/08/2024,MANSOURA,KA02,-1,,0.0,Cash,C0970
ORD-003689,05/08/2024,Dokki,AX07,1,755.0,0.0,cash,C1303
ORD-003695,05/08/2024,Smouha,AX10,4,462.0,0.0,Cash,C0831
ORD-003697,05/08/2024,Heliopolis,KA08,1,5263.0,0.0,cash,C0558
ORD-003696,05/08/2024,Nasr City,AX01,2,932.0,0.0,Credit Card,
ORD-003694,05/08/2024,Dokki,AX12,2,879.0,0.0,Cash,C0306
ORD-003693,05/08/2024,Maadi,LP03,1,30733.0,0.0,cash,C0957
ORD-003691,05/08/2024,nasr city,SP07,1,14076.0,0.0,CASH,C1855
ORD-003690,05/08/2024,Miami,AU01,1,6388.0,0.0,Visa/Mastercard,
ORD-003692,05/08/2024,Maadi,TB04,1,17280.0,0.0,mobile wallet,C1114
ORD-003687,05/08/2024,Heliopolis,AC03,1,26300.0,0.0,Visa/Mastercard,
ORD-003686,05/08/2024,Heliopolis ,AC05,1,38685.0,0.0,Installments,
ORD-003685,05/08/2024,Nasr City,LP04,1,77635.0,0.0,installments,C1610
ORD-003684,05/08/2024,Nasr City,AX07,1,730.0,0.0,Cash,C1291
ORD-003683,05/08/2024,Miami,LP04,1,76257.0,0.0,Credit Card,C1070
ORD-003688,05/08/2024,Smouha,SP02,1,51927.0,0.0,Installments,C1337
ORD-003703,06/08/2024,Maadi,AU02,2,9001.0,0.0,Cash,C1842
ORD-003707,06/08/2024,Maadi,TB01,1,24295.0,0.0,Valu/Installments,C0495
ORD-003706,06/08/2024,Dokki,AU03,2,13435.0,0.0,CASH,C1666
ORD-003705,06/08/2024,Heliopolis,AX02,1,354.0,0.0,Mobile Wallet,C1287
ORD-003704,06/08/2024,6th of October,AC02,1,46439.0,0.0,cash,C1909
ORD-003702,06/08/2024,Dokki,AX02,2,344.0,0.0,Cash,C0674
ORD-003698,06/08/2024,Nasr City,AU02,1,8991.0,0.0,cash,C2395
ORD-003700,06/08/2024,6th of October,SP01,1,16622.0,0.0,Visa/Mastercard,C0637
ORD-003699,06/08/2024,DOKKI,KA01,1,4270.0,0.05,Cash,C0447
ORD-003708,06/08/2024,6th of October,TV06,1,89810.0,0.0,Credit Card,
ORD-003701,06/08/2024,Mansoura,TV03,1,14662.0,0.0,mobile wallet,C0433
ORD-003709,06/08/2024,Miami,KA03,2,6686.0,0.0,VF Cash,C2196
ORD-003719,07/08/2024,Maadi,TB02,1,13432.0,0.0,Mobile Wallet,C1247
ORD-003718,07/08/2024,Smouha,TB03,1,9665.0,0.0,credit card,C0646
ORD-003715,07/08/2024,Nasr City,KA07,1,18387.0,0.0,cash,C1086
ORD-003717,07/08/2024,Mansoura,AX03,1,556.0,0.0,credit card,C0371
ORD-003721,07/08/2024,Nasr City,KA05,2,9909.0,0.0,CASH,C0166
ORD-003720,07/08/2024,Dokki,AX02,3,351.0,0.0,cash,C2472
ORD-003716,07/08/2024,Smouha,AU04,2,1436.0,0.0,Cash,C0492
ORD-003710,07/08/2024,Heliopolis,AX12,1,874.0,0.0,credit card,C1468
ORD-003713,07/08/2024,6th of October,AU02,1,8872.0,0.0,Installments,C1263
ORD-003712,07/08/2024,Dokki,LP04,1,79799.0,0.0,Credit Card,C1852
ORD-003711,07/08/2024,Nasr City,SP05,1,19621.0,0.0,Valu/Installments,C0851
ORD-003714,07/08/2024,Heliopolis,AU04,2,1407.0,0.0,Cash,C1898
ORD-003736,08/08/2024,Heliopolis,AU05,2,3120.0,0.0,Valu/Installments,C1657
ORD-003735,08/08/2024,Maadi,SP03,1,57483.0,0.0,installments,C0128
ORD-003734,08/08/2024,Miami,AX03,5,560.0,0.0,CASH,C0713
ORD-003733,08/08/2024,Heliopolis,TV06,1,90620.0,0.0,Credit Card,C1066
ORD-003732,08/08/2024,6th of October,LP04,1,78909.0,0.0,Valu/Installments,C1225
ORD-003731,08/08/2024,Mansoura,AX08,4,1353.0,0.0,Credit Card,C0201
ORD-003730,08/08/2024,Heliopolis,AU02,1,9105.0,0.0,mobile wallet,C2104
ORD-003729,08/08/2024,Heliopolis,AX03,3,551.0,0.0,CASH,C1624
ORD-003728,08/08/2024,Smouha,AX05,4,2405.0,0.0,VF Cash,C1458
ORD-003726,08/08/2024,Mansoura,SP07,1,14251.0,0.0,cash,C0374
ORD-003725,08/08/2024,Dokki,KA02,1,,0.0,Cash,
ORD-003724,08/08/2024,Smouha,AX07,3,742.0,0.0,CASH,C0608
ORD-003723,08/08/2024,Heliopolis,AX01,1,947.0,0.05,Mobile Wallet,C1343
ORD-003722,08/08/2024,6th of October,LP03,1,30673.0,0.0,Visa/Mastercard,C0881
RET-000030,08/08/2024,Heliopolis,TV06,-1,90620.0,0.0,Credit Card,C1066
ORD-003727,08/08/2024,Maadi,AU05,2,3148.0,0.0,Visa/Mastercard,C1017
ORD-003739,09/08/2024,Dokki,SP07,1,14759.0,0.0,CASH,C2278
ORD-003737,09/08/2024,heliopolis,AC03,1,26710.0,0.0,VF Cash,
ORD-003738,09/08/2024,Heliopolis,TB03,1,9499.0,0.0,Credit Card,C1853
ORD-003740,09/08/2024,Mansoura,SP06,1,9794.0,0.0,mobile wallet,C2254
ORD-003741,09/08/2024,Maadi,AX04,5,256.0,0.0,Credit Card,C1024
ORD-003742,09/08/2024,Smouha,SP03,1,58914.0,0.0,Visa/Mastercard,C0388
ORD-003743,09/08/2024,Heliopolis,LP06,1,22225.0,0.0,Cash,C1893
ORD-003744,09/08/2024,Miami,KA02,1,3616.0,0.0,CASH,C0418
ORD-003745,09/08/2024,Heliopolis,TB02,1,13818.0,0.0,Valu/Installments,C0573
ORD-003746,09/08/2024,Maadi,AX07,3,767.0,0.0,Visa/Mastercard,C0498
ORD-003747,09/08/2024,Dokki,LP05,1,34627.0,0.0,Credit Card,C0049
ORD-003766,10/08/2024,Heliopolis,AX09,1,1800.0,0.0,CASH,
ORD-003767,10/08/2024,Heliopolis,KA06,1,12143.0,0.05,Cash,C1359
ORD-003765,10/08/2024,Dokki,AX04,2,248.0,0.0,cash,C0377
ORD-003764,10/08/2024,Smouha,AX10,5,455.0,0.0,Credit Card,C0528
ORD-003762,10/08/2024,Smouha,TB03,1,9564.0,0.0,Installments,C1817
RET-000041,10/08/2024,Heliopolis,SP06,-1,9959.0,0.05,Visa/Mastercard,C0810
ORD-003761,10/08/2024,Heliopolis,SP06,1,9959.0,0.05,Visa/Mastercard,C0810
ORD-003760,10/08/2024,Nasr City,SP02,1,51492.0,0.0,Cash,C0265
ORD-003759,10/08/2024,Nasr City,LP02,1,40868.0,0.0,installments,C0090
ORD-003758,10/08/2024,Maadi,AX07,2,728.0,0.0,Credit Card,C0308
ORD-003763,10/08/2024,Smouha,AU05,1,3213.0,0.0,Cash,
ORD-003756,10/08/2024,Heliopolis,LP02,1,41236.0,0.0,Installments,C2401
ORD-003755,10/08/2024,6th of October,AU05,2,3246.0,0.0,cash,C2386
ORD-003754,10/08/2024,HELIOPOLIS,TV06,1,91230.0,0.0,CASH,C0345
ORD-003753,10/08/2024,Maadi,AC02,1,46089.0,0.0,installments,C1525
ORD-003752,10/08/2024,Maadi,TV02,1,26915.0,0.0,Cash,C1641
ORD-003751,10/08/2024,6th of October,KA07,2,18499.0,0.0,credit card,C0812
ORD-003750,10/08/2024,Nasr City,SP01,1,16966.0,0.0,installments,C0536
ORD-003749,10/08/2024,Heliopolis,KA06,2,12679.0,0.0,installments,C0911
ORD-003748,10/08/2024,Maadi,AC06,1,40421.0,0.0,installments,C0253
ORD-003757,10/08/2024,Nasr City,AU02,1,9049.0,0.0,Visa/Mastercard,C1061
ORD-003778,11/08/2024,Maadi,SP05,1,,0.0,cash,C1568
ORD-003779,11/08/2024,Smouha,SP06,1,9632.0,0.0,Visa/Mastercard,C1748
ORD-003780,11/08/2024,Heliopolis,AX08,5,1363.0,0.0,credit card,
ORD-003783,11/08/2024,Smouha,SP03,1,58374.0,0.0,Installments,
ORD-003782,11/08/2024,Maadi,AX12,3,874.0,0.0,Cash,C1450
ORD-003777,11/08/2024,Heliopolis,AC02,1,45387.0,0.0,credit card,C0121
ORD-003784,11/08/2024,Nasr City,AX04,1,254.0,0.0,CASH,
ORD-003781,11/08/2024,6th of October,AX02,4,345.0,0.0,installments,C0708
ORD-003776,11/08/2024,Maadi,TB03,1,9217.0,0.0,Credit Card,C2033
ORD-003771,11/08/2024,SMOUHA,AC06,1,42285.0,0.0,VF Cash,C0208
ORD-003774,11/08/2024,Heliopolis,AC05,1,38238.0,0.0,Installments,C1775
ORD-003773,11/08/2024,Miami,AC05,1,38362.0,0.0,Valu/Installments,C2351
ORD-003772,11/08/2024,Dokki,SP03,1,59563.0,0.05,Credit Card,C0689
ORD-003770,11/08/2024,Heliopolis,AX06,3,1128.0,0.0,Cash,C1889
ORD-003769,11/08/2024,Heliopolis,SP06,1,10078.0,0.0,Cash,C0175
ORD-003768,11/08/2024,Heliopolis,AX02,4,355.0,0.0,cash,C0502
ORD-003775,11/08/2024,Maadi,LP03,1,30093.0,0.0,CASH,C1618
ORD-003789,12/08/2024,Miami,TB03,1,9494.0,0.0,mobile wallet,C1147
ORD-003788,12/08/2024,Smouha,AX04,5,246.0,0.0,CASH,
ORD-003787,12/08/2024,Dokki,AU02,2,8684.0,0.0,Mobile Wallet,C1127
ORD-003790,12/08/2024,Miami,SP01,1,16783.0,0.0,Credit Card,C1827
ORD-003785,12/08/2024,6th of October,SP08,1,45566.0,0.05,installments,C0880
ORD-003792,12/08/2024,Mansoura,AU04,1,1428.0,0.0,Installments,C0142
ORD-003786,12/08/2024,Dokki,AX06,3,1151.0,0.0,mobile wallet,C0767
ORD-003791,12/08/2024,Miami,AX03,2,564.0,0.0,VF Cash,C0609
ORD-003799,13/08/2024,Smouha,LP01,1,28308.0,0.0,installments,C1963
ORD-003800,13/08/2024,Smouha,LP06,1,21537.0,0.0,Installments,C0250
ORD-003794,13/08/2024,Nasr City,SP07,1,14113.0,0.0,Credit Card,C1209
ORD-003801,13/08/2024,Smouha,LP06,1,22127.0,0.0,Cash,
ORD-003802,13/08/2024,Dokki,AU03,2,13880.0,0.0,credit card,C0360
ORD-003803,13/08/2024,Dokki,TB02,1,13681.0,0.0,Valu/Installments,C1146
ORD-003804,13/08/2024,Dokki,TV01,1,32201.0,0.0,Cash,C1569
ORD-003805,13/08/2024,Maadi,AC04,1,59312.0,0.0,Visa/Mastercard,C0563
ORD-003806,13/08/2024,Mansoura,LP06,1,22473.0,0.0,installments,C1718
ORD-003807,13/08/2024,Heliopolis,AU03,2,13401.0,0.0,Installments,C0817
ORD-003793,13/08/2024,mansoura,KA04,2,25003.0,0.0,Valu/Installments,C1007
ORD-003798,13/08/2024,Maadi,AU04,1,1411.0,0.0,CASH,
ORD-003795,13/08/2024,heliopolis,SP05,1,19960.0,0.0,mobile wallet,C2044
ORD-003796,13/08/2024,Heliopolis,AU01,2,6630.0,0.0,installments,C1688
ORD-003797,13/08/2024,Dokki,LP05,1,34906.0,0.0,installments,C2256
ORD-003820,14/08/2024,Dokki,KA05,1,9998.0,0.0,VF Cash,C1318
ORD-003819,14/08/2024,Maadi,AX01,5,926.0,0.0,Cash,C2058
ORD-003818,14/08/2024,Mansoura,AX05,1,2447.0,0.05,credit card,C2317
ORD-003817,14/08/2024,Heliopolis,TB02,1,13559.0,0.0,Cash,C1410
ORD-003816,14/08/2024,Smouha,LP06,1,21980.0,0.0,Valu/Installments,C1986
ORD-003815,14/08/2024,Smouha,KA01,2,4112.0,0.0,Valu/Installments,C2231
ORD-003814,14/08/2024,Miami,AU04,2,1468.0,0.0,cash,C1965
ORD-003812,14/08/2024,Nasr City,LP05,1,35696.0,0.0,Credit Card,C1567
ORD-003821,14/08/2024,Heliopolis,AX01,4,946.0,0.0,installments,C1591
ORD-003811,14/08/2024,Maadi,AU03,1,13175.0,0.0,CASH,C0080
ORD-003810,14/08/2024,HELIOPOLIS,AX01,4,974.0,0.0,mobile wallet,C2227
ORD-003809,14/08/2024,Smouha,AC06,1,40341.0,0.0,mobile wallet,C1021
ORD-003808,14/08/2024,Nasr City,AX07,1,771.0,0.0,Cash,C2154
RET-000009,14/08/2024,Smouha,AC06,-1,40341.0,0.0,mobile wallet,C1021
ORD-003813,14/08/2024,Nasr City,AX04,1,253.0,0.05,VF Cash,C1471
ORD-003822,14/08/2024,Nasr City,AC05,1,39105.0,0.0,installments,C1108
ORD-003824,14/08/2024,Mansoura,AU05,1,3253.0,0.0,Credit Card,C0107
ORD-003825,14/08/2024,MIAMI,AX11,5,388.0,0.0,Credit Card,C1307
ORD-003826,14/08/2024,Smouha,KA04,2,24514.0,0.0,credit card,C2446
ORD-003823,14/08/2024,Nasr City,AU01,2,6535.0,0.0,mobile wallet,C0737
ORD-003833,15/08/2024,Nasr City,AX09,5,1845.0,0.0,CASH,C1465
ORD-003839,15/08/2024,Mansoura,KA04,1,24995.0,0.0,installments,C1016
ORD-003838,15/08/2024,Heliopolis,AU03,2,13436.0,0.0,Mobile Wallet,C0411
RET-000093,15/08/2024,Mansoura,KA04,-1,24995.0,0.0,installments,C1016
ORD-003837,15/08/2024,Nasr City,AX04,2,245.0,0.0,cash,C0654
ORD-003836,15/08/2024,Maadi,KA02,1,3578.0,0.0,Cash,
ORD-003845,15/08/2024,Maadi,AX04,1,244.0,0.0,Valu/Installments,
ORD-003844,15/08/2024,Heliopolis,AC01,1,34148.0,0.0,cash,C0899
ORD-003843,15/08/2024,Heliopolis,AC05,1,37651.0,0.0,Valu/Installments,C0230
ORD-003835,15/08/2024,Heliopolis,AX03,4,559.0,0.0,Visa/Mastercard,C0954
ORD-003840,15/08/2024,Heliopolis,AX06,4,1154.0,0.0,Mobile Wallet,C0988
ORD-003832,15/08/2024,Maadi,AU05,2,3125.0,0.0,installments,C2169
ORD-003831,15/08/2024,Smouha,AX12,3,881.0,0.0,cash,C1933
ORD-003830,15/08/2024,Smouha,AC06,1,40914.0,0.0,VF Cash,C0240
ORD-003829,15/08/2024,Smouha,AU04,2,1444.0,0.0,Visa/Mastercard,C1151
ORD-003828,15/08/2024,Nasr City,TB04,1,17233.0,0.0,Cash,C0121
ORD-003827,15/08/2024,Smouha,TB02,1,13444.0,0.0,CASH,C0898
ORD-003842,15/08/2024,Smouha,AX02,2,349.0,0.0,Mobile Wallet,C2186
ORD-003841,15/08/2024,Heliopolis,LP06,1,22017.0,0.0,Valu/Installments,C1092
ORD-003834,15/08/2024,Nasr City,AC06,1,42060.0,0.0,Mobile Wallet,C2393
RET-000048,16/08/2024,Maadi,AX05,-3,2498.0,0.0,Cash,C1454
ORD-003849,16/08/2024,Dokki,AC02,1,46361.0,0.05,Cash,
ORD-003859,16/08/2024,Miami,AX02,3,344.0,0.0,cash,C1441
ORD-003865,16/08/2024,Dokki,AX04,3,250.0,0.0,Installments,C2307
ORD-003864,16/08/2024,6th of October,LP06,1,21766.0,0.0,CASH,C0583
ORD-003863,16/08/2024,Nasr City,AX06,1,1160.0,0.0,CASH,C2309
ORD-003862,16/08/2024,Miami,LP03,1,30603.0,0.0,Valu/Installments,C2326
ORD-003861,16/08/2024,Mansoura,SP08,1,44435.0,0.0,Installments,
ORD-003860,16/08/2024,Heliopolis,AX03,1,566.0,0.0,Credit Card,
ORD-003858,16/08/2024,Nasr City,AU01,1,6314.0,0.0,Visa/Mastercard,C0116
ORD-003857,16/08/2024,Mansoura,SP05,1,19300.0,0.0,VF Cash,
ORD-003856,16/08/2024,DOKKI,TV06,1,90202.0,0.0,Installments,C2424
ORD-003866,16/08/2024,Smouha,LP05,1,35484.0,0.0,credit card,C0772
ORD-003855,16/08/2024,Miami,SP01,1,16022.0,0.0,CASH,C1470
ORD-003853,16/08/2024,Miami,AX10,5,463.0,0.05,Credit Card,C2427
ORD-003852,16/08/2024,Dokki,AU04,1,1411.0,0.0,credit card,C0969
ORD-003851,16/08/2024,Miami,AC06,1,40986.0,0.0,CASH,C0722
ORD-003850,16/08/2024,Smouha,AC02,1,47847.0,0.05,Valu/Installments,C0712
ORD-003848,16/08/2024,Maadi,AX05,3,2498.0,0.0,Cash,C1454
ORD-003847,16/08/2024,nasr city,SP07,1,14104.0,0.0,Credit Card,C1591
ORD-003846,16/08/2024,Miami,AX10,4,437.0,0.0,cash,C2359
ORD-003854,16/08/2024,6th of October ,AX09,1,1833.0,0.0,Credit Card,C1303
ORD-003880,17/08/2024,Heliopolis,AC03,1,26400.0,0.05,Visa/Mastercard,C1958
ORD-003881,17/08/2024,Heliopolis,SP02,1,50853.0,0.0,cash,C0003
ORD-003879,17/08/2024,Dokki,AX08,5,1319.0,0.0,Visa/Mastercard,C2157
ORD-003882,17/08/2024,Mansoura,AX01,3,922.0,0.0,Mobile Wallet,C1359
ORD-003876,17/08/2024,Miami,AX04,3,244.0,0.0,Visa/Mastercard,C2465
ORD-003884,17/08/2024,Miami,AU02,2,8917.0,0.0,Credit Card,C0535
ORD-003878,17/08/2024,Nasr City,KA04,1,24202.0,0.0,VF Cash,C0082
ORD-003885,17/08/2024,Smouha,SP05,1,19671.0,0.0,Valu/Installments,C1396
ORD-003886,17/08/2024,Maadi,AU02,1,8965.0,0.0,Installments,C0727
ORD-003883,17/08/2024,Smouha,KA05,1,9705.0,0.0,CASH,C0826
ORD-003875,17/08/2024,Nasr City,AU05,2,3182.0,0.0,mobile wallet,C0953
ORD-003877,17/08/2024,Miami,AX07,1,735.0,0.0,installments,C0897
RET-000109,17/08/2024,Smouha,KA05,-1,9705.0,0.0,CASH,C0826
ORD-003873,17/08/2024,Nasr City,AX01,4,952.0,0.0,credit card,C0370
ORD-003872,17/08/2024,Nasr City,SP06,1,9597.0,0.0,Visa/Mastercard,C0156
ORD-003871,17/08/2024,Dokki,SP02,1,50753.0,0.0,Cash,C2009
ORD-003870,17/08/2024,Mansoura,AX10,5,443.0,0.0,Cash,C0720
ORD-003869,17/08/2024,Maadi,AC04,1,57826.0,0.0,Credit Card,C1266
ORD-003868,17/08/2024,Smouha,SP06,1,9599.0,0.0,Visa/Mastercard,C2221
ORD-003867,17/08/2024,Miami,KA03,1,6697.0,0.0,Cash,C2017
RET-000105,17/08/2024,Miami,AX04,-3,244.0,0.0,Visa/Mastercard,C2465
ORD-003874,17/08/2024,Maadi,AX05,5,2400.0,0.0,Cash,C0231
ORD-003899,18/08/2024,Mansoura,KA04,2,24662.0,0.0,mobile wallet,C1531
ORD-003900,18/08/2024,Mansoura ,AC02,1,47503.0,0.0,installments,C1621
RET-000017,18/08/2024,Mansoura ,AC02,-1,47503.0,0.0,installments,C1621
ORD-003893,18/08/2024,Maadi,KA02,1,3576.0,0.05,Visa/Mastercard,C0581
ORD-003902,18/08/2024,Mansoura,KA04,2,24644.0,0.0,installments,C0414
ORD-003903,18/08/2024,Nasr City,AC06,1,42174.0,0.05,Visa/Mastercard,C1379
ORD-003904,18/08/2024,Nasr City,AC05,1,37404.0,0.0,Valu/Installments,
ORD-003898,18/08/2024,Mansoura,SP08,1,46128.0,0.0,Visa/Mastercard,C0298
ORD-003901,18/08/2024,Heliopolis,AU02,2,8778.0,0.0,installments,C2401
ORD-003897,18/08/2024,Nasr City,SP04,1,11596.0,0.0,Mobile Wallet,
ORD-003892,18/08/2024,Mansoura,AX04,3,243.0,0.0,Credit Card,
ORD-003895,18/08/2024,Smouha,TB01,1,24632.0,0.0,credit card,C2156
ORD-003894,18/08/2024,dokki,TV04,1,40983.0,0.0,CASH,C0455
ORD-003905,18/08/2024,Nasr City,AX10,4,451.0,0.0,mobile wallet,C1237
ORD-003891,18/08/2024,Dokki,SP04,1,11306.0,0.0,cash,C2403
ORD-003890,18/08/2024,Mansoura,AX04,1,243.0,0.0,Mobile Wallet,C0606
ORD-003889,18/08/2024,Smouha,KA03,1,6948.0,0.0,Valu/Installments,C0090
ORD-003888,18/08/2024,Dokki,AC02,1,45419.0,0.0,installments,C0244
ORD-003887,18/08/2024,Miami,LP06,1,22481.0,0.0,Visa/Mastercard,C1326
ORD-003896,18/08/2024,Heliopolis,KA03,2,6765.0,0.05,cash,C1495
ORD-003906,18/08/2024,Dokki,AU05,1,3162.0,0.0,CASH,C1322
ORD-003907,19/08/2024,Maadi,LP05,1,34770.0,0.0,Credit Card,C0559
ORD-003908,19/08/2024,Maadi,LP06,1,21424.0,0.0,Installments,C0646
ORD-003909,19/08/2024,Dokki,AX11,2,396.0,0.0,Visa/Mastercard,C1790
ORD-003919,19/08/2024,Mansoura,KA01,2,4196.0,0.05,VF Cash,
ORD-003920,19/08/2024,Dokki,AX09,5,1817.0,0.0,Visa/Mastercard,C1550
ORD-003918,19/08/2024,Heliopolis,SP04,1,11573.0,0.0,Credit Card,C0719
ORD-003917,19/08/2024,Smouha,AX03,4,561.0,0.0,credit card,C2413
ORD-003930,19/08/2024,Miami,KA07,1,17999.0,0.0,CASH,
ORD-003928,19/08/2024,Heliopolis,AU01,1,6311.0,0.0,Cash,C1604
ORD-003927,19/08/2024,Nasr City,AC02,1,45545.0,0.0,CASH,C2347
ORD-003926,19/08/2024,dokki,AX05,3,2453.0,0.0,Mobile Wallet,C0008
ORD-003925,19/08/2024,Nasr City,AC02,1,45896.0,0.0,Mobile Wallet,C0728
ORD-003924,19/08/2024,Dokki,SP06,1,9579.0,0.0,Visa/Mastercard,C0522
ORD-003929,19/08/2024,Smouha,KA06,2,12182.0,0.0,Cash,C2325
ORD-003922,19/08/2024,Maadi,AU02,2,8982.0,0.0,cash,C1257
ORD-003911,19/08/2024,6th of October,AU04,1,1426.0,0.0,mobile wallet,C1300
ORD-003912,19/08/2024,6th of October,AX11,1,391.0,0.0,CASH,C0714
ORD-003913,19/08/2024,Heliopolis,AC02,1,47736.0,0.05,installments,C2302
ORD-003923,19/08/2024,Nasr City,AX09,5,1805.0,0.05,CASH,C1207
ORD-003910,19/08/2024,Smouha,LP03,1,30563.0,0.0,Credit Card,C1996
ORD-003915,19/08/2024,Miami,SP02,1,52002.0,0.0,Valu/Installments,C0915
ORD-003916,19/08/2024,Nasr City,AU04,2,1480.0,0.0,cash,
ORD-003921,19/08/2024,Heliopolis,AX04,3,256.0,0.0,installments,
ORD-003914,19/08/2024,Dokki,AX03,2,550.0,0.0,installments,C1462
ORD-003931,20/08/2024,Smouha,AX01,3,941.0,0.0,Credit Card,C0133
ORD-003932,20/08/2024,Miami,TB03,1,9570.0,0.0,Installments,C0746
ORD-003933,20/08/2024,Nasr City,AC03,1,25835.0,0.0,Credit Card,C2468
ORD-003940,20/08/2024,Smouha,AX08,2,1323.0,0.0,CASH,C1357
ORD-003935,20/08/2024,Mansoura,SP01,1,16554.0,0.0,Installments,C0905
ORD-003936,20/08/2024,Heliopolis,AX06,4,1143.0,0.0,credit card,C2317
ORD-003937,20/08/2024,Miami,AC02,1,45289.0,0.0,Installments,C0427
ORD-003938,20/08/2024,Mansoura,AC05,1,39314.0,0.0,cash,C2033
ORD-003939,20/08/2024,Smouha,AX01,4,956.0,0.0,Installments,C0577
ORD-003934,20/08/2024,Heliopolis,KA05,2,10056.0,0.0,Installments,C1304
ORD-003941,20/08/2024,Mansoura,AX04,3,254.0,0.0,Cash,C0319
ORD-003943,20/08/2024,Maadi,AX12,1,904.0,0.0,Cash,C1421
ORD-003942,20/08/2024,NASR CITY,AC06,1,40365.0,0.0,Credit Card,C0975
ORD-003949,20/08/2024,Nasr City,LP05,1,35588.0,0.0,VF Cash,C1830
ORD-003948,20/08/2024,Mansoura,AC05,1,37833.0,0.0,Credit Card,
ORD-003946,20/08/2024,Nasr City,AX08,4,1382.0,0.0,credit card,C0364
ORD-003945,20/08/2024,Heliopolis,TV05,1,23400.0,0.0,credit card,C0688
ORD-003944,20/08/2024,6th of October,AX02,3,350.0,0.0,Visa/Mastercard,C1309
ORD-003947,20/08/2024,Mansoura ,KA03,2,6782.0,0.0,mobile wallet,C1376
ORD-003963,21/08/2024,Smouha,AC02,1,47620.0,0.0,mobile wallet,C1719
ORD-003962,21/08/2024,Nasr City,LP02,1,42932.0,0.05,Mobile Wallet,C1795
ORD-003961,21/08/2024,Dokki,AX08,2,1344.0,0.0,Visa/Mastercard,C1581
ORD-003960,21/08/2024,Smouha,AC04,1,56910.0,0.0,CASH,C0198
ORD-003959,21/08/2024,Miami,KA02,2,3602.0,0.0,Visa/Mastercard,C0006
ORD-003958,21/08/2024,Mansoura ,AC04,1,58506.0,0.0,Valu/Installments,C0443
ORD-003957,21/08/2024,Smouha,AX11,5,401.0,0.0,Cash,C1052
ORD-003954,21/08/2024,Dokki,AU03,2,13498.0,0.0,Valu/Installments,C1023
ORD-003953,21/08/2024,Heliopolis,SP06,1,9948.0,0.0,cash,C0859
ORD-003952,21/08/2024,6th of October,SP06,1,9939.0,0.0,Cash,C1087
ORD-003951,21/08/2024,Maadi,AC06,1,41442.0,0.0,Credit Card,
ORD-003950,21/08/2024,Nasr City,TB01,1,24376.0,0.0,Visa/Mastercard,C0047
ORD-003956,21/08/2024,mansoura,SP07,1,14889.0,0.0,cash,C1436
ORD-003955,21/08/2024,nasr city,SP02,1,51434.0,0.0,installments,C0278
ORD-003973,22/08/2024,6TH OF OCTOBER,SP05,1,19591.0,0.0,VF Cash,C1964
ORD-003975,22/08/2024,Miami,AC02,1,46970.0,0.0,installments,C0924
ORD-003974,22/08/2024,6th of October ,LP02,1,43081.0,0.0,Cash,C2368
ORD-003964,22/08/2024,Miami,SP02,1,51447.0,0.0,Installments,C0682
ORD-003965,22/08/2024,SMOUHA,AX08,4,1366.0,0.0,VF Cash,C1696
ORD-003966,22/08/2024,Maadi,AX12,5,911.0,0.0,VF Cash,C2020
ORD-003967,22/08/2024,6th of October,AC01,1,33920.0,0.0,credit card,C1552
ORD-003968,22/08/2024,mansoura,SP04,1,11707.0,0.0,Credit Card,C1439
ORD-003969,22/08/2024,Maadi,TV01,1,31844.0,0.0,Credit Card,
ORD-003970,22/08/2024,Heliopolis,AX03,2,554.0,0.0,Cash,C2237
RET-000044,22/08/2024,Miami,AC02,-1,46970.0,0.0,installments,C0924
ORD-003971,22/08/2024,6th of October,SP08,1,44397.0,0.0,Installments,C1538
ORD-003972,22/08/2024,Nasr City,AC01,1,33229.0,0.0,Mobile Wallet,C0416
ORD-003976,22/08/2024,Nasr City,LP02,1,41742.0,0.0,Installments,C0667
ORD-003977,22/08/2024,Maadi,AU01,2,6444.0,0.0,CASH,C1849
ORD-003978,22/08/2024,Nasr City,AX08,1,1324.0,0.0,credit card,C0302
ORD-003979,22/08/2024,Heliopolis,AX11,3,404.0,0.0,Visa/Mastercard,
ORD-003980,22/08/2024,Mansoura,SP08,1,44262.0,0.0,Installments,C0137
ORD-003981,22/08/2024,Miami,SP02,1,51507.0,0.0,Credit Card,C1208
ORD-003982,22/08/2024,6th of October,AX07,2,737.0,0.05,Cash,C0083
ORD-003992,23/08/2024,Nasr City,LP06,1,22302.0,0.0,Valu/Installments,C0660
ORD-003999,23/08/2024,Nasr City,AX09,2,1894.0,0.0,credit card,C0127
ORD-003998,23/08/2024,Maadi,AC06,1,40609.0,0.0,Visa/Mastercard,C1978
ORD-003997,23/08/2024,Mansoura,AU05,1,3260.0,0.0,CASH,C2434
ORD-003996,23/08/2024,Smouha,KA02,1,3578.0,0.0,Cash,C1385
ORD-003995,23/08/2024,Heliopolis,AX04,2,253.0,0.05,Credit Card,C0382
ORD-003994,23/08/2024,Heliopolis,AX03,4,564.0,0.0,Installments,C2241
ORD-003993,23/08/2024,Dokki,AC02,1,46184.0,0.0,Cash,C0308
ORD-003991,23/08/2024,Dokki,AX04,3,255.0,0.0,Installments,C1538
ORD-003989,23/08/2024,Miami,AC01,1,33513.0,0.0,Installments,C1401
ORD-003988,23/08/2024,Miami,TV01,1,31088.0,0.0,Credit Card,
ORD-003987,23/08/2024,6th of October,AC06,1,41253.0,0.0,Visa/Mastercard,C0304
ORD-003986,23/08/2024,Nasr City,AX10,2,463.0,0.0,Installments,C0429
ORD-003985,23/08/2024,Heliopolis,LP06,1,22140.0,0.0,mobile wallet,C1070
ORD-003984,23/08/2024,Maadi,KA08,2,5419.0,0.0,cash,C1306
ORD-003983,23/08/2024,Smouha,AC05,1,39041.0,0.0,Visa/Mastercard,
ORD-003990,23/08/2024,Mansoura,AX10,1,453.0,0.0,cash,C0697
ORD-004013,24/08/2024,6th of October,SP02,1,51058.0,0.0,Installments,C2270
ORD-004016,24/08/2024,Heliopolis,LP02,1,42744.0,0.0,Valu/Installments,C1087
ORD-004014,24/08/2024,Dokki,AX09,1,1818.0,0.0,credit card,
ORD-004015,24/08/2024,6th of October,AX06,4,1166.0,0.05,VF Cash,C2213
ORD-004017,24/08/2024,Heliopolis,TB01,1,24956.0,0.0,installments,C1154
ORD-004004,24/08/2024,Nasr City,AX08,5,1341.0,0.0,mobile wallet,C1779
ORD-004019,24/08/2024,6th of October,TV03,1,14675.0,0.0,mobile wallet,C0973
ORD-004020,24/08/2024,Mansoura,AX10,3,439.0,0.0,CASH,C0393
ORD-004021,24/08/2024,Nasr City,AX05,5,2475.0,0.0,cash,C0204
ORD-004012,24/08/2024,Smouha,AX07,5,740.0,0.0,installments,C1677
ORD-004018,24/08/2024,Heliopolis,AC06,1,41532.0,0.0,mobile wallet,C1219
ORD-004011,24/08/2024,Heliopolis,AX07,2,765.0,0.0,Visa/Mastercard,C0779
ORD-004000,24/08/2024,Smouha,SP01,1,16418.0,0.0,Valu/Installments,C1767
ORD-004009,24/08/2024,Maadi,AU03,1,13592.0,0.0,mobile wallet,C1357
ORD-004008,24/08/2024,Heliopolis,AX05,5,2391.0,0.0,CASH,C0415
ORD-004007,24/08/2024,Miami,AX08,2,1370.0,0.0,Valu/Installments,C0220
ORD-004006,24/08/2024,Nasr City,AC05,1,38046.0,0.0,credit card,C0644
ORD-004005,24/08/2024,Nasr City,KA08,1,5419.0,0.0,Cash,
ORD-004003,24/08/2024,6TH OF OCTOBER,SP06,1,9605.0,0.0,Valu/Installments,
ORD-004002,24/08/2024,6TH OF OCTOBER,AX01,3,944.0,0.0,Valu/Installments,C2488
ORD-004001,24/08/2024,Maadi,AU01,2,6465.0,0.0,Valu/Installments,C0676
ORD-004010,24/08/2024,Smouha,AC06,1,42658.0,0.0,cash,C0842
ORD-004028,25/08/2024,Heliopolis,AX10,5,448.0,0.0,cash,C1478
ORD-004032,25/08/2024,Smouha,AX08,2,1313.0,0.05,credit card,C1207
ORD-004025,25/08/2024,Miami,AX03,2,548.0,0.0,credit card,C2011
ORD-004030,25/08/2024,Nasr City,TV01,1,31339.0,0.0,Valu/Installments,C1752
ORD-004031,25/08/2024,Mansoura ,AX04,3,251.0,0.0,Cash,C0359
ORD-004033,25/08/2024,Maadi,AX10,5,462.0,0.0,Visa/Mastercard,C2459
ORD-004029,25/08/2024,Smouha,TV06,1,88453.0,0.0,Valu/Installments,C0016
ORD-004024,25/08/2024,Dokki,KA04,2,23983.0,0.0,Credit Card,C2252
ORD-004023,25/08/2024,Smouha,AX01,5,971.0,0.0,CASH,C2342
ORD-004022,25/08/2024,Nasr City,TB01,1,23941.0,0.0,Cash,C1610
ORD-004027,25/08/2024,Miami,AU04,1,1409.0,0.05,Cash,C0224
ORD-004034,25/08/2024,Nasr City,AC01,1,34302.0,0.05,Credit Card,C1968
ORD-004026,25/08/2024,Maadi,KA03,1,6726.0,0.0,credit card,C0630
RET-000088,26/08/2024,Heliopolis,AX09,-2,1882.0,0.0,credit card,C0106
ORD-004042,26/08/2024,Maadi,AC06,1,41231.0,0.0,installments,C1940
ORD-004035,26/08/2024,Heliopolis,AX03,5,545.0,0.0,CASH,C0818
ORD-004041,26/08/2024,Heliopolis,TV02,1,25841.0,0.0,Visa/Mastercard,C0336
ORD-004052,26/08/2024,Nasr City,AC06,1,41697.0,0.0,Installments,C0758
ORD-004050,26/08/2024,Smouha,AX11,5,395.0,0.0,Visa/Mastercard,C2229
ORD-004049,26/08/2024,Dokki,SP03,1,59303.0,0.0,mobile wallet,C0374
ORD-004048,26/08/2024,6th of October,SP01,1,16708.0,0.0,Credit Card,C1086
ORD-004047,26/08/2024,Maadi,KA06,1,12493.0,0.0,credit card,C2004
ORD-004046,26/08/2024,Maadi,AX02,4,352.0,0.0,Credit Card,C1929
ORD-004051,26/08/2024,Miami,SP08,1,46299.0,0.0,cash,C1588
ORD-004044,26/08/2024,Mansoura,AX05,3,2500.0,0.0,mobile wallet,C1264
ORD-004036,26/08/2024,Nasr City,AC02,1,46875.0,0.0,credit card,C0398
ORD-004045,26/08/2024,Maadi,AX10,2,462.0,0.0,CASH,C1629
ORD-004037,26/08/2024,Heliopolis,AX09,2,1882.0,0.0,credit card,C0106
ORD-004040,26/08/2024,Heliopolis,AC03,1,25357.0,0.0,Installments,C1196
ORD-004038,26/08/2024,Nasr City,KA04,1,24641.0,0.0,Visa/Mastercard,C0848
ORD-004039,26/08/2024,Nasr City,SP06,1,9645.0,0.0,Cash,C0700
ORD-004043,26/08/2024,SMOUHA,TB01,1,24989.0,0.0,Valu/Installments,C0474
ORD-004053,27/08/2024,Mansoura,AX12,1,881.0,0.0,credit card,C1520
ORD-004054,27/08/2024,Miami,SP01,1,16241.0,0.05,cash,C1563
ORD-004055,27/08/2024,Dokki,AC03,1,25991.0,0.0,Valu/Installments,C1514
ORD-004057,27/08/2024,Miami,AC06,1,42363.0,0.0,Visa/Mastercard,C1826
ORD-004058,27/08/2024,Maadi,TB01,1,24468.0,0.0,Installments,
ORD-004059,27/08/2024,Maadi,AU01,1,6687.0,0.0,VF Cash,C0183
ORD-004060,27/08/2024,Miami,AX07,4,754.0,0.0,Visa/Mastercard,
ORD-004061,27/08/2024,Mansoura,AX05,5,2436.0,0.0,Credit Card,C1079
ORD-004062,27/08/2024,Heliopolis,AU03,2,13684.0,0.0,Visa/Mastercard,C1802
ORD-004056,27/08/2024,Mansoura,AC06,1,41647.0,0.0,mobile wallet,C0765
ORD-004063,28/08/2024,Miami,SP08,1,46027.0,0.0,Valu/Installments,C1905
ORD-004067,28/08/2024,Nasr City ,AX01,1,957.0,0.0,cash,C2312
ORD-004066,28/08/2024,Smouha,TV03,1,14562.0,0.0,Cash,C1101
ORD-004065,28/08/2024,Heliopolis,AU03,1,13516.0,0.0,VF Cash,C0927
ORD-004073,28/08/2024,Heliopolis,AU03,2,13171.0,0.0,installments,C0352
ORD-004072,28/08/2024,Heliopolis,AC01,1,33322.0,0.0,Valu/Installments,C0397
ORD-004064,28/08/2024,Dokki,SP01,1,16638.0,0.0,Cash,C1079
ORD-004070,28/08/2024,Dokki,SP02,1,53250.0,0.05,Credit Card,
ORD-004069,28/08/2024,Nasr City,AC01,1,33001.0,0.0,installments,
ORD-004068,28/08/2024,Miami,AU01,1,6603.0,0.0,Visa/Mastercard,C0253
ORD-004071,28/08/2024,Miami,AC04,1,57453.0,0.0,Installments,C0620
ORD-004087,29/08/2024,Nasr City,TV01,1,32512.0,0.0,Valu/Installments,
ORD-004086,29/08/2024,Maadi,AC02,1,46895.0,0.0,Visa/Mastercard,C2346
ORD-004085,29/08/2024,mansoura,AU04,2,1418.0,0.0,Installments,C1945
ORD-004084,29/08/2024,Dokki,SP06,1,9840.0,0.0,Mobile Wallet,C2194
ORD-004083,29/08/2024,Heliopolis,LP02,1,43054.0,0.0,VF Cash,C1715
ORD-004082,29/08/2024,Maadi,AX06,4,1128.0,0.0,Visa/Mastercard,C2141
ORD-004080,29/08/2024,Smouha,AX02,4,352.0,0.0,Cash,C0250
ORD-004079,29/08/2024,Miami,AX06,4,1146.0,0.0,Credit Card,C2268
ORD-004077,29/08/2024,6th of October,SP07,1,14701.0,0.0,Cash,C2416
ORD-004076,29/08/2024,Heliopolis,TB04,1,17803.0,0.0,credit card,C1696
ORD-004075,29/08/2024,Nasr City,AC05,1,39137.0,0.0,Installments,C2218
ORD-004074,29/08/2024,Nasr City,AX03,2,548.0,0.0,credit card,C1409
ORD-004081,29/08/2024,Dokki,LP05,1,34914.0,0.0,credit card,C1586
ORD-004078,29/08/2024,Miami,AX06,2,1148.0,0.0,VF Cash,C0932
ORD-004095,30/08/2024,Heliopolis,KA04,2,25182.0,0.0,Credit Card,C2340
ORD-004098,30/08/2024,Smouha ,KA01,1,4208.0,0.0,Cash,C0604
ORD-004088,30/08/2024,Heliopolis,SP03,1,58567.0,0.0,installments,C0966
ORD-004089,30/08/2024,Miami,AU01,2,6510.0,0.0,cash,C1951
ORD-004090,30/08/2024,Mansoura,TB03,1,9278.0,0.0,Credit Card,C1225
ORD-004091,30/08/2024,Heliopolis,AC05,1,37944.0,0.0,Visa/Mastercard,C0324
ORD-004092,30/08/2024,Nasr City,AC04,1,59344.0,0.0,credit card,C1618
ORD-004093,30/08/2024,Nasr City,AC06,1,41264.0,0.0,Credit Card,C0143
ORD-004094,30/08/2024,Smouha,TV04,1,42118.0,0.0,Installments,C2057
ORD-004096,30/08/2024,Dokki,SP05,1,19386.0,0.0,cash,C2117
ORD-004097,30/08/2024,Smouha,KA02,2,3639.0,0.0,CASH,C2341
ORD-004099,30/08/2024,6th of October,AX05,1,2416.0,0.0,Credit Card,C0493
ORD-004113,31/08/2024,6th of October,AX12,5,876.0,0.0,Cash,C2438
ORD-004114,31/08/2024,6th of October,AC01,1,33028.0,0.05,Visa/Mastercard,
ORD-004115,31/08/2024,Miami,AX06,4,1179.0,0.0,CASH,C1057
ORD-004116,31/08/2024,Nasr City,AX05,4,2485.0,0.0,Credit Card,C1310
ORD-004117,31/08/2024,Nasr City,KA03,2,6723.0,0.0,CASH,C0275
ORD-004119,31/08/2024,Miami,AC06,1,41694.0,0.0,Cash,C1590
ORD-004120,31/08/2024,6th of October,AC03,1,26211.0,0.0,Mobile Wallet,
ORD-004112,31/08/2024,Nasr City,TV04,1,39837.0,0.0,Credit Card,
ORD-004118,31/08/2024,dokki,AU02,2,8676.0,0.0,Visa/Mastercard,C0357
ORD-004111,31/08/2024,Nasr City,SP08,1,43736.0,0.0,credit card,C0606
ORD-004110,31/08/2024,NASR CITY,AX12,5,913.0,0.0,VF Cash,C0828
ORD-004100,31/08/2024,Nasr City,KA03,1,7002.0,0.0,CASH,C1840
ORD-004108,31/08/2024,Heliopolis,AX07,5,731.0,0.0,VF Cash,C0321
ORD-004107,31/08/2024,Dokki,AX03,5,560.0,0.0,CASH,C1735
ORD-004106,31/08/2024,Nasr City,AX07,3,763.0,0.0,cash,C0175
ORD-004105,31/08/2024,Smouha,AC02,1,45203.0,0.0,Valu/Installments,C0517
ORD-004104,31/08/2024,Nasr City,AU01,1,6576.0,0.0,cash,C0790
ORD-004103,31/08/2024,Miami,AX02,5,352.0,0.0,Credit Card,C0868
ORD-004102,31/08/2024,Miami,AC06,1,40728.0,0.0,VF Cash,C0685
ORD-004101,31/08/2024,Mansoura,AX04,2,246.0,0.0,Credit Card,C0709
ORD-004109,31/08/2024,Maadi,TV02,1,26640.0,0.0,credit card,C1784
ORD-004135,01/09/2024,Nasr City,AX11,5,401.0,0.0,VF Cash,C1698
ORD-004136,01/09/2024,Nasr City,TV06,1,86537.0,0.0,Valu/Installments,C0613
ORD-004137,01/09/2024,Maadi,SP08,1,45768.0,0.0,credit card,C0608
ORD-004138,01/09/2024,Heliopolis ,TV04,1,40579.0,0.0,Installments,C2321
ORD-004139,01/09/2024,Mansoura,AU05,2,3135.0,0.0,VF Cash,
ORD-004134,01/09/2024,Maadi,SP01,1,16553.0,0.0,mobile wallet,C0461
ORD-004141,01/09/2024,Miami,TV06,1,87581.0,0.0,installments,C2387
ORD-004142,01/09/2024,Smouha,LP03,1,30458.0,0.0,credit card,C0411
ORD-004143,01/09/2024,6th of October,SP03,1,57838.0,0.0,credit card,C0433
ORD-004144,01/09/2024,Nasr City,AX01,5,942.0,0.0,Visa/Mastercard,C2305
ORD-004145,01/09/2024,Mansoura,SP04,1,11568.0,0.0,credit card,C0414
ORD-004140,01/09/2024,Miami,TV02,1,26783.0,0.0,Valu/Installments,C2409
ORD-004133,01/09/2024,Dokki,LP03,1,31650.0,0.0,Installments,C1719
ORD-004128,01/09/2024,Nasr City,TB04,1,17537.0,0.0,credit card,C1877
ORD-004131,01/09/2024,Smouha,KA02,1,3603.0,0.0,credit card,
ORD-004130,01/09/2024,6th of October,SP06,1,9930.0,0.0,installments,C2407
ORD-004129,01/09/2024,Nasr City,AX12,1,883.0,0.0,Credit Card,C0051
ORD-004127,01/09/2024,Nasr City,AX05,1,2482.0,0.0,credit card,C2129
ORD-004126,01/09/2024,Miami,SP08,1,45102.0,0.0,Valu/Installments,C1132
ORD-004125,01/09/2024,Dokki,SP02,1,52272.0,0.0,credit card,C1336
ORD-004124,01/09/2024,Heliopolis,AU05,2,3293.0,0.0,credit card,C2262
ORD-004123,01/09/2024,Nasr City,LP03,1,31536.0,0.0,VF Cash,C1628
ORD-004122,01/09/2024,Mansoura,AX03,3,553.0,0.0,Visa/Mastercard,
ORD-004121,01/09/2024,Heliopolis,AU03,2,13833.0,0.0,Valu/Installments,C2279
RET-000014,01/09/2024,Smouha,LP03,-1,30458.0,0.0,credit card,C0411
RET-000073,01/09/2024,6th of October,SP06,-1,9930.0,0.0,installments,C2407
ORD-004132,01/09/2024,Heliopolis,AX02,3,359.0,0.0,Visa/Mastercard,C2141
ORD-004146,02/09/2024,Smouha,KA01,2,4274.0,0.0,cash,C1172
ORD-004147,02/09/2024,Heliopolis,TV05,1,24575.0,0.0,installments,
ORD-004155,02/09/2024,Mansoura,LP01,1,28885.0,0.0,cash,C2495
ORD-004156,02/09/2024,Dokki,AX11,4,405.0,0.0,installments,
ORD-004150,02/09/2024,Mansoura,KA05,1,9824.0,0.0,CASH,C1684
ORD-004157,02/09/2024,Mansoura,AX11,5,395.0,0.0,Cash,
ORD-004149,02/09/2024,Mansoura,SP05,1,19820.0,0.0,Credit Card,C1409
ORD-004154,02/09/2024,Heliopolis,LP06,1,22161.0,0.0,Valu/Installments,C2344
ORD-004148,02/09/2024,Miami,AC05,1,37808.0,0.05,Valu/Installments,C2194
ORD-004153,02/09/2024,Heliopolis,AX03,5,550.0,0.0,Visa/Mastercard,C1989
ORD-004151,02/09/2024,6th of October,AU05,2,3214.0,0.0,credit card,C1082
ORD-004152,02/09/2024,Miami,KA05,2,9726.0,0.0,Installments,C1569
ORD-004181,03/09/2024,Smouha,AC06,1,41810.0,0.0,Installments,C2014
ORD-004180,03/09/2024,Maadi,AX06,3,1166.0,0.0,Visa/Mastercard,C1149
ORD-004179,03/09/2024,Nasr City,AU03,2,13812.0,0.0,credit card,C1274
ORD-004178,03/09/2024,Maadi,SP03,1,56565.0,0.0,Valu/Installments,C1242
ORD-004177,03/09/2024,Heliopolis,KA08,2,5395.0,0.0,CASH,C1384
ORD-004176,03/09/2024,6th of October,KA05,2,9997.0,0.0,mobile wallet,C0083
ORD-004175,03/09/2024,Dokki,KA05,2,9890.0,0.0,Cash,C1526
ORD-004174,03/09/2024,Maadi,SP01,1,16745.0,0.0,CASH,C1101
ORD-004173,03/09/2024,Heliopolis,TV05,1,23742.0,0.0,Valu/Installments,
ORD-004172,03/09/2024,Mansoura,AU05,1,3150.0,0.05,Cash,C1947
ORD-004171,03/09/2024,Nasr City,TB01,1,25035.0,0.05,Visa/Mastercard,C0202
ORD-004170,03/09/2024,Dokki,KA07,2,18362.0,0.05,Valu/Installments,C0974
ORD-004169,03/09/2024,6th of October,LP05,1,35343.0,0.0,cash,C1358
ORD-004168,03/09/2024,Heliopolis,AU05,1,3136.0,0.0,cash,C1622
ORD-004167,03/09/2024,Maadi,AC04,1,59075.0,0.0,credit card,C0159
ORD-004166,03/09/2024,Dokki,AU04,2,1409.0,0.0,Credit Card,C1646
RET-000100,03/09/2024,Dokki,KA07,-2,18362.0,0.05,Valu/Installments,C0974
ORD-004165,03/09/2024,Mansoura,KA01,1,4298.0,0.0,mobile wallet,C2494
ORD-004164,03/09/2024,Miami,AX08,1,1343.0,0.0,Visa/Mastercard,C0590
ORD-004163,03/09/2024,Mansoura,AX11,3,403.0,0.0,Credit Card,C1651
ORD-004162,03/09/2024,Nasr City,AX02,5,354.0,0.0,credit card,
ORD-004161,03/09/2024,Nasr City,AU04,1,1415.0,0.0,installments,C1129
ORD-004160,03/09/2024,Heliopolis,AX06,1,1125.0,0.0,cash,C0706
ORD-004159,03/09/2024,Heliopolis,SP03,1,57009.0,0.0,Visa/Mastercard,C0154
ORD-004158,03/09/2024,Miami,KA01,2,4256.0,0.0,Credit Card,C1938
RET-000022,03/09/2024,Mansoura,AU05,-1,3150.0,0.05,Cash,C1947
ORD-004182,03/09/2024,Miami,LP02,1,43082.0,0.0,cash,C0403
ORD-004183,04/09/2024,Nasr City,LP04,1,78088.0,0.0,Valu/Installments,C0934
ORD-004186,04/09/2024,Mansoura,TV05,1,23751.0,0.0,CASH,C1815
ORD-004184,04/09/2024,Mansoura,AX12,3,901.0,0.0,credit card,C0551
ORD-004196,04/09/2024,Miami,SP01,1,16874.0,0.0,credit card,C1985
ORD-004195,04/09/2024,Mansoura,AU03,1,13459.0,0.0,CASH,C1668
ORD-004194,04/09/2024,Heliopolis,AX07,2,755.0,0.0,Credit Card,C0866
ORD-004193,04/09/2024,Smouha,KA07,1,18898.0,0.0,Cash,C1810
ORD-004185,04/09/2024,Mansoura,AU01,1,6445.0,0.0,cash,C1231
ORD-004191,04/09/2024,Dokki,SP07,1,14455.0,0.0,Mobile Wallet,C0366
ORD-004190,04/09/2024,Mansoura,TV03,1,14412.0,0.0,Visa/Mastercard,C2478
ORD-004189,04/09/2024,Mansoura,TB01,1,24395.0,0.0,installments,C1708
ORD-004188,04/09/2024,6th of october,AU02,2,9084.0,0.0,cash,C1104
ORD-004187,04/09/2024,Miami,LP05,1,36238.0,0.0,Credit Card,C1315
ORD-004192,04/09/2024,Mansoura,AU03,2,13693.0,0.0,Credit Card,C0770
ORD-004210,05/09/2024,Dokki,AU02,1,9126.0,0.0,Visa/Mastercard,C2330
ORD-004209,05/09/2024,Maadi,KA01,2,4160.0,0.0,credit card,
ORD-004208,05/09/2024,Dokki,TV05,1,23747.0,0.0,VF Cash,C2148
ORD-004207,05/09/2024,Smouha,AU01,1,6490.0,0.0,Cash,
ORD-004206,05/09/2024,Heliopolis,AC02,1,46254.0,0.0,Installments,C0556
ORD-004205,05/09/2024,Heliopolis,SP08,1,44049.0,0.0,installments,C1653
ORD-004202,05/09/2024,Maadi,AX10,5,460.0,0.0,CASH,C0269
ORD-004203,05/09/2024,Heliopolis,LP04,1,78431.0,0.0,Valu/Installments,C1275
ORD-004201,05/09/2024,Nasr City,LP03,1,31382.0,0.05,Credit Card,C0652
ORD-004200,05/09/2024,Mansoura,AX04,5,257.0,0.0,mobile wallet,C2111
ORD-004198,05/09/2024,Smouha,AU03,2,13196.0,0.0,installments,C1532
ORD-004197,05/09/2024,Smouha,TV01,1,32367.0,0.0,Valu/Installments,C2116
ORD-004204,05/09/2024,Maadi,AC02,1,46131.0,0.0,Cash,C2076
ORD-004199,05/09/2024,Mansoura,SP05,1,18920.0,0.0,Cash,C0231
ORD-004231,06/09/2024,Nasr City,AU01,2,6533.0,0.0,credit card,C2003
ORD-004233,06/09/2024,Mansoura,KA03,1,,0.0,credit card,C1828
ORD-004236,06/09/2024,Mansoura,AC04,1,59389.0,0.0,Mobile Wallet,C2404
ORD-004235,06/09/2024,Miami,AX09,1,1809.0,0.05,mobile wallet,C1944
ORD-004234,06/09/2024,6th of October,AX04,1,256.0,0.0,Credit Card,C0728
ORD-004232,06/09/2024,Maadi,LP06,1,21409.0,0.0,Mobile Wallet,C2434
ORD-004230,06/09/2024,Heliopolis,AC06,1,40423.0,0.0,Visa/Mastercard,C1526
ORD-004229,06/09/2024,Smouha,AX09,5,1862.0,0.0,Mobile Wallet,C0991
ORD-004228,06/09/2024,Heliopolis,KA01,1,4251.0,0.0,Cash,C0126
ORD-004227,06/09/2024,Nasr City,TB02,1,13695.0,0.0,credit card,C0508
ORD-004226,06/09/2024,Miami,AX05,1,2484.0,0.05,Cash,C1626
ORD-004225,06/09/2024,Heliopolis,AX01,2,923.0,0.05,Cash,C2069
ORD-004223,06/09/2024,Heliopolis,LP02,1,42861.0,0.0,Credit Card,C1509
ORD-004222,06/09/2024,Dokki,AX05,3,2488.0,0.0,Credit Card,C1123
ORD-004224,06/09/2024,Mansoura,KA01,2,4296.0,0.0,Installments,C1902
ORD-004220,06/09/2024,Maadi,AX04,2,243.0,0.0,VF Cash,C1477
ORD-004211,06/09/2024,6th of October,TB02,1,13390.0,0.0,Credit Card,C0119
ORD-004212,06/09/2024,Heliopolis,AU03,1,13438.0,0.0,Installments,C0712
ORD-004213,06/09/2024,6th of October,AC01,1,34483.0,0.0,Credit Card,C0790
ORD-004221,06/09/2024,Smouha,AU02,2,8830.0,0.0,cash,C0816
ORD-004215,06/09/2024,Heliopolis,KA01,2,4234.0,0.0,CASH,C0237
ORD-004214,06/09/2024,Miami,LP04,1,79753.0,0.0,CASH,C0823
ORD-004216,06/09/2024,Maadi,SP05,1,19512.0,0.0,credit card,C1022
ORD-004217,06/09/2024,Dokki,AX12,2,895.0,0.0,credit card,C0136
ORD-004218,06/09/2024,Heliopolis,KA07,2,18885.0,0.0,Installments,C1870
ORD-004219,06/09/2024,Miami,AU01,1,6457.0,0.0,Credit Card,C0208
ORD-004249,07/09/2024,Smouha,AU04,1,1457.0,0.0,VF Cash,C0668
ORD-004244,07/09/2024,Nasr City,TB02,1,13098.0,0.0,cash,C0371
ORD-004248,07/09/2024,Maadi,AX11,2,406.0,0.0,installments,C0204
ORD-004247,07/09/2024,Miami,AU02,2,8945.0,0.0,cash,C1584
ORD-004246,07/09/2024,Heliopolis,AU03,2,13507.0,0.0,credit card,C0113
ORD-004250,07/09/2024,6th of October,KA07,2,18990.0,0.0,installments,
ORD-004243,07/09/2024,Miami,TB02,1,13230.0,0.0,installments,C1060
ORD-004245,07/09/2024,Maadi,SP08,1,44391.0,0.0,Valu/Installments,C1168
ORD-004241,07/09/2024,Heliopolis,AU02,2,8981.0,0.0,CASH,C1411
ORD-004240,07/09/2024,Mansoura,TV02,1,26059.0,0.0,Credit Card,C1433
ORD-004239,07/09/2024,Maadi,TV01,1,31942.0,0.0,mobile wallet,
ORD-004238,07/09/2024,Mansoura ,KA06,1,12734.0,0.0,cash,
ORD-004237,07/09/2024,Maadi,TB04,1,17846.0,0.0,Valu/Installments,C2259
ORD-004242,07/09/2024,Nasr City,TV02,1,27033.0,0.0,installments,C0670
ORD-004266,08/09/2024,Miami,AC06,1,40980.0,0.0,Visa/Mastercard,C0917
ORD-004260,08/09/2024,Mansoura,AX06,2,1122.0,0.0,cash,C0037
ORD-004267,08/09/2024,6th of October,SP02,1,52495.0,0.0,VF Cash,C1034
ORD-004265,08/09/2024,Dokki,SP04,1,11454.0,0.0,Installments,C0035
ORD-004264,08/09/2024,6th of October,AC06,1,40453.0,0.0,installments,C2463
ORD-004263,08/09/2024,Mansoura,AX05,2,2473.0,0.0,Installments,C0710
ORD-004262,08/09/2024,smouha,SP04,1,11207.0,0.0,Credit Card,C0542
ORD-004261,08/09/2024,heliopolis,AX12,4,881.0,0.0,Installments,C1942
ORD-004259,08/09/2024,Dokki ,AU04,2,1444.0,0.0,credit card,C0083
ORD-004256,08/09/2024,Maadi,LP03,1,31610.0,0.0,credit card,C1103
ORD-004257,08/09/2024,Mansoura,SP03,1,57373.0,0.0,Visa/Mastercard,C1678
ORD-004255,08/09/2024,Smouha,AX02,5,344.0,0.0,cash,C0847
ORD-004254,08/09/2024,6th of October,LP01,1,28330.0,0.0,Visa/Mastercard,C0923
ORD-004253,08/09/2024,Smouha,SP04,1,11498.0,0.05,mobile wallet,C0907
ORD-004252,08/09/2024,Maadi,SP03,1,58077.0,0.0,CASH,C0878
ORD-004251,08/09/2024,6th of October,AC06,1,41405.0,0.0,Cash,C2344
RET-000013,08/09/2024,Miami,AC06,-1,40980.0,0.0,Visa/Mastercard,C0917
ORD-004258,08/09/2024,Smouha,AX05,2,2455.0,0.0,mobile wallet,C2103
ORD-004279,09/09/2024,Mansoura,AX05,3,2400.0,0.0,Credit Card,C1238
ORD-004278,09/09/2024,Dokki,LP06,1,22639.0,0.0,installments,C1912
ORD-004277,09/09/2024,Nasr City,AU02,2,8721.0,0.0,Installments,C0894
ORD-004276,09/09/2024,Miami,AX11,1,411.0,0.0,installments,C1033
ORD-004275,09/09/2024,Nasr City,LP04,1,78500.0,0.0,credit card,C1881
ORD-004274,09/09/2024,Nasr City,TB04,1,17262.0,0.0,Credit Card,C1429
ORD-004271,09/09/2024,Maadi,SP02,1,50729.0,0.0,cash,C1128
ORD-004272,09/09/2024,Smouha,LP05,1,34450.0,0.0,VF Cash,C1736
ORD-004270,09/09/2024,Heliopolis,AU01,1,6606.0,0.0,credit card,
ORD-004269,09/09/2024,Heliopolis,TV05,1,23810.0,0.0,installments,C1252
ORD-004268,09/09/2024,Nasr City,KA04,2,24720.0,0.0,installments,C2492
ORD-004273,09/09/2024,Miami,TB03,1,9665.0,0.0,Credit Card,C1543
ORD-004281,10/09/2024,Dokki,AX10,1,457.0,0.0,credit card,
ORD-004280,10/09/2024,Mansoura,LP02,1,40979.0,0.05,Installments,C2133
ORD-004282,10/09/2024,Mansoura,KA03,1,6983.0,0.0,Cash,C1627
ORD-004283,10/09/2024,Smouha,TV02,1,26217.0,0.05,Valu/Installments,C2395
ORD-004284,10/09/2024,Heliopolis,TB01,1,24378.0,0.0,mobile wallet,C0420
ORD-004304,10/09/2024,Smouha,LP02,1,43091.0,0.0,installments,C2119
ORD-004303,10/09/2024,Dokki,LP01,1,27868.0,0.0,Valu/Installments,C0615
ORD-004285,10/09/2024,Mansoura,AC04,1,59066.0,0.0,Credit Card,C0031
ORD-004301,10/09/2024,Nasr City,KA04,1,24346.0,0.0,mobile wallet,C1224
ORD-004300,10/09/2024,Mansoura,LP02,1,43193.0,0.0,CASH,C1070
ORD-004299,10/09/2024,Smouha,TB01,1,24725.0,0.0,Installments,C1135
ORD-004298,10/09/2024,Miami,LP01,1,28112.0,0.0,Credit Card,C1332
ORD-004297,10/09/2024,Nasr City,SP01,1,16105.0,0.0,Installments,C1133
ORD-004296,10/09/2024,Dokki,AU03,1,13754.0,0.0,Visa/Mastercard,C1378
ORD-004302,10/09/2024,Nasr City,LP04,1,80030.0,0.0,Valu/Installments,C0772
ORD-004294,10/09/2024,Nasr City,AU01,1,6507.0,0.0,Visa/Mastercard,C1974
ORD-004293,10/09/2024,Mansoura,AU01,1,6595.0,0.0,Credit Card,C0443
ORD-004292,10/09/2024,Miami,LP02,1,41681.0,0.0,VF Cash,C1223
ORD-004291,10/09/2024,Smouha,AX03,5,541.0,0.0,installments,C1158
ORD-004290,10/09/2024,6th of October,KA06,2,12838.0,0.0,cash,C2495
ORD-004289,10/09/2024,Heliopolis,LP04,1,80010.0,0.0,cash,C2433
ORD-004288,10/09/2024,Dokki,AX06,4,1181.0,0.0,Valu/Installments,C2300
ORD-004287,10/09/2024,Nasr City,TB04,1,17484.0,0.0,Visa/Mastercard,C1533
ORD-004286,10/09/2024,Smouha,AU03,1,13826.0,0.0,cash,C2096
ORD-004295,10/09/2024,Nasr City,KA08,1,5371.0,0.0,cash,C0262
ORD-004317,11/09/2024,6th of October,AC01,1,32665.0,0.0,credit card,C1063
ORD-004316,11/09/2024,Mansoura,AC02,1,47489.0,0.0,Visa/Mastercard,C1211
ORD-004315,11/09/2024,Dokki,AX01,3,949.0,0.0,credit card,C2038
ORD-004314,11/09/2024,Miami,TV05,1,23916.0,0.0,Valu/Installments,
ORD-004313,11/09/2024,Smouha,LP01,1,28157.0,0.0,installments,C0105
ORD-004312,11/09/2024,6th of October,AX02,5,354.0,0.0,Valu/Installments,
ORD-004307,11/09/2024,Smouha,AX01,1,964.0,0.0,credit card,C2458
ORD-004310,11/09/2024,Mansoura,SP07,1,14103.0,0.0,Valu/Installments,C1310
ORD-004309,11/09/2024,MAADI,TB04,1,17421.0,0.0,Cash,
ORD-004308,11/09/2024,6th of October,LP05,1,34543.0,0.0,Installments,C1656
ORD-004306,11/09/2024,Mansoura,LP04,1,78813.0,0.0,Visa/Mastercard,C0233
ORD-004305,11/09/2024,nasr city,AU03,1,13533.0,0.0,Cash,C0985
ORD-004311,11/09/2024,Smouha,AX05,4,2434.0,0.0,Credit Card,C0574
ORD-004319,11/09/2024,Dokki,AU02,1,9029.0,0.0,Visa/Mastercard,C1658
ORD-004318,11/09/2024,Dokki,SP03,1,57872.0,0.0,Installments,C1715
ORD-004321,11/09/2024,Dokki,AX06,5,1148.0,0.0,CASH,C0145
ORD-004322,11/09/2024,Nasr City,AU02,1,8649.0,0.0,mobile wallet,C2389
ORD-004323,11/09/2024,Mansoura,AU05,2,3179.0,0.0,CASH,C2344
ORD-004324,11/09/2024,Dokki ,SP06,1,9777.0,0.0,Installments,C0778
ORD-004325,11/09/2024,Nasr City,AU05,2,3246.0,0.0,CASH,C1406
ORD-004320,11/09/2024,Miami,KA07,1,18718.0,0.0,Visa/Mastercard,C1591
ORD-004338,12/09/2024,Nasr City,AX01,5,956.0,0.0,VF Cash,C0525
ORD-004337,12/09/2024,Mansoura,SP03,1,56798.0,0.0,credit card,C1929
ORD-004336,12/09/2024,Smouha,KA07,2,18197.0,0.0,Visa/Mastercard,C0400
ORD-004335,12/09/2024,Nasr City,SP06,1,9632.0,0.0,Credit Card,C1204
ORD-004334,12/09/2024,smouha,LP02,1,40825.0,0.0,Cash,C0742
ORD-004332,12/09/2024,6th of October,AU04,2,1436.0,0.0,credit card,C0697
ORD-004333,12/09/2024,Miami,SP03,1,58311.0,0.0,Valu/Installments,C2287
ORD-004330,12/09/2024,6th of October,AX11,2,392.0,0.05,Valu/Installments,C2078
ORD-004329,12/09/2024,Heliopolis,TV05,1,23566.0,0.0,CASH,C1469
ORD-004328,12/09/2024,Heliopolis,AC03,1,26577.0,0.0,Visa/Mastercard,C1949
ORD-004327,12/09/2024,SMOUHA,AX06,4,1184.0,0.0,Credit Card,C2190
ORD-004326,12/09/2024,Nasr City,TB04,1,17185.0,0.0,credit card,C0911
ORD-004331,12/09/2024,Mansoura,AX01,4,954.0,0.0,Credit Card,C1230
ORD-004354,13/09/2024,Heliopolis,AU01,2,6648.0,0.0,Cash,C1900
ORD-004352,13/09/2024,Smouha ,KA04,1,24058.0,0.0,Visa/Mastercard,C2399
ORD-004351,13/09/2024,MIAMI,KA05,2,9933.0,0.0,Cash,C1068
ORD-004350,13/09/2024,Maadi,AU01,2,6653.0,0.0,credit card,C1523
ORD-004349,13/09/2024,Maadi,LP06,1,22439.0,0.0,cash,C1358
ORD-004348,13/09/2024,Nasr City,AX09,2,1861.0,0.0,installments,C1723
ORD-004347,13/09/2024,Nasr City,AX07,5,768.0,0.0,Credit Card,C1258
ORD-004346,13/09/2024,Smouha,AU04,1,1490.0,0.0,CASH,C0915
ORD-004355,13/09/2024,Heliopolis,TB03,1,9282.0,0.0,installments,C0483
ORD-004344,13/09/2024,Heliopolis,AX12,4,921.0,0.0,cash,C0911
ORD-004343,13/09/2024,Smouha,SP02,1,52263.0,0.0,Credit Card,C0366
ORD-004342,13/09/2024,6th of October,AC01,1,32837.0,0.0,credit card,C1375
ORD-004341,13/09/2024,Dokki,AX12,4,924.0,0.0,installments,C0750
ORD-004340,13/09/2024,Nasr City,SP03,1,56266.0,0.0,credit card,C2290
ORD-004339,13/09/2024,heliopolis,LP01,1,28742.0,0.05,cash,C1060
ORD-004345,13/09/2024,Maadi,AC05,1,38090.0,0.0,Credit Card,C1456
ORD-004353,13/09/2024,Nasr City,LP03,1,30609.0,0.0,CASH,C1205
RET-000025,14/09/2024,Miami,AX11,-4,402.0,0.0,VF Cash,C2391
ORD-004356,14/09/2024,Miami,LP03,1,31573.0,0.0,Installments,C1928
ORD-004369,14/09/2024,Maadi,AX04,3,248.0,0.0,credit card,C0222
ORD-004368,14/09/2024,Miami,AX07,4,737.0,0.0,cash,C1693
ORD-004367,14/09/2024,Miami,AX05,1,,0.0,cash,C1223
ORD-004357,14/09/2024,Mansoura,AC05,1,38907.0,0.0,Visa/Mastercard,C0220
ORD-004376,14/09/2024,Heliopolis,KA02,1,3527.0,0.05,credit card,C1875
ORD-004375,14/09/2024,Heliopolis,LP01,1,27866.0,0.0,Mobile Wallet,C2333
ORD-004374,14/09/2024,Mansoura,TB02,1,13125.0,0.0,Installments,C1677
ORD-004373,14/09/2024,Smouha,TV01,1,32231.0,0.0,Valu/Installments,C1404
ORD-004371,14/09/2024,Nasr City,SP01,1,16759.0,0.0,CASH,C0563
ORD-004366,14/09/2024,Heliopolis,KA01,1,4225.0,0.0,Installments,C2171
ORD-004372,14/09/2024,Smouha,LP03,1,31606.0,0.0,cash,C0821
ORD-004364,14/09/2024,Maadi,KA07,2,19046.0,0.0,Visa/Mastercard,C0491
ORD-004363,14/09/2024,Maadi,SP05,1,19150.0,0.0,Credit Card,C2050
ORD-004362,14/09/2024,6th of October,AX01,2,929.0,0.0,Credit Card,C0797
ORD-004361,14/09/2024,Nasr City,KA02,2,3601.0,0.0,Installments,C1935
ORD-004360,14/09/2024,Smouha,AX01,2,953.0,0.0,credit card,C0292
ORD-004359,14/09/2024,Mansoura,SP05,1,19755.0,0.0,VF Cash,C2377
ORD-004370,14/09/2024,6th of October,TB01,1,24763.0,0.0,Credit Card,C0618
ORD-004358,14/09/2024,Miami,AX11,4,402.0,0.0,VF Cash,C2391
ORD-004365,14/09/2024,6th of October,LP03,1,30842.0,0.0,VF Cash,C1564
ORD-004387,15/09/2024,Smouha,AX01,3,930.0,0.05,cash,C0020
ORD-004390,15/09/2024,Nasr City,SP02,1,51633.0,0.0,VF Cash,C0858
ORD-004389,15/09/2024,Heliopolis,AU04,2,1459.0,0.0,CASH,C1121
ORD-004388,15/09/2024,Heliopolis,AX07,3,767.0,0.0,installments,C1852
ORD-004386,15/09/2024,Smouha,SP04,1,11586.0,0.0,cash,
ORD-004377,15/09/2024,Miami ,KA05,2,9913.0,0.0,Installments,C0587
ORD-004384,15/09/2024,Dokki,AX06,2,1182.0,0.05,Mobile Wallet,C1284
ORD-004383,15/09/2024,6th of October,TB03,1,9552.0,0.0,cash,C0725
ORD-004382,15/09/2024,Maadi,AX08,1,1332.0,0.0,CASH,C1363
ORD-004381,15/09/2024,Maadi,TV02,1,27129.0,0.0,VF Cash,C1998
ORD-004380,15/09/2024,Mansoura,AX07,4,760.0,0.0,cash,C0332
ORD-004379,15/09/2024,Nasr City,TB04,1,17226.0,0.0,VF Cash,C0739
ORD-004378,15/09/2024,Smouha,LP06,1,21902.0,0.0,credit card,C1296
ORD-004392,15/09/2024,Mansoura,AX10,4,455.0,0.05,CASH,C2361
ORD-004385,15/09/2024,Smouha,SP04,1,11427.0,0.0,Cash,C0238
ORD-004393,15/09/2024,Maadi,AX10,3,462.0,0.0,Cash,C0649
ORD-004391,15/09/2024,Miami,LP04,1,76362.0,0.0,Cash,C0691
ORD-004395,15/09/2024,Heliopolis,SP02,1,50636.0,0.0,CASH,C0361
ORD-004396,15/09/2024,Maadi,SP05,1,19047.0,0.0,cash,C0531
RET-000114,15/09/2024,Heliopolis,AX07,-3,767.0,0.0,installments,C1852
RET-000019,15/09/2024,Miami,LP04,-1,76362.0,0.0,Cash,C0691
RET-000101,15/09/2024,Maadi,TV02,-1,27129.0,0.0,VF Cash,C1998
ORD-004394,15/09/2024,Dokki,AX05,1,2514.0,0.0,credit card,C2006
ORD-004415,16/09/2024,Smouha,AX06,4,1165.0,0.0,installments,C0927
ORD-004414,16/09/2024,nasr city,SP01,1,16921.0,0.0,VF Cash,C1020
ORD-004413,16/09/2024,Heliopolis,AX08,2,1368.0,0.0,Visa/Mastercard,C0017
ORD-004412,16/09/2024,Dokki,KA08,1,5515.0,0.0,VF Cash,C0074
ORD-004411,16/09/2024,Miami,AX11,4,407.0,0.0,Mobile Wallet,C0781
ORD-004410,16/09/2024,Miami,KA07,2,18921.0,0.0,installments,C2176
RET-000029,16/09/2024,Dokki,KA08,-1,5515.0,0.0,VF Cash,C0074
ORD-004408,16/09/2024,Mansoura,SP06,1,9830.0,0.0,Cash,C0058
ORD-004407,16/09/2024,Heliopolis,AX05,4,2386.0,0.0,CASH,C1529
ORD-004406,16/09/2024,Miami,AX08,2,1347.0,0.0,Credit Card,C0817
ORD-004405,16/09/2024,Nasr City,TB02,1,13197.0,0.0,cash,C2187
ORD-004404,16/09/2024,6th of October,TV03,1,14228.0,0.0,Credit Card,C0155
ORD-004403,16/09/2024,6th of October,SP07,1,14484.0,0.0,cash,C0020
ORD-004402,16/09/2024,Nasr City,AU01,1,6375.0,0.05,CASH,C1571
ORD-004401,16/09/2024,Smouha,AX09,1,1833.0,0.0,Cash,C1956
ORD-004400,16/09/2024,Miami,AC05,1,38787.0,0.0,mobile wallet,C1758
ORD-004399,16/09/2024,Miami,SP06,1,9923.0,0.0,Valu/Installments,C1653
ORD-004397,16/09/2024,Maadi,AX12,3,906.0,0.0,CASH,C1777
ORD-004409,16/09/2024,Smouha,AX12,1,914.0,0.0,CASH,C1320
ORD-004398,16/09/2024,Mansoura,AX10,1,463.0,0.0,VF Cash,C1759
ORD-004430,17/09/2024,Maadi,LP05,1,34745.0,0.0,Mobile Wallet,C1192
ORD-004429,17/09/2024,Smouha,SP07,1,14135.0,0.0,mobile wallet,
ORD-004416,17/09/2024,nasr city,AX10,1,454.0,0.0,mobile wallet,C1411
ORD-004417,17/09/2024,Dokki,SP06,1,9744.0,0.0,credit card,C1279
ORD-004418,17/09/2024,Smouha,AU02,1,8678.0,0.0,Visa/Mastercard,C0529
ORD-004419,17/09/2024,Heliopolis,SP01,1,16091.0,0.0,Visa/Mastercard,C0421
ORD-004420,17/09/2024,Maadi,SP06,1,9587.0,0.0,credit card,C1572
ORD-004421,17/09/2024,Miami,AX09,1,1853.0,0.0,Visa/Mastercard,C2062
ORD-004422,17/09/2024,Miami,KA01,1,4082.0,0.0,Cash,C2412
ORD-004423,17/09/2024,Smouha,SP02,1,52776.0,0.0,Credit Card,C1254
ORD-004424,17/09/2024,Miami,KA06,1,12539.0,0.0,Visa/Mastercard,C0685
ORD-004425,17/09/2024,Mansoura,SP03,1,56893.0,0.0,Valu/Installments,C0268
ORD-004426,17/09/2024,Smouha,AC03,1,26409.0,0.0,cash,C0188
RET-000094,17/09/2024,Maadi ,TV04,-1,40010.0,0.05,installments,C1868
ORD-004427,17/09/2024,Smouha,TB02,1,13275.0,0.0,Cash,C1222
ORD-004428,17/09/2024,Dokki,AU03,1,13625.0,0.0,Cash,
ORD-004431,17/09/2024,Maadi ,TV04,1,40010.0,0.05,installments,C1868
ORD-004432,17/09/2024,Miami,TB03,1,9756.0,0.05,Valu/Installments,C2132
ORD-004445,18/09/2024,Dokki,SP03,1,58753.0,0.0,Installments,C0936
ORD-004450,18/09/2024,Maadi,AU03,1,13379.0,0.0,CASH,C2416
ORD-004449,18/09/2024,Maadi,AC05,1,37707.0,0.0,credit card,C0090
ORD-004448,18/09/2024,Dokki,SP05,1,19076.0,0.0,CASH,C0866
ORD-004447,18/09/2024,Heliopolis,AX02,5,340.0,0.0,installments,C0538
ORD-004446,18/09/2024,Mansoura,AX03,2,548.0,0.0,mobile wallet,C0919
ORD-004444,18/09/2024,Dokki,AX07,5,739.0,0.0,credit card,C0079
ORD-004443,18/09/2024,Smouha,KA05,1,9532.0,0.0,Valu/Installments,C1653
ORD-004442,18/09/2024,Nasr City,KA06,2,12866.0,0.0,installments,C0676
ORD-004441,18/09/2024,Miami,AX12,4,893.0,0.0,VF Cash,C0772
ORD-004440,18/09/2024,Dokki,TV05,1,24330.0,0.0,cash,C1472
ORD-004439,18/09/2024,Heliopolis,SP01,1,16372.0,0.0,Credit Card,C2008
ORD-004438,18/09/2024,Dokki,SP01,1,16906.0,0.05,cash,C1404
ORD-004437,18/09/2024,Dokki,AX04,5,249.0,0.0,Cash,C0549
ORD-004436,18/09/2024,Heliopolis,LP05,1,36152.0,0.0,Valu/Installments,C1777
ORD-004435,18/09/2024,Dokki,TB04,1,17017.0,0.0,installments,C1384
ORD-004434,18/09/2024,Mansoura,SP02,1,52112.0,0.0,Installments,C2147
ORD-004433,18/09/2024,Heliopolis,SP08,1,44529.0,0.0,Cash,C2443
ORD-004464,19/09/2024,Heliopolis,LP05,1,34893.0,0.0,Valu/Installments,
ORD-004465,19/09/2024,Heliopolis,SP01,1,16032.0,0.0,Credit Card,C0198
ORD-004466,19/09/2024,Smouha,AX04,2,255.0,0.05,credit card,C0475
ORD-004467,19/09/2024,Nasr City,SP08,1,45873.0,0.05,Installments,
ORD-004461,19/09/2024,Heliopolis,AU04,2,1475.0,0.0,cash,C0197
RET-000059,19/09/2024,Nasr City,AX11,-5,398.0,0.0,VF Cash,C1537
ORD-004469,19/09/2024,Dokki,KA01,1,4216.0,0.0,credit card,C1820
ORD-004470,19/09/2024,Smouha,AX05,4,2414.0,0.0,Valu/Installments,C1558
ORD-004463,19/09/2024,Smouha,LP02,1,42591.0,0.0,installments,C0081
ORD-004468,19/09/2024,Heliopolis,LP03,1,30500.0,0.0,installments,C1708
ORD-004462,19/09/2024,6th of October,KA07,1,18171.0,0.0,Mobile Wallet,C0443
ORD-004459,19/09/2024,Maadi,KA03,1,6845.0,0.05,Mobile Wallet,C0200
ORD-004460,19/09/2024,Heliopolis,AU04,1,1440.0,0.0,Mobile Wallet,C2433
ORD-004451,19/09/2024,Mansoura,AX09,1,1856.0,0.0,Mobile Wallet,C2067
ORD-004453,19/09/2024,Nasr City,AC03,1,25580.0,0.0,cash,C0505
ORD-004454,19/09/2024,Nasr City,TV05,1,23765.0,0.0,mobile wallet,C1502
ORD-004455,19/09/2024,Nasr City,KA04,2,24244.0,0.0,Valu/Installments,C0154
ORD-004452,19/09/2024,Miami,AX10,4,456.0,0.0,cash,C0693
ORD-004457,19/09/2024,Smouha,TB03,1,9766.0,0.0,CASH,C1048
ORD-004458,19/09/2024,Nasr City,AX02,4,342.0,0.0,Valu/Installments,C2191
ORD-004456,19/09/2024,Nasr City,AX11,5,398.0,0.0,VF Cash,C1537
ORD-004480,20/09/2024,DOKKI,SP03,1,56502.0,0.0,Installments,C0414
ORD-004486,20/09/2024,Smouha,AX02,4,343.0,0.0,CASH,C0430
ORD-004485,20/09/2024,NASR CITY,AX06,1,1126.0,0.0,credit card,C1716
ORD-004484,20/09/2024,Miami,AX03,1,534.0,0.0,installments,C0562
ORD-004483,20/09/2024,Dokki,TB03,1,9544.0,0.0,installments,C2481
ORD-004482,20/09/2024,Smouha,AX02,4,360.0,0.0,mobile wallet,C1106
ORD-004481,20/09/2024,Maadi,TV04,1,40470.0,0.0,CASH,C2132
ORD-004479,20/09/2024,Dokki,SP06,1,9762.0,0.0,Valu/Installments,C1724
ORD-004474,20/09/2024,Smouha,LP03,1,30901.0,0.0,Installments,C1944
ORD-004477,20/09/2024,Dokki,KA03,1,6893.0,0.05,installments,C0039
ORD-004476,20/09/2024,Miami,SP06,1,9889.0,0.0,Visa/Mastercard,C0842
ORD-004475,20/09/2024,MANSOURA,AX11,2,389.0,0.0,Cash,C0628
ORD-004473,20/09/2024,maadi,TB01,1,24365.0,0.0,Valu/Installments,C1036
ORD-004472,20/09/2024,Miami,TV05,1,24128.0,0.0,Installments,C2242
ORD-004471,20/09/2024,maadi,AX10,1,438.0,0.0,Cash,C0507
ORD-004487,20/09/2024,Dokki,TB02,1,13736.0,0.0,CASH,C2096
ORD-004478,20/09/2024,Heliopolis,LP03,1,30587.0,0.0,CASH,C1234
ORD-004488,20/09/2024,6th of October,AX09,2,1833.0,0.0,CASH,C0483
ORD-004490,21/09/2024,Dokki,LP05,1,34901.0,0.0,Valu/Installments,C0467
ORD-004509,21/09/2024,Heliopolis,AX11,2,391.0,0.0,CASH,C1355
ORD-004491,21/09/2024,Mansoura,AX01,2,945.0,0.0,VF Cash,C0436
ORD-004489,21/09/2024,Heliopolis,SP05,1,19211.0,0.0,credit card,C1158
ORD-004508,21/09/2024,Maadi,AC02,1,46726.0,0.0,Visa/Mastercard,C1969
ORD-004492,21/09/2024,nasr city,AU04,1,1443.0,0.0,VF Cash,C2039
ORD-004494,21/09/2024,Miami,AU05,1,3288.0,0.0,cash,C2495
ORD-004493,21/09/2024,Mansoura,AX04,5,248.0,0.0,Valu/Installments,C0814
ORD-004513,21/09/2024,Heliopolis,AX04,1,243.0,0.0,credit card,C0053
ORD-004512,21/09/2024,Miami,AX03,3,549.0,0.0,Credit Card,C0012
ORD-004511,21/09/2024,Miami,SP01,1,16658.0,0.0,Installments,
ORD-004510,21/09/2024,Maadi,TV04,1,40359.0,0.0,installments,C0961
ORD-004506,21/09/2024,Mansoura,KA01,1,4278.0,0.0,mobile wallet,C2034
ORD-004505,21/09/2024,Nasr City,TB04,1,17356.0,0.0,Cash,C2246
ORD-004504,21/09/2024,Nasr City,AX04,4,253.0,0.0,Visa/Mastercard,C0162
ORD-004503,21/09/2024,Mansoura,AX05,2,2433.0,0.0,Visa/Mastercard,C0657
ORD-004507,21/09/2024,Miami,AX05,2,2472.0,0.0,installments,C0851
ORD-004501,21/09/2024,6th of October,SP01,1,16402.0,0.0,VF Cash,C1679
ORD-004500,21/09/2024,Nasr City,SP06,1,9539.0,0.0,credit card,C1467
ORD-004499,21/09/2024,Nasr City,LP02,1,43237.0,0.0,Valu/Installments,C0827
ORD-004498,21/09/2024,Smouha,AU01,1,6483.0,0.0,cash,C2143
ORD-004497,21/09/2024,Nasr City,KA08,2,5525.0,0.0,Cash,
ORD-004496,21/09/2024,Heliopolis,LP05,1,34485.0,0.0,Visa/Mastercard,C1078
ORD-004495,21/09/2024,Nasr City,KA06,2,12453.0,0.0,credit card,C0819
ORD-004502,21/09/2024,Mansoura,SP04,1,11730.0,0.0,VF Cash,C1210
ORD-004526,22/09/2024,Smouha,AX03,5,563.0,0.0,CASH,C0947
ORD-004525,22/09/2024,Dokki,AX10,5,445.0,0.05,Cash,C1049
ORD-004524,22/09/2024,Maadi,LP03,1,30849.0,0.0,credit card,
ORD-004523,22/09/2024,Dokki,SP02,1,52162.0,0.0,Valu/Installments,C0415
ORD-004522,22/09/2024,Smouha,LP02,1,43255.0,0.0,Valu/Installments,C0308
ORD-004521,22/09/2024,Heliopolis,KA08,1,5424.0,0.0,Visa/Mastercard,C2096
ORD-004520,22/09/2024,Heliopolis,AX08,5,1332.0,0.0,CASH,C0369
ORD-004518,22/09/2024,Heliopolis,AX05,5,2488.0,0.0,Credit Card,C2024
ORD-004517,22/09/2024,Mansoura,LP05,1,34447.0,0.0,mobile wallet,
ORD-004516,22/09/2024,6th of October,AC03,1,25372.0,0.0,Visa/Mastercard,C2352
ORD-004514,22/09/2024,Heliopolis,KA06,2,12522.0,0.0,cash,C0365
RET-000102,22/09/2024,Heliopolis,AX08,-5,1332.0,0.0,CASH,C0369
ORD-004519,22/09/2024,Nasr City,LP03,1,31607.0,0.0,credit card,C0611
ORD-004515,22/09/2024,6TH OF OCTOBER,AX11,1,410.0,0.0,installments,C0453
ORD-004532,23/09/2024,Nasr City,KA02,2,3659.0,0.0,Credit Card,C0206
ORD-004527,23/09/2024,Mansoura,AC04,1,57215.0,0.0,Visa/Mastercard,C1871
ORD-004528,23/09/2024,Nasr City,AX12,3,914.0,0.0,CASH,
ORD-004529,23/09/2024,Nasr City,AC06,1,42245.0,0.05,Valu/Installments,C1213
ORD-004530,23/09/2024,Miami,SP06,1,9754.0,0.0,CASH,C1082
ORD-004531,23/09/2024,Nasr City,AX05,5,2395.0,0.0,VF Cash,C1902
ORD-004540,23/09/2024,Maadi,TV05,1,23286.0,0.0,Credit Card,C1281
ORD-004535,23/09/2024,Smouha,AX01,1,968.0,0.0,Cash,C0162
RET-000064,23/09/2024,Miami,SP06,-1,9754.0,0.0,CASH,C1082
ORD-004533,23/09/2024,Heliopolis,KA06,2,12708.0,0.0,Mobile Wallet,C0409
ORD-004542,23/09/2024,Mansoura,LP02,1,41511.0,0.0,installments,C0475
ORD-004541,23/09/2024,Maadi,AU04,1,1486.0,0.0,cash,C1745
ORD-004534,23/09/2024,Nasr City,KA01,1,4310.0,0.0,installments,C0716
ORD-004538,23/09/2024,Heliopolis,AX01,2,970.0,0.0,credit card,
ORD-004539,23/09/2024,Mansoura,AX09,4,1808.0,0.0,cash,C1476
ORD-004537,23/09/2024,Heliopolis,LP05,1,35891.0,0.0,Installments,
ORD-004536,23/09/2024,Maadi,KA03,2,6873.0,0.0,Credit Card,C1191
ORD-004546,24/09/2024,Miami,SP06,1,9919.0,0.0,Credit Card,C0567
ORD-004547,24/09/2024,Nasr City,SP07,1,14879.0,0.0,Credit Card,C0699
ORD-004544,24/09/2024,Miami,SP04,1,11772.0,0.0,mobile wallet,C0188
ORD-004549,24/09/2024,Nasr City,TV03,1,14656.0,0.0,cash,C1465
ORD-004550,24/09/2024,Dokki,AU03,1,13462.0,0.0,cash,C1793
ORD-004543,24/09/2024,Smouha,AU03,1,13153.0,0.0,Mobile Wallet,C0390
ORD-004551,24/09/2024,6th of October,KA07,1,18441.0,0.0,credit card,C1099
ORD-004552,24/09/2024,Dokki,AX11,2,408.0,0.0,CASH,C0381
ORD-004553,24/09/2024,Nasr City,AU05,1,3125.0,0.0,Credit Card,C1527
ORD-004554,24/09/2024,Mansoura,LP01,1,28389.0,0.0,cash,C1404
ORD-004555,24/09/2024,6th of October,TB03,1,9529.0,0.0,Visa/Mastercard,C0750
ORD-004556,24/09/2024,Dokki,AX02,1,340.0,0.0,Visa/Mastercard,C0467
ORD-004557,24/09/2024,Dokki,AU04,1,1467.0,0.0,credit card,C1642
ORD-004545,24/09/2024,Dokki,SP04,1,11533.0,0.0,Installments,C0040
ORD-004548,24/09/2024,Heliopolis,LP05,1,36362.0,0.0,credit card,C1347
ORD-004560,25/09/2024,Maadi,AC05,1,38722.0,0.0,Installments,C1114
ORD-004569,25/09/2024,Heliopolis,AX07,4,732.0,0.0,Visa/Mastercard,C0241
ORD-004571,25/09/2024,Nasr City,TB01,1,24989.0,0.0,Installments,C0425
ORD-004570,25/09/2024,6th of October,TB02,1,13683.0,0.0,cash,C0653
ORD-004568,25/09/2024,Nasr City,SP04,1,11688.0,0.0,Visa/Mastercard,C0543
ORD-004567,25/09/2024,SMOUHA,AX11,2,399.0,0.0,VF Cash,
ORD-004565,25/09/2024,Nasr City,KA02,2,3501.0,0.0,Mobile Wallet,C0684
ORD-004566,25/09/2024,Nasr City,KA03,2,6875.0,0.0,Mobile Wallet,C0464
ORD-004563,25/09/2024,Dokki,SP05,1,19398.0,0.0,Valu/Installments,C1959
ORD-004562,25/09/2024,Heliopolis,KA08,1,5393.0,0.0,cash,
ORD-004561,25/09/2024,Nasr City,AX08,5,1337.0,0.0,Visa/Mastercard,C1580
ORD-004559,25/09/2024,Mansoura,SP04,1,11511.0,0.0,installments,C1870
ORD-004558,25/09/2024,Miami,TV01,1,31736.0,0.0,Valu/Installments,C1640
ORD-004564,25/09/2024,6th of October,AX11,5,390.0,0.0,installments,C1728
ORD-004584,26/09/2024,Nasr City,TB04,1,17174.0,0.0,Credit Card,C2000
RET-000082,26/09/2024,Smouha,AC03,-1,25764.0,0.0,Visa/Mastercard,C0189
ORD-004583,26/09/2024,Heliopolis,AU03,1,13375.0,0.0,Credit Card,C1979
ORD-004585,26/09/2024,6th of October,TB03,1,9316.0,0.0,CASH,C0463
ORD-004587,26/09/2024,Smouha,SP03,1,56553.0,0.0,installments,C1806
ORD-004588,26/09/2024,Smouha,AC03,1,25764.0,0.0,Visa/Mastercard,C0189
RET-000052,26/09/2024,Nasr City,TB04,-1,17174.0,0.0,Credit Card,C2000
ORD-004582,26/09/2024,Nasr City,AU05,1,3218.0,0.0,VF Cash,C0536
ORD-004586,26/09/2024,Mansoura,LP01,1,28412.0,0.0,Valu/Installments,C1685
ORD-004581,26/09/2024,Nasr City,TB04,1,17935.0,0.0,CASH,C0119
ORD-004577,26/09/2024,Mansoura,AU01,1,6411.0,0.0,mobile wallet,C1795
ORD-004579,26/09/2024,Smouha,TV01,1,31350.0,0.0,Valu/Installments,C1556
ORD-004578,26/09/2024,Mansoura,TB03,1,9398.0,0.05,VF Cash,C0743
ORD-004576,26/09/2024,Dokki,TV01,1,31170.0,0.0,Cash,
ORD-004575,26/09/2024,Smouha,TV04,1,41871.0,0.0,Credit Card,C2331
ORD-004574,26/09/2024,Maadi,AX11,2,397.0,0.0,installments,C1978
ORD-004573,26/09/2024,Mansoura,KA06,2,12804.0,0.0,Visa/Mastercard,C2420
ORD-004572,26/09/2024,Nasr City,AX11,4,397.0,0.0,Installments,C1705
ORD-004580,26/09/2024,6th of October,AX12,5,926.0,0.0,Visa/Mastercard,C1469
ORD-004599,27/09/2024,Smouha,TB03,1,9359.0,0.0,cash,C1386
ORD-004605,27/09/2024,NASR CITY,AC05,1,38642.0,0.0,Visa/Mastercard,C1974
ORD-004604,27/09/2024,Heliopolis,AX01,2,931.0,0.0,Visa/Mastercard,C1019
ORD-004603,27/09/2024,Maadi,SP01,1,16529.0,0.0,Mobile Wallet,C1773
ORD-004602,27/09/2024,Miami,LP02,1,40811.0,0.0,mobile wallet,C0391
ORD-004601,27/09/2024,Heliopolis,SP05,1,19772.0,0.0,installments,C2143
ORD-004600,27/09/2024,Miami,AX11,5,412.0,0.0,cash,C2127
ORD-004598,27/09/2024,6th of October,SP08,1,46010.0,0.0,Credit Card,C0918
ORD-004597,27/09/2024,Smouha,LP05,1,34836.0,0.0,Cash,
ORD-004595,27/09/2024,Smouha,SP07,1,14902.0,0.0,Valu/Installments,
ORD-004594,27/09/2024,Dokki,SP03,1,58698.0,0.0,CASH,C2362
ORD-004593,27/09/2024,Maadi,KA06,1,12197.0,0.0,Credit Card,C2150
ORD-004592,27/09/2024,Smouha,SP05,1,19897.0,0.0,VF Cash,C0051
ORD-004591,27/09/2024,Miami,AX05,4,2396.0,0.0,Installments,C1288
ORD-004590,27/09/2024,Maadi,AU05,1,3131.0,0.0,Valu/Installments,C1072
ORD-004589,27/09/2024,Nasr City,KA04,1,23948.0,0.0,installments,C0260
ORD-004596,27/09/2024,Heliopolis,KA07,2,18774.0,0.0,Valu/Installments,C2315
ORD-004615,28/09/2024,Heliopolis ,AX11,1,401.0,0.0,credit card,
ORD-004614,28/09/2024,Dokki,AU04,1,1417.0,0.0,mobile wallet,C0048
ORD-004613,28/09/2024,Maadi,TV04,1,40044.0,0.0,credit card,C0224
ORD-004612,28/09/2024,Dokki,AC03,1,26169.0,0.0,Visa/Mastercard,
ORD-004611,28/09/2024,Miami,AX12,5,898.0,0.0,installments,C2287
ORD-004607,28/09/2024,Miami,LP02,1,41287.0,0.0,mobile wallet,C1577
ORD-004609,28/09/2024,Mansoura,AC05,1,38144.0,0.0,credit card,C0609
ORD-004608,28/09/2024,Dokki,TV05,1,24285.0,0.0,Valu/Installments,
ORD-004606,28/09/2024,Miami,AU04,2,1473.0,0.0,Credit Card,C1417
ORD-004616,28/09/2024,Maadi,LP03,1,30115.0,0.0,Credit Card,C0643
ORD-004610,28/09/2024,Smouha,SP04,1,11206.0,0.0,Mobile Wallet,
ORD-004618,28/09/2024,Dokki,AU05,2,3189.0,0.0,installments,C1923
ORD-004617,28/09/2024,Heliopolis,LP04,1,77362.0,0.0,Installments,C2071
ORD-004620,28/09/2024,Heliopolis,AU03,2,13137.0,0.0,cash,C0678
ORD-004621,28/09/2024,Maadi,AU05,2,3265.0,0.0,Mobile Wallet,C0307
ORD-004622,28/09/2024,Dokki,AX01,3,971.0,0.0,CASH,C2014
ORD-004623,28/09/2024,Maadi,AX07,2,752.0,0.0,credit card,C1314
ORD-004624,28/09/2024,6th of October,AX11,2,392.0,0.0,credit card,C0987
ORD-004619,28/09/2024,Maadi,KA03,2,6848.0,0.0,cash,C2031
ORD-004639,29/09/2024,6th of October,TV05,1,24374.0,0.0,Visa/Mastercard,C0361
ORD-004641,29/09/2024,Dokki,AX06,2,1152.0,0.0,CASH,C1832
RET-000112,29/09/2024,Nasr City,AX02,-5,356.0,0.0,Cash,C0323
ORD-004638,29/09/2024,Mansoura,AU01,2,6681.0,0.0,CASH,C1836
ORD-004637,29/09/2024,Nasr City,TV03,1,14726.0,0.0,cash,C2348
ORD-004636,29/09/2024,Smouha,LP02,1,42844.0,0.0,mobile wallet,C1820
ORD-004635,29/09/2024,Mansoura,TB04,1,17919.0,0.0,Visa/Mastercard,C1881
ORD-004634,29/09/2024,Nasr City,AX02,5,356.0,0.0,Cash,C0323
ORD-004640,29/09/2024,Maadi,SP01,1,16110.0,0.0,cash,C2042
ORD-004632,29/09/2024,Mansoura,AX12,2,902.0,0.0,credit card,C1652
ORD-004631,29/09/2024,6th of October,AU03,2,13701.0,0.0,Visa/Mastercard,C1551
ORD-004630,29/09/2024,Dokki,KA01,2,4084.0,0.0,CASH,C2255
ORD-004629,29/09/2024,6th of October,AU05,1,3130.0,0.0,Visa/Mastercard,C0913
ORD-004628,29/09/2024,Nasr City,KA01,2,4122.0,0.0,Mobile Wallet,C2077
ORD-004625,29/09/2024,Maadi,SP01,1,16778.0,0.0,Cash,C1356
ORD-004626,29/09/2024,Nasr City,AX02,1,344.0,0.0,Mobile Wallet,C1140
ORD-004633,29/09/2024,Heliopolis,AX12,2,926.0,0.0,Cash,C0963
ORD-004627,29/09/2024,Miami,AU05,2,3136.0,0.0,credit card,C0207
ORD-004654,30/09/2024,Mansoura,SP06,1,9830.0,0.0,Visa/Mastercard,C0373
ORD-004653,30/09/2024,Mansoura,SP07,1,14889.0,0.05,Visa/Mastercard,C0001
ORD-004652,30/09/2024,Miami,AC04,1,58422.0,0.0,cash,C2250
ORD-004651,30/09/2024,Dokki,LP04,1,77507.0,0.0,Valu/Installments,C2283
ORD-004650,30/09/2024,Mansoura,SP06,1,9554.0,0.0,installments,
ORD-004647,30/09/2024,Dokki,AX08,5,1386.0,0.0,installments,C1653
ORD-004648,30/09/2024,Mansoura,LP01,1,29120.0,0.0,mobile wallet,C1689
ORD-004646,30/09/2024,Maadi,KA04,1,23965.0,0.0,installments,C0421
ORD-004645,30/09/2024,Maadi,AX03,2,556.0,0.0,installments,C0073
ORD-004644,30/09/2024,Maadi,AX08,3,1342.0,0.0,CASH,C2038
ORD-004643,30/09/2024,Heliopolis,SP02,1,52320.0,0.05,VF Cash,C0487
ORD-004642,30/09/2024,Smouha,AX07,1,763.0,0.0,credit card,C1295
ORD-004649,30/09/2024,Heliopolis,TV06,1,86817.0,0.0,Installments,C0147
ORD-004657,01/10/2024,Smouha,AX02,2,350.0,0.05,CASH,C2083
ORD-004655,01/10/2024,Mansoura,AX10,4,437.0,0.0,CASH,C2475
ORD-004656,01/10/2024,Nasr City,AU04,1,1440.0,0.0,installments,C1248
ORD-004658,01/10/2024,Nasr City,AU05,1,3143.0,0.0,Credit Card,C2304
ORD-004662,01/10/2024,Miami,TB01,1,24967.0,0.0,Mobile Wallet,C1489
ORD-004660,01/10/2024,Heliopolis,AU04,2,1454.0,0.0,Installments,C1869
ORD-004661,01/10/2024,NASR CITY,AX09,1,1814.0,0.0,cash,C1397
ORD-004663,01/10/2024,6th of October,SP06,1,9669.0,0.0,Installments,C0223
ORD-004664,01/10/2024,Nasr City,TB02,1,13565.0,0.0,CASH,C0914
ORD-004665,01/10/2024,Mansoura,AX10,3,442.0,0.0,mobile wallet,C1862
ORD-004666,01/10/2024,Nasr City,TV04,1,40107.0,0.0,Valu/Installments,
ORD-004667,01/10/2024,Mansoura,AX03,4,539.0,0.0,CASH,C1360
ORD-004668,01/10/2024,Smouha,LP01,1,29078.0,0.0,Mobile Wallet,C2295
ORD-004659,01/10/2024,Nasr City,AX08,1,1338.0,0.0,Visa/Mastercard,C0848
ORD-004680,02/10/2024,Smouha,TV04,1,41195.0,0.0,credit card,C1196
ORD-004679,02/10/2024,Miami,TV04,1,41378.0,0.0,Cash,
ORD-004678,02/10/2024,Heliopolis,AX08,5,1336.0,0.0,Installments,C1455
ORD-004677,02/10/2024,Miami,AU04,1,1456.0,0.0,installments,C1399
ORD-004676,02/10/2024,Mansoura,KA07,1,18937.0,0.05,credit card,C0009
ORD-004672,02/10/2024,Nasr City,SP07,1,14280.0,0.0,cash,C1854
ORD-004674,02/10/2024,Mansoura,AC05,1,39070.0,0.0,Credit Card,C0400
ORD-004673,02/10/2024,Smouha,AX07,2,748.0,0.0,Installments,C0468
ORD-004671,02/10/2024,Maadi,LP02,1,40998.0,0.0,Mobile Wallet,C1489
ORD-004670,02/10/2024,Mansoura,AX06,4,1166.0,0.0,Mobile Wallet,C1938
ORD-004675,02/10/2024,Maadi,KA07,1,18027.0,0.0,CASH,C0909
ORD-004669,02/10/2024,Mansoura,SP03,1,59598.0,0.0,installments,C2458
ORD-004689,03/10/2024,Heliopolis,TB04,1,17124.0,0.0,Mobile Wallet,C1677
ORD-004690,03/10/2024,Heliopolis,AX03,1,563.0,0.0,Mobile Wallet,C0439
ORD-004681,03/10/2024,6th of October,KA07,1,18555.0,0.0,Cash,C2244
ORD-004682,03/10/2024,Nasr City,TV02,1,27198.0,0.0,Mobile Wallet,C2139
ORD-004683,03/10/2024,Dokki,AU01,2,6560.0,0.0,Cash,C1532
ORD-004684,03/10/2024,Nasr City,TV03,1,14493.0,0.0,Visa/Mastercard,C0436
ORD-004685,03/10/2024,Dokki,AU03,1,13380.0,0.0,VF Cash,C0188
ORD-004686,03/10/2024,Maadi,AX10,5,450.0,0.0,Credit Card,C0673
ORD-004687,03/10/2024,Maadi,KA07,1,18083.0,0.05,VF Cash,C2017
ORD-004688,03/10/2024,Heliopolis,AU05,1,3201.0,0.0,Cash,C0576
ORD-004703,04/10/2024,Nasr City,KA08,2,5341.0,0.0,Credit Card,C1698
ORD-004704,04/10/2024,Smouha,LP03,1,31889.0,0.0,credit card,C0191
ORD-004705,04/10/2024,heliopolis,KA04,1,25009.0,0.0,Installments,C2412
RET-000003,04/10/2024,Mansoura,KA01,-2,4214.0,0.0,cash,C1873
ORD-004699,04/10/2024,Nasr City,TV06,1,88481.0,0.0,Credit Card,C0781
ORD-004707,04/10/2024,Smouha,AX04,4,247.0,0.0,Visa/Mastercard,
ORD-004708,04/10/2024,Heliopolis,AX11,2,390.0,0.0,CASH,C1846
ORD-004709,04/10/2024,Miami,LP05,1,35800.0,0.0,Valu/Installments,C1874
ORD-004702,04/10/2024,Nasr City,TB03,1,9474.0,0.0,Credit Card,C0442
ORD-004706,04/10/2024,Mansoura,KA03,2,6789.0,0.0,Valu/Installments,C0505
ORD-004701,04/10/2024,Mansoura,SP03,1,58668.0,0.0,installments,C1385
ORD-004696,04/10/2024,Nasr City,TB03,1,9628.0,0.0,cash,
ORD-004698,04/10/2024,Mansoura,KA01,2,4214.0,0.0,cash,C1873
ORD-004697,04/10/2024,Maadi,AU01,1,6599.0,0.0,cash,C0884
ORD-004695,04/10/2024,Maadi,AU04,1,1462.0,0.0,Cash,C1610
ORD-004694,04/10/2024,Nasr City,TB03,1,9345.0,0.0,VF Cash,C0495
ORD-004693,04/10/2024,Maadi,SP07,1,14719.0,0.0,Visa/Mastercard,C0769
ORD-004692,04/10/2024,6th of October,KA05,2,9688.0,0.0,Cash,C0803
ORD-004691,04/10/2024,Heliopolis,SP01,1,16508.0,0.0,Credit Card,C1042
ORD-004700,04/10/2024,Heliopolis,AX05,4,2462.0,0.0,Installments,
ORD-004719,05/10/2024,Miami,SP08,1,44391.0,0.0,Valu/Installments,C2267
ORD-004720,05/10/2024,6th of october,SP04,1,11824.0,0.0,CASH,C1773
ORD-004721,05/10/2024,6th of October,TB04,1,17163.0,0.0,cash,C2397
ORD-004725,05/10/2024,Nasr City,AX06,4,1128.0,0.0,credit card,C2370
ORD-004724,05/10/2024,Nasr City,AU04,2,1420.0,0.0,Cash,C0726
ORD-004718,05/10/2024,6th of October,TV05,1,24539.0,0.0,Valu/Installments,C0199
ORD-004723,05/10/2024,Nasr City,AX05,1,2472.0,0.0,VF Cash,C2083
ORD-004717,05/10/2024,Miami,TV03,1,14705.0,0.0,Visa/Mastercard,C2173
ORD-004722,05/10/2024,Dokki,AX05,1,2397.0,0.0,Credit Card,C1979
ORD-004715,05/10/2024,Nasr City,AX02,3,347.0,0.0,Cash,C2044
ORD-004714,05/10/2024,Nasr City,SP03,1,57145.0,0.0,Installments,
ORD-004713,05/10/2024,Maadi,AC01,1,33706.0,0.0,Valu/Installments,C0552
ORD-004712,05/10/2024,Nasr City ,AX01,1,940.0,0.0,VF Cash,C2066
ORD-004716,05/10/2024,Smouha,AX11,4,390.0,0.0,mobile wallet,C0018
ORD-004711,05/10/2024,Smouha,AX11,2,410.0,0.0,Credit Card,C2414
ORD-004710,05/10/2024,Miami,AX12,2,919.0,0.0,VF Cash,
ORD-004740,06/10/2024,Miami,AC06,1,42315.0,0.0,installments,C1121
ORD-004739,06/10/2024,Miami,AX10,2,440.0,0.05,Mobile Wallet,C1017
ORD-004738,06/10/2024,Heliopolis,AX08,3,1338.0,0.0,cash,C2495
ORD-004737,06/10/2024,Smouha,AU01,2,6307.0,0.0,Credit Card,C1715
ORD-004736,06/10/2024,Dokki,AC04,1,59214.0,0.0,Credit Card,C1576
ORD-004735,06/10/2024,Heliopolis,AU02,2,8733.0,0.0,CASH,C2065
ORD-004734,06/10/2024,Nasr City ,KA02,1,3695.0,0.0,credit card,
ORD-004733,06/10/2024,Miami,AX11,1,401.0,0.0,Credit Card,C1319
ORD-004731,06/10/2024,Maadi,KA02,1,3678.0,0.05,Valu/Installments,C2460
ORD-004730,06/10/2024,Heliopolis,KA02,1,3623.0,0.0,CASH,
ORD-004729,06/10/2024,Maadi,AU02,2,9109.0,0.0,VF Cash,C1587
ORD-004728,06/10/2024,Heliopolis,KA02,2,3522.0,0.0,VF Cash,C0425
ORD-004727,06/10/2024,Miami,AU02,1,8756.0,0.0,mobile wallet,C0526
ORD-004726,06/10/2024,Mansoura,AX05,1,2447.0,0.05,Credit Card,C0712
RET-000065,06/10/2024,Maadi,AU02,-2,9109.0,0.0,VF Cash,C1587
ORD-004732,06/10/2024,Maadi,TB04,1,17601.0,0.0,CASH,C2483
ORD-004751,07/10/2024,Miami,AU01,1,6692.0,0.0,installments,C1225
ORD-004757,07/10/2024,Dokki,TV04,1,42068.0,0.05,Valu/Installments,C0859
ORD-004756,07/10/2024,Dokki,SP04,1,11438.0,0.0,Mobile Wallet,C0823
ORD-004755,07/10/2024,Smouha,SP08,1,44916.0,0.0,credit card,C0891
ORD-004754,07/10/2024,Heliopolis,AU04,2,1492.0,0.0,CASH,C2268
ORD-004753,07/10/2024,Maadi,AU01,2,6498.0,0.0,Installments,C1286
ORD-004752,07/10/2024,Dokki,AX09,1,1822.0,0.0,cash,C2244
ORD-004750,07/10/2024,Nasr City,AU01,1,6606.0,0.0,mobile wallet,C2099
ORD-004741,07/10/2024,Mansoura,SP03,1,58341.0,0.0,Valu/Installments,C1630
ORD-004748,07/10/2024,Dokki,LP04,1,79407.0,0.0,installments,C2468
ORD-004747,07/10/2024,Nasr City,AX09,2,1863.0,0.0,CASH,C1691
ORD-004746,07/10/2024,Heliopolis,AU04,2,1488.0,0.0,Visa/Mastercard,C0566
ORD-004745,07/10/2024,Maadi,SP03,1,57760.0,0.0,CASH,C0547
ORD-004744,07/10/2024,Dokki,LP06,1,21370.0,0.0,Valu/Installments,C1855
ORD-004743,07/10/2024,Smouha,KA03,2,6660.0,0.0,mobile wallet,C1205
ORD-004742,07/10/2024,SMOUHA,AU02,2,9071.0,0.0,Cash,C1405
ORD-004749,07/10/2024,Heliopolis,AU01,2,6674.0,0.05,installments,
ORD-004764,08/10/2024,Dokki,TV05,1,24070.0,0.0,installments,C2223
ORD-004758,08/10/2024,Miami,TB02,1,13154.0,0.0,cash,C1191
ORD-004759,08/10/2024,Dokki,KA01,1,4136.0,0.0,CASH,C1415
ORD-004760,08/10/2024,Dokki,AU03,1,13895.0,0.0,Mobile Wallet,C0544
ORD-004761,08/10/2024,Dokki,AX01,5,942.0,0.0,Visa/Mastercard,
ORD-004762,08/10/2024,Mansoura,SP03,1,59182.0,0.0,VF Cash,C0729
ORD-004763,08/10/2024,Smouha,TV03,1,14490.0,0.0,cash,C2064
ORD-004765,08/10/2024,Maadi,LP03,1,30296.0,0.0,Valu/Installments,C1321
ORD-004766,08/10/2024,Dokki ,AU01,1,6566.0,0.0,Cash,C0473
ORD-004767,08/10/2024,6th of October,KA08,1,5406.0,0.0,Visa/Mastercard,C1443
ORD-004768,08/10/2024,Maadi,SP05,1,19269.0,0.0,installments,C2304
ORD-004769,08/10/2024,dokki,AU04,2,1476.0,0.0,installments,C1968
ORD-004770,08/10/2024,Maadi,AC05,1,37902.0,0.05,Cash,C2388
ORD-004771,08/10/2024,Miami,AX01,3,974.0,0.0,Credit Card,C2338
ORD-004780,09/10/2024,Heliopolis,AC03,1,26601.0,0.0,Installments,C1561
ORD-004772,09/10/2024,Dokki,AC02,1,47585.0,0.0,Visa/Mastercard,C1710
ORD-004773,09/10/2024,Smouha,SP04,1,11306.0,0.0,credit card,C2187
ORD-004775,09/10/2024,Nasr City,LP04,1,78749.0,0.0,CASH,C1731
ORD-004776,09/10/2024,Nasr City,TV03,1,14181.0,0.0,Visa/Mastercard,C0053
ORD-004777,09/10/2024,Heliopolis,AU03,1,13163.0,0.0,Cash,C2142
ORD-004774,09/10/2024,Maadi,KA07,2,18624.0,0.0,credit card,C1172
ORD-004779,09/10/2024,Heliopolis,AX01,3,974.0,0.0,VF Cash,C0104
ORD-004781,09/10/2024,Nasr City,KA08,2,5384.0,0.0,CASH,C0596
ORD-004782,09/10/2024,Dokki,AU05,2,3213.0,0.0,cash,C0218
ORD-004783,09/10/2024,Nasr City,AU02,2,9021.0,0.0,Visa/Mastercard,C0232
ORD-004784,09/10/2024,Smouha,LP03,1,31867.0,0.0,Cash,C0819
ORD-004778,09/10/2024,6th of October,AX10,3,456.0,0.0,Cash,C0437
ORD-004798,10/10/2024,Dokki,KA03,2,6681.0,0.0,Cash,C1854
ORD-004797,10/10/2024,Dokki,AU04,1,1482.0,0.0,Cash,C1470
ORD-004796,10/10/2024,Nasr City,AX01,4,967.0,0.0,Credit Card,
ORD-004795,10/10/2024,Maadi,AU04,2,1441.0,0.0,cash,C0133
ORD-004794,10/10/2024,Nasr City,KA02,1,3656.0,0.0,Valu/Installments,C2217
ORD-004793,10/10/2024,Maadi,TV06,1,89910.0,0.0,cash,C0836
ORD-004786,10/10/2024,Nasr City,AC06,1,40464.0,0.0,Cash,C0660
ORD-004787,10/10/2024,Dokki,AX01,4,954.0,0.0,CASH,C1174
ORD-004785,10/10/2024,Mansoura,AX08,1,1348.0,0.0,cash,C1094
ORD-004790,10/10/2024,Mansoura,TB02,1,13835.0,0.0,installments,C0600
ORD-004799,10/10/2024,Smouha,AU01,2,6641.0,0.0,Mobile Wallet,C0420
ORD-004791,10/10/2024,Nasr City,TV04,1,41642.0,0.0,Visa/Mastercard,C0255
ORD-004792,10/10/2024,Smouha,KA05,1,9731.0,0.05,installments,C1209
ORD-004788,10/10/2024,Nasr City,AX11,3,407.0,0.0,Valu/Installments,
ORD-004789,10/10/2024,Mansoura,AU02,2,8826.0,0.0,Valu/Installments,C1027
RET-000085,10/10/2024,Nasr City,AC06,-1,40464.0,0.0,Cash,C0660
ORD-004810,11/10/2024,Dokki,AU01,1,6354.0,0.0,Installments,C1588
ORD-004800,11/10/2024,Smouha,LP01,1,27660.0,0.0,CASH,C2302
ORD-004801,11/10/2024,Smouha,SP01,1,16291.0,0.0,Credit Card,C0919
ORD-004802,11/10/2024,6th of October,AX06,3,1138.0,0.0,Valu/Installments,C2299
ORD-004803,11/10/2024,6th of october,AU04,1,1418.0,0.0,Valu/Installments,
ORD-004804,11/10/2024,Mansoura,TV05,1,23726.0,0.0,installments,C1593
ORD-004805,11/10/2024,Heliopolis,KA08,1,,0.0,Valu/Installments,C0974
ORD-004807,11/10/2024,Heliopolis ,KA06,2,12659.0,0.0,cash,C1179
ORD-004808,11/10/2024,Miami,AX09,3,1845.0,0.0,Visa/Mastercard,C0193
ORD-004806,11/10/2024,6th of October,SP07,1,14885.0,0.0,credit card,C2093
ORD-004811,11/10/2024,Heliopolis,AX03,2,560.0,0.0,VF Cash,C1707
ORD-004812,11/10/2024,Mansoura,SP08,1,45173.0,0.0,installments,C1281
ORD-004813,11/10/2024,Miami,SP06,1,9893.0,0.0,mobile wallet,C2262
ORD-004814,11/10/2024,Miami,SP05,1,19418.0,0.0,cash,C0221
ORD-004815,11/10/2024,Nasr City,SP03,1,58384.0,0.0,Installments,C0054
ORD-004816,11/10/2024,6th of October,AX09,2,1880.0,0.0,Mobile Wallet,C1030
ORD-004809,11/10/2024,6th of October,SP03,1,56589.0,0.0,installments,C1563
ORD-004832,12/10/2024,Nasr City,KA01,2,4299.0,0.0,CASH,
ORD-004827,12/10/2024,Dokki,SP04,1,11487.0,0.0,Cash,C0793
ORD-004831,12/10/2024,Nasr City,AX06,1,1121.0,0.0,Installments,C0306
ORD-004830,12/10/2024,Miami,AX07,1,761.0,0.0,Mobile Wallet,C0727
ORD-004829,12/10/2024,Maadi,AU01,1,6427.0,0.05,Valu/Installments,C1839
ORD-004828,12/10/2024,6th of October,TB04,1,17589.0,0.0,Visa/Mastercard,C1205
ORD-004833,12/10/2024,Heliopolis,KA01,1,4259.0,0.0,Credit Card,C0766
ORD-004826,12/10/2024,Mansoura,SP01,1,16060.0,0.0,installments,C0805
ORD-004818,12/10/2024,Heliopolis,TV06,1,91292.0,0.0,CASH,C1815
ORD-004825,12/10/2024,Miami,SP05,1,19903.0,0.0,Visa/Mastercard,C2472
ORD-004824,12/10/2024,Maadi,AX10,1,444.0,0.0,CASH,C2239
ORD-004823,12/10/2024,Nasr City,AX12,4,883.0,0.0,CASH,C2411
ORD-004822,12/10/2024,Nasr City,SP08,1,45353.0,0.0,installments,
ORD-004821,12/10/2024,Maadi,AC01,1,34152.0,0.05,Installments,C1507
ORD-004820,12/10/2024,Heliopolis,SP08,1,44262.0,0.05,Valu/Installments,
ORD-004817,12/10/2024,Nasr City,SP01,1,16057.0,0.05,Mobile Wallet,C0832
ORD-004819,12/10/2024,Nasr City,AX01,1,926.0,0.0,VF Cash,C0924
ORD-004845,13/10/2024,6th of October,SP05,1,19493.0,0.0,credit card,C2393
ORD-004844,13/10/2024,Mansoura,TV01,1,31066.0,0.0,Visa/Mastercard,C0660
ORD-004843,13/10/2024,Heliopolis ,AX10,5,454.0,0.0,Installments,C0533
ORD-004842,13/10/2024,Miami,AX11,1,399.0,0.0,cash,C1083
ORD-004841,13/10/2024,Nasr City,LP01,1,29320.0,0.0,installments,C2280
ORD-004838,13/10/2024,Mansoura,AX10,3,453.0,0.0,CASH,C0167
ORD-004839,13/10/2024,Miami,KA07,2,18324.0,0.0,Credit Card,C1756
ORD-004837,13/10/2024,Nasr City,SP02,1,51703.0,0.0,Cash,C1546
ORD-004836,13/10/2024,6th of October,TB02,1,13528.0,0.0,CASH,C0489
ORD-004835,13/10/2024,Heliopolis,AX04,1,255.0,0.0,cash,C2105
ORD-004834,13/10/2024,Nasr City,TB02,1,13248.0,0.0,Visa/Mastercard,C0712
ORD-004840,13/10/2024,miami,AX10,4,448.0,0.0,Visa/Mastercard,C1144
ORD-004846,14/10/2024,Mansoura,AX02,4,356.0,0.0,Installments,C1045
ORD-004847,14/10/2024,Miami,KA04,2,24696.0,0.0,Valu/Installments,C0024
ORD-004848,14/10/2024,Miami,SP08,1,44089.0,0.0,Valu/Installments,C1354
ORD-004852,14/10/2024,Heliopolis,KA08,1,5478.0,0.0,Visa/Mastercard,
ORD-004853,14/10/2024,heliopolis,LP04,1,75879.0,0.0,Visa/Mastercard,C0164
ORD-004849,14/10/2024,6th of October,TV02,1,26812.0,0.0,credit card,C1911
ORD-004854,14/10/2024,Heliopolis,AC05,1,37598.0,0.0,Valu/Installments,
ORD-004855,14/10/2024,Smouha,AX10,2,454.0,0.0,Visa/Mastercard,C0630
ORD-004856,14/10/2024,Dokki,KA02,2,3525.0,0.0,CASH,C1322
ORD-004857,14/10/2024,Miami,AX06,3,1161.0,0.0,Visa/Mastercard,C2445
ORD-004858,14/10/2024,Mansoura,KA01,2,4096.0,0.05,Installments,C0209
ORD-004859,14/10/2024,Maadi,AU05,2,3114.0,0.0,mobile wallet,
ORD-004860,14/10/2024,Mansoura,AX09,1,1879.0,0.0,Installments,
ORD-004861,14/10/2024,Miami,AU05,1,3150.0,0.0,Installments,C1234
ORD-004851,14/10/2024,Maadi,AX12,1,887.0,0.0,VF Cash,
ORD-004850,14/10/2024,6th of October,AX03,3,565.0,0.0,Cash,C0635
ORD-004877,15/10/2024,mansoura,AX01,1,962.0,0.05,Cash,C2225
ORD-004879,15/10/2024,Miami,AU01,2,6602.0,0.0,CASH,C1653
ORD-004878,15/10/2024,6th of October,AX03,3,553.0,0.0,Installments,C2200
ORD-004876,15/10/2024,Miami,AU01,1,6672.0,0.0,Mobile Wallet,
ORD-004875,15/10/2024,Dokki,AX07,3,745.0,0.0,Visa/Mastercard,C1704
ORD-004874,15/10/2024,6th of October,SP01,1,16096.0,0.0,Cash,C0653
ORD-004873,15/10/2024,Heliopolis,AX10,1,456.0,0.0,cash,C2070
ORD-004872,15/10/2024,6th of October,SP03,1,57454.0,0.0,Valu/Installments,C0280
ORD-004871,15/10/2024,6th of October,TV05,1,23420.0,0.0,CASH,C2133
ORD-004870,15/10/2024,Heliopolis,TV05,1,24048.0,0.0,Installments,C0754
ORD-004869,15/10/2024,Maadi,KA05,1,9723.0,0.0,CASH,C0901
ORD-004868,15/10/2024,Nasr City,AX11,1,408.0,0.0,CASH,C2153
ORD-004867,15/10/2024,Maadi,SP05,1,19233.0,0.0,Credit Card,C1302
ORD-004866,15/10/2024,Mansoura,TV02,1,26009.0,0.0,credit card,C0299
ORD-004865,15/10/2024,Heliopolis,AX03,5,557.0,0.0,cash,C1467
ORD-004864,15/10/2024,Miami,AX05,2,2417.0,0.0,CASH,C2254
ORD-004863,15/10/2024,Mansoura,LP05,1,35841.0,0.0,Credit Card,C2346
ORD-004862,15/10/2024,Nasr City,LP03,1,31558.0,0.0,Visa/Mastercard,C2010
ORD-004880,15/10/2024,Mansoura,LP02,1,40850.0,0.0,Installments,C0377
ORD-004881,15/10/2024,Mansoura,AC05,1,37786.0,0.0,Mobile Wallet,C1432
ORD-004882,15/10/2024,Miami,TV05,1,24270.0,0.0,Installments,C0907
ORD-004883,16/10/2024,Maadi,AX01,5,978.0,0.0,Visa/Mastercard,
RET-000104,16/10/2024,Heliopolis,AX02,-5,359.0,0.0,Credit Card,
ORD-004899,16/10/2024,HELIOPOLIS,KA03,2,6934.0,0.0,credit card,C0985
ORD-004898,16/10/2024,Dokki,AX06,2,1151.0,0.0,cash,C1826
ORD-004896,16/10/2024,Smouha,SP06,1,9891.0,0.0,Visa/Mastercard,C0470
ORD-004895,16/10/2024,6th of October,AX10,5,441.0,0.05,Valu/Installments,C0037
ORD-004894,16/10/2024,MAADI,SP02,1,53466.0,0.0,credit card,C2300
ORD-004893,16/10/2024,Mansoura,TV06,1,87860.0,0.0,Installments,C1946
ORD-004892,16/10/2024,Nasr City,AX05,3,2433.0,0.0,Visa/Mastercard,C2173
ORD-004897,16/10/2024,Nasr City,TV01,1,32380.0,0.0,Visa/Mastercard,C1418
ORD-004890,16/10/2024,6th of October,TV02,1,25928.0,0.0,mobile wallet,
ORD-004889,16/10/2024,Miami,KA02,1,3509.0,0.0,Credit Card,C1203
ORD-004888,16/10/2024,Maadi,AC06,1,40382.0,0.0,Mobile Wallet,C1478
ORD-004887,16/10/2024,Maadi,AX04,1,249.0,0.0,Credit Card,C1357
ORD-004886,16/10/2024,Heliopolis,AX02,5,359.0,0.0,Credit Card,
ORD-004885,16/10/2024,Mansoura,AX11,4,411.0,0.0,Credit Card,C1360
ORD-004884,16/10/2024,Smouha ,AX02,4,345.0,0.0,installments,C0874
ORD-004891,16/10/2024,Nasr City,AC01,1,33863.0,0.0,installments,C0895
ORD-004912,17/10/2024,Nasr City,TV04,1,42165.0,0.0,Credit Card,C1536
ORD-004911,17/10/2024,Heliopolis,AX07,4,738.0,0.0,Mobile Wallet,C2118
ORD-004910,17/10/2024,Dokki,KA07,1,18754.0,0.0,installments,C0102
ORD-004909,17/10/2024,Dokki,AX01,4,925.0,0.0,Valu/Installments,C1159
ORD-004908,17/10/2024,Nasr City,KA03,1,6871.0,0.05,cash,C2213
ORD-004901,17/10/2024,Smouha,SP07,1,14614.0,0.0,cash,C0164
ORD-004906,17/10/2024,Heliopolis,TB01,1,25024.0,0.0,cash,C1581
ORD-004905,17/10/2024,Miami,AX04,4,250.0,0.0,mobile wallet,C0465
ORD-004900,17/10/2024,Nasr City,AX03,5,558.0,0.0,mobile wallet,C0999
ORD-004904,17/10/2024,Nasr City,TV03,1,14815.0,0.0,CASH,C1563
ORD-004903,17/10/2024,Smouha,AU01,1,6676.0,0.0,Cash,
ORD-004907,17/10/2024,6th of October,AU05,1,3157.0,0.0,VF Cash,C1051
ORD-004902,17/10/2024,Mansoura,SP08,1,45337.0,0.0,Valu/Installments,C1315
ORD-004930,18/10/2024,Mansoura,AX11,2,402.0,0.0,cash,C0874
ORD-004926,18/10/2024,Maadi,SP07,1,14870.0,0.0,CASH,C2185
ORD-004933,18/10/2024,Nasr City,AU02,2,8980.0,0.0,installments,C0843
ORD-004932,18/10/2024,Smouha,SP04,1,11317.0,0.0,cash,C0426
ORD-004931,18/10/2024,Dokki,AX06,1,1153.0,0.0,Mobile Wallet,C1738
ORD-004929,18/10/2024,Mansoura,AC05,1,38530.0,0.0,Visa/Mastercard,C0864
ORD-004928,18/10/2024,Nasr City,AX06,2,1116.0,0.0,Visa/Mastercard,C0269
ORD-004927,18/10/2024,Mansoura,AX01,5,945.0,0.05,Mobile Wallet,C0031
ORD-004925,18/10/2024,Nasr City,SP05,1,19899.0,0.05,cash,C2204
ORD-004924,18/10/2024,Mansoura,SP07,1,,0.0,credit card,C0686
ORD-004922,18/10/2024,Miami,AX09,4,1808.0,0.0,Cash,C0338
ORD-004923,18/10/2024,Heliopolis,KA05,1,9711.0,0.0,CASH,C0394
ORD-004920,18/10/2024,Dokki,KA07,2,19047.0,0.0,Valu/Installments,C1313
ORD-004919,18/10/2024,Smouha,KA01,1,4198.0,0.0,Mobile Wallet,C0789
ORD-004918,18/10/2024,Maadi ,AX10,5,449.0,0.0,installments,C1215
ORD-004917,18/10/2024,dokki,AX11,1,403.0,0.0,cash,C0180
ORD-004916,18/10/2024,mansoura,AU04,2,1427.0,0.0,Visa/Mastercard,C1994
ORD-004915,18/10/2024,Nasr City,AX10,5,440.0,0.0,cash,C1826
ORD-004914,18/10/2024,Smouha,AX04,1,245.0,0.0,Cash,C2084
ORD-004913,18/10/2024,6th of October,KA05,1,9910.0,0.0,Cash,C2107
ORD-004921,18/10/2024,Mansoura,KA03,1,6641.0,0.0,cash,C2105
ORD-004954,19/10/2024,Nasr City,SP06,1,10085.0,0.0,Cash,C1590
RET-000061,19/10/2024,Mansoura,KA03,-1,6848.0,0.0,Visa/Mastercard,C1359
ORD-004946,19/10/2024,Miami,AX11,4,409.0,0.0,Credit Card,
ORD-004955,19/10/2024,HELIOPOLIS,SP05,1,19008.0,0.0,Credit Card,C1848
ORD-004953,19/10/2024,NASR CITY,SP07,1,14651.0,0.0,CASH,C1670
ORD-004940,19/10/2024,Mansoura,KA03,1,6848.0,0.0,Visa/Mastercard,C1359
ORD-004951,19/10/2024,heliopolis,LP02,1,42310.0,0.0,installments,C0933
ORD-004950,19/10/2024,Mansoura,AX12,4,893.0,0.0,CASH,C2356
ORD-004945,19/10/2024,Nasr City,AX01,1,932.0,0.0,Mobile Wallet,C0730
ORD-004949,19/10/2024,Miami,KA05,1,9874.0,0.0,Valu/Installments,C0289
ORD-004952,19/10/2024,Maadi,AX07,5,,0.0,installments,C1060
ORD-004944,19/10/2024,Heliopolis,AU04,1,1481.0,0.05,Valu/Installments,C0223
ORD-004947,19/10/2024,Nasr City,KA01,1,4247.0,0.0,credit card,C1032
RET-000011,19/10/2024,Mansoura,AU03,-2,13368.0,0.0,Valu/Installments,C1881
ORD-004934,19/10/2024,Heliopolis,AC03,1,25666.0,0.0,Mobile Wallet,C2203
ORD-004935,19/10/2024,Maadi,AC02,1,45781.0,0.0,Valu/Installments,C1783
ORD-004936,19/10/2024,Heliopolis,AU02,1,8820.0,0.0,Credit Card,C0296
ORD-004937,19/10/2024,Mansoura,AX05,4,2500.0,0.0,cash,C0630
ORD-004938,19/10/2024,Nasr City,KA03,2,6936.0,0.0,Mobile Wallet,C0098
ORD-004939,19/10/2024,Mansoura,AU03,2,13368.0,0.0,Valu/Installments,C1881
ORD-004948,19/10/2024,Dokki,AX08,2,1374.0,0.0,credit card,C2286
ORD-004942,19/10/2024,Nasr City,SP07,1,14702.0,0.0,credit card,C0359
ORD-004941,19/10/2024,Dokki,AU02,1,8876.0,0.0,cash,C0156
ORD-004943,19/10/2024,Smouha,LP01,1,28350.0,0.0,credit card,C0301
ORD-004969,20/10/2024,Miami,SP08,1,46007.0,0.0,Installments,C0298
ORD-004956,20/10/2024,Nasr City,AU03,1,13150.0,0.0,Mobile Wallet,C1657
ORD-004958,20/10/2024,Maadi,AX10,3,455.0,0.0,mobile wallet,C1296
ORD-004960,20/10/2024,Dokki,AX11,1,407.0,0.0,cash,
ORD-004961,20/10/2024,Mansoura,TV03,1,14668.0,0.0,credit card,C0070
ORD-004962,20/10/2024,Maadi,TV02,1,27192.0,0.0,VF Cash,C1596
ORD-004963,20/10/2024,Mansoura,AX04,2,246.0,0.0,Visa/Mastercard,C0485
ORD-004964,20/10/2024,Maadi,AX08,4,1343.0,0.0,VF Cash,C2191
ORD-004965,20/10/2024,Nasr City,TV05,1,23335.0,0.0,Installments,C0025
ORD-004966,20/10/2024,Dokki,AU05,1,3273.0,0.0,CASH,C0260
ORD-004967,20/10/2024,Mansoura,AX03,2,561.0,0.05,cash,C2399
ORD-004968,20/10/2024,NASR CITY,SP07,1,14247.0,0.0,Cash,C0187
ORD-004959,20/10/2024,Dokki,SP03,1,56438.0,0.0,Credit Card,
ORD-004957,20/10/2024,Heliopolis,KA06,1,12378.0,0.0,Installments,C1774
ORD-004974,21/10/2024,Maadi,AX07,1,753.0,0.05,Visa/Mastercard,C1235
ORD-004987,21/10/2024,Heliopolis,SP04,1,11744.0,0.0,Cash,C0559
ORD-004991,21/10/2024,Mansoura,AX10,2,440.0,0.0,Valu/Installments,C1209
ORD-004990,21/10/2024,Miami,KA01,2,4294.0,0.0,CASH,C2236
ORD-004989,21/10/2024,Dokki,TV03,1,14815.0,0.0,Cash,C1602
ORD-004988,21/10/2024,Mansoura,AX05,3,2446.0,0.0,mobile wallet,
ORD-004986,21/10/2024,6th of october,AX11,5,395.0,0.0,CASH,C0901
ORD-004985,21/10/2024,Heliopolis,SP06,1,9740.0,0.0,VF Cash,C2186
ORD-004984,21/10/2024,Maadi ,LP02,1,40963.0,0.0,Credit Card,C0641
ORD-004982,21/10/2024,Smouha,AX08,4,1381.0,0.0,Visa/Mastercard,C0127
ORD-004981,21/10/2024,Smouha,KA01,1,4322.0,0.0,cash,C1619
ORD-004983,21/10/2024,Nasr City,AX07,1,737.0,0.0,Installments,C1942
ORD-004979,21/10/2024,Dokki,AX09,4,1898.0,0.0,credit card,C1793
ORD-004978,21/10/2024,Smouha,AC04,1,59623.0,0.0,Visa/Mastercard,C1154
ORD-004977,21/10/2024,6th of October,AX08,5,1324.0,0.0,CASH,C0355
ORD-004976,21/10/2024,Dokki,AX06,5,1167.0,0.0,Cash,C2485
ORD-004975,21/10/2024,Mansoura,AU01,1,6410.0,0.0,Cash,
ORD-004973,21/10/2024,Nasr City,SP01,1,16240.0,0.05,cash,C1188
ORD-004972,21/10/2024,6th of October,TB02,1,13664.0,0.0,CASH,C0435
ORD-004971,21/10/2024,Nasr City,AX01,3,939.0,0.05,Mobile Wallet,C2060
ORD-004970,21/10/2024,Dokki,KA03,2,,0.0,CASH,C1466
ORD-004980,21/10/2024,Miami,SP02,1,51246.0,0.0,Installments,C1563
ORD-004998,22/10/2024,Dokki,AX07,4,750.0,0.0,Visa/Mastercard,C0580
ORD-005003,22/10/2024,Miami,AC02,1,47481.0,0.0,installments,C2444
ORD-005004,22/10/2024,Mansoura,TV04,1,40521.0,0.0,Valu/Installments,C1615
ORD-005000,22/10/2024,Dokki,KA02,2,3518.0,0.0,Visa/Mastercard,C0172
ORD-004999,22/10/2024,Nasr City,AX02,1,355.0,0.0,Credit Card,C0505
ORD-004997,22/10/2024,Miami,AX05,1,2461.0,0.0,cash,C2274
RET-000067,22/10/2024,Miami,AC02,-1,47481.0,0.0,installments,C2444
ORD-004995,22/10/2024,Nasr City,LP02,1,42567.0,0.0,Cash,C0046
ORD-004994,22/10/2024,Heliopolis,SP07,1,14426.0,0.0,cash,C1529
ORD-004993,22/10/2024,Miami,KA08,1,5391.0,0.0,Installments,C1221
ORD-004992,22/10/2024,6th of October,SP03,1,59477.0,0.0,credit card,C0591
ORD-005001,22/10/2024,Maadi,AX11,3,409.0,0.0,CASH,C0021
ORD-004996,22/10/2024,6th of October,AU05,2,3230.0,0.0,cash,C2268
ORD-005002,22/10/2024,Nasr City,KA08,1,5341.0,0.05,Valu/Installments,C2346
ORD-005015,23/10/2024,smouha,AX04,1,244.0,0.05,CASH,C0584
ORD-005005,23/10/2024,Nasr City,SP05,1,20022.0,0.0,Credit Card,
ORD-005019,23/10/2024,Mansoura,TV03,1,14281.0,0.0,Valu/Installments,C1036
ORD-005018,23/10/2024,Maadi,AU02,2,8848.0,0.0,Credit Card,C0905
ORD-005017,23/10/2024,Heliopolis ,AU04,2,1464.0,0.0,Credit Card,C0754
ORD-005016,23/10/2024,Nasr City,TV04,1,40249.0,0.0,Installments,C0660
ORD-005014,23/10/2024,Smouha ,KA08,2,5438.0,0.0,CASH,C2100
ORD-005013,23/10/2024,Nasr City,AC06,1,41437.0,0.0,Installments,C1691
ORD-005006,23/10/2024,6th of October,SP06,1,10027.0,0.0,Visa/Mastercard,C2201
ORD-005011,23/10/2024,Heliopolis,LP01,1,28138.0,0.0,Visa/Mastercard,C1409
ORD-005012,23/10/2024,Nasr City,AX06,2,1150.0,0.0,Mobile Wallet,C0868
ORD-005010,23/10/2024,Maadi,AU04,2,1475.0,0.0,mobile wallet,C0861
ORD-005009,23/10/2024,Nasr City,AX12,4,874.0,0.0,credit card,C1249
ORD-005008,23/10/2024,Maadi,AX12,2,878.0,0.0,Credit Card,C0349
ORD-005007,23/10/2024,Heliopolis,TV01,1,32153.0,0.0,installments,C2243
ORD-005034,24/10/2024,Mansoura,KA03,1,6627.0,0.0,Installments,C2379
ORD-005033,24/10/2024,Nasr City,SP06,0,9978.0,0.0,Credit Card,C0809
ORD-005032,24/10/2024,Dokki,AX07,4,751.0,0.05,installments,C0403
ORD-005031,24/10/2024,Dokki,AU02,1,8940.0,0.0,Mobile Wallet,C1027
ORD-005030,24/10/2024,Smouha,AU04,2,1454.0,0.0,Visa/Mastercard,C0276
ORD-005028,24/10/2024,Heliopolis ,AX12,5,882.0,0.0,Visa/Mastercard,C0300
ORD-005027,24/10/2024,Nasr City,AX08,1,1347.0,0.0,Credit Card,C2252
ORD-005029,24/10/2024,6th of October,AX10,2,452.0,0.0,Cash,C1191
ORD-005025,24/10/2024,NASR CITY,SP06,1,9572.0,0.05,cash,C2249
ORD-005024,24/10/2024,6th of October,TV04,1,40550.0,0.0,Credit Card,C0223
ORD-005023,24/10/2024,Maadi,AX04,3,253.0,0.0,installments,C2324
ORD-005022,24/10/2024,Nasr City,AX11,2,406.0,0.0,Cash,C0743
ORD-005021,24/10/2024,6th of October,SP08,1,46347.0,0.0,credit card,C0470
ORD-005020,24/10/2024,Smouha,LP02,1,41185.0,0.0,installments,C0796
ORD-005026,24/10/2024,Nasr City,AU04,1,1416.0,0.0,Credit Card,C1890
ORD-005047,25/10/2024,Maadi,TB01,1,24278.0,0.0,Installments,C1846
ORD-005048,25/10/2024,Mansoura,LP03,1,30742.0,0.0,installments,C1345
ORD-005049,25/10/2024,SMOUHA,KA01,1,4253.0,0.0,CASH,C1253
ORD-005050,25/10/2024,Dokki,AU02,2,9064.0,0.0,Visa/Mastercard,C2393
ORD-005054,25/10/2024,Nasr City,TV01,1,31811.0,0.0,Valu/Installments,C2322
ORD-005053,25/10/2024,Nasr City,TB03,1,9264.0,0.0,Credit Card,C2317
RET-000026,25/10/2024,Miami,AX07,-3,753.0,0.0,Cash,C1991
ORD-005046,25/10/2024,Miami,AX07,3,753.0,0.0,Cash,C1991
ORD-005052,25/10/2024,Nasr City,KA04,1,24107.0,0.0,mobile wallet,
ORD-005045,25/10/2024,NASR CITY,SP02,1,52069.0,0.0,Visa/Mastercard,C1302
ORD-005055,25/10/2024,Smouha,LP02,1,41539.0,0.0,Credit Card,C1493
ORD-005043,25/10/2024,Mansoura,LP05,1,36238.0,0.0,VF Cash,C0286
ORD-005044,25/10/2024,Maadi,AX02,2,349.0,0.0,Cash,C0793
ORD-005035,25/10/2024,Smouha,SP05,1,,0.0,CASH,
ORD-005036,25/10/2024,Maadi,AX11,4,412.0,0.0,Cash,C1996
ORD-005037,25/10/2024,Dokki,TB04,1,17744.0,0.0,Credit Card,C1356
ORD-005038,25/10/2024,Heliopolis,AX11,2,396.0,0.0,CASH,C1463
ORD-005051,25/10/2024,Smouha,TV03,1,14387.0,0.0,Mobile Wallet,C0625
ORD-005039,25/10/2024,heliopolis,AX12,1,897.0,0.0,credit card,C0526
ORD-005040,25/10/2024,Maadi,LP06,1,21368.0,0.0,Valu/Installments,C0961
ORD-005041,25/10/2024,Nasr City,TB04,1,17021.0,0.0,CASH,C0410
ORD-005042,25/10/2024,Maadi,SP04,1,11515.0,0.0,VF Cash,C1168
ORD-005075,26/10/2024,Heliopolis,AU02,1,8835.0,0.0,installments,C1470
ORD-005073,26/10/2024,Miami,SP04,1,11843.0,0.0,installments,C1896
ORD-005072,26/10/2024,Mansoura,SP05,1,19615.0,0.0,CASH,C1966
ORD-005071,26/10/2024,Nasr City,AX08,2,1382.0,0.0,CASH,C1359
ORD-005069,26/10/2024,Dokki,LP06,1,21494.0,0.0,Visa/Mastercard,C1473
ORD-005068,26/10/2024,Dokki,SP02,1,52826.0,0.0,Mobile Wallet,
ORD-005067,26/10/2024,Dokki,AX02,1,346.0,0.0,VF Cash,
ORD-005066,26/10/2024,Dokki,AU03,1,13642.0,0.0,CASH,
ORD-005065,26/10/2024,Miami,TV06,1,88286.0,0.0,mobile wallet,C1134
ORD-005074,26/10/2024,6th of October,LP04,1,76536.0,0.0,installments,C1825
ORD-005063,26/10/2024,Maadi,KA05,1,9646.0,0.0,mobile wallet,
ORD-005064,26/10/2024,Mansoura,AX07,4,757.0,0.0,cash,C1787
ORD-005056,26/10/2024,Mansoura,AX01,5,924.0,0.0,Credit Card,C1296
ORD-005057,26/10/2024,Heliopolis,SP06,1,9798.0,0.0,mobile wallet,C1755
ORD-005058,26/10/2024,Smouha,AU03,1,13775.0,0.0,installments,C0691
ORD-005070,26/10/2024,Dokki,KA08,2,5264.0,0.0,Cash,C0551
ORD-005059,26/10/2024,Heliopolis,TB02,1,13218.0,0.05,cash,C0020
ORD-005060,26/10/2024,6th of October,AC01,1,33233.0,0.0,Valu/Installments,C1283
ORD-005061,26/10/2024,MIAMI,TV05,1,23578.0,0.0,cash,C1009
ORD-005062,26/10/2024,Maadi,TV02,1,27047.0,0.0,installments,C0908
ORD-005090,27/10/2024,Miami,TV02,1,26276.0,0.0,VF Cash,C0309
ORD-005089,27/10/2024,Dokki,AU02,2,8701.0,0.0,mobile wallet,C0314
ORD-005088,27/10/2024,Maadi,AU03,2,13545.0,0.0,installments,C1079
ORD-005087,27/10/2024,Smouha,SP01,1,16299.0,0.0,Credit Card,C0805
ORD-005086,27/10/2024,Maadi,SP07,1,14930.0,0.0,Visa/Mastercard,C2207
ORD-005085,27/10/2024,Nasr City,KA03,1,6815.0,0.0,Credit Card,C0574
ORD-005084,27/10/2024,Nasr City,AX05,1,2426.0,0.0,Credit Card,C1150
ORD-005083,27/10/2024,Mansoura,SP03,1,,0.0,installments,C0336
ORD-005081,27/10/2024,Heliopolis,AU03,2,13386.0,0.0,Installments,C0720
ORD-005079,27/10/2024,Nasr City,AU02,1,8635.0,0.0,installments,C2260
ORD-005078,27/10/2024,Nasr City,SP08,1,46344.0,0.0,Cash,
ORD-005077,27/10/2024,Smouha,AX07,2,752.0,0.0,Cash,C1995
ORD-005076,27/10/2024,Maadi,SP02,1,52893.0,0.0,Installments,C1252
ORD-005082,27/10/2024,Nasr City,SP03,1,56335.0,0.0,Mobile Wallet,C2485
ORD-005080,27/10/2024,Mansoura,TB02,1,13768.0,0.0,mobile wallet,C0446
ORD-005095,28/10/2024,Heliopolis,AX10,5,457.0,0.0,Visa/Mastercard,C2372
ORD-005096,28/10/2024,Nasr City,AX05,2,2378.0,0.0,VF Cash,C1660
ORD-005094,28/10/2024,Nasr City,LP04,1,80118.0,0.0,Cash,C2384
ORD-005091,28/10/2024,Miami,AX12,1,881.0,0.0,cash,C0077
ORD-005092,28/10/2024,Nasr City ,AX01,4,942.0,0.0,Mobile Wallet,C2078
ORD-005093,28/10/2024,Heliopolis,KA03,2,6741.0,0.0,Cash,C0128
ORD-005097,28/10/2024,Mansoura,SP04,1,11597.0,0.0,CASH,C2417
ORD-005102,28/10/2024,Nasr City,TV05,1,24623.0,0.0,installments,C2227
ORD-005103,28/10/2024,Nasr City,AU02,1,9022.0,0.0,Mobile Wallet,C2211
ORD-005107,28/10/2024,6th of October,AU01,2,6404.0,0.0,Visa/Mastercard,C1608
ORD-005106,28/10/2024,Dokki,LP04,1,77794.0,0.0,Cash,C1499
ORD-005105,28/10/2024,Mansoura,AX02,5,355.0,0.0,mobile wallet,C0609
ORD-005098,28/10/2024,6th of October,KA02,2,3562.0,0.0,credit card,C0872
ORD-005101,28/10/2024,Dokki,KA01,1,4172.0,0.0,Cash,C1068
ORD-005100,28/10/2024,Maadi,AX03,1,535.0,0.0,installments,C2260
ORD-005104,28/10/2024,Nasr City,LP02,1,42454.0,0.0,cash,C1934
ORD-005099,28/10/2024,Smouha,AX09,2,1855.0,0.0,cash,C0151
ORD-005119,29/10/2024,Miami,AU02,2,8668.0,0.0,cash,C2057
ORD-005117,29/10/2024,Maadi,SP03,1,59417.0,0.0,installments,C1626
ORD-005116,29/10/2024,Miami,AX03,1,546.0,0.0,Credit Card,C0371
ORD-005115,29/10/2024,Mansoura,TV01,1,32342.0,0.0,installments,C2091
ORD-005118,29/10/2024,Dokki,AX03,3,546.0,0.0,Cash,C1491
ORD-005113,29/10/2024,Miami,AU03,1,13360.0,0.0,Cash,C1904
ORD-005112,29/10/2024,Smouha,AX09,5,1905.0,0.0,Cash,C0549
ORD-005111,29/10/2024,Maadi,TB01,1,23806.0,0.0,installments,C1192
ORD-005110,29/10/2024,Mansoura,AX09,4,1859.0,0.05,Valu/Installments,
ORD-005109,29/10/2024,6th of October,KA08,1,5561.0,0.05,cash,C2416
ORD-005108,29/10/2024,Smouha,TV05,1,23620.0,0.0,Credit Card,C0915
ORD-005114,29/10/2024,Mansoura,LP06,1,21441.0,0.0,installments,C2053
ORD-005132,30/10/2024,Heliopolis,LP02,1,43206.0,0.0,Valu/Installments,C1981
ORD-005139,30/10/2024,Heliopolis ,SP06,1,10058.0,0.0,CASH,C1083
ORD-005138,30/10/2024,Smouha,KA03,1,6995.0,0.0,cash,C0258
ORD-005137,30/10/2024,Maadi,TB01,1,24556.0,0.0,credit card,C0950
ORD-005136,30/10/2024,Heliopolis,AX01,2,978.0,0.0,cash,C1998
ORD-005135,30/10/2024,Heliopolis,AX09,2,1878.0,0.0,Valu/Installments,C0897
ORD-005134,30/10/2024,Mansoura,AX01,5,938.0,0.0,cash,C0166
ORD-005133,30/10/2024,Heliopolis,AX06,2,1149.0,0.05,Cash,C1470
ORD-005131,30/10/2024,Nasr City,AX10,2,443.0,0.0,installments,C0599
ORD-005124,30/10/2024,Mansoura,AX02,4,358.0,0.0,Visa/Mastercard,C2106
ORD-005129,30/10/2024,Dokki,LP02,1,42016.0,0.0,cash,C2320
ORD-005128,30/10/2024,Dokki,AX10,2,453.0,0.0,Visa/Mastercard,C0734
ORD-005127,30/10/2024,Mansoura,KA06,1,12267.0,0.0,CASH,C0653
ORD-005126,30/10/2024,Nasr City,SP03,1,,0.0,Cash,C1828
ORD-005125,30/10/2024,Maadi,LP03,1,31786.0,0.0,Installments,C0575
ORD-005123,30/10/2024,Miami,AX03,2,564.0,0.0,Visa/Mastercard,C0680
ORD-005122,30/10/2024,Maadi,AX04,2,255.0,0.0,Cash,C0979
ORD-005120,30/10/2024,Dokki,AX09,1,1904.0,0.0,credit card,
ORD-005130,30/10/2024,Maadi ,KA07,1,18094.0,0.0,credit card,C2318
ORD-005121,30/10/2024,Maadi,AX07,1,742.0,0.0,cash,C0044
ORD-005140,31/10/2024,Smouha,KA04,1,24543.0,0.0,cash,C1514
ORD-005141,31/10/2024,Miami,AC02,1,46800.0,0.05,Mobile Wallet,C0959
ORD-005142,31/10/2024,Nasr City,AX02,1,342.0,0.0,mobile wallet,C0176
ORD-005144,31/10/2024,Smouha,AX09,4,1845.0,0.0,Credit Card,C2122
ORD-005145,31/10/2024,Mansoura,SP01,1,16216.0,0.05,CASH,C1480
ORD-005146,31/10/2024,Nasr City,AU05,1,3177.0,0.0,Installments,C1590
ORD-005147,31/10/2024,Miami,AC04,1,57271.0,0.0,installments,
ORD-005148,31/10/2024,Heliopolis,KA07,1,18819.0,0.0,Visa/Mastercard,C1924
ORD-005149,31/10/2024,Smouha,AX07,2,734.0,0.0,Installments,C1863
ORD-005150,31/10/2024,Smouha,AX11,1,392.0,0.0,installments,
ORD-005151,31/10/2024,Miami,SP01,1,16874.0,0.0,Cash,C0191
ORD-005152,31/10/2024,Nasr City,KA06,2,12626.0,0.0,credit card,C0164
ORD-005153,31/10/2024,Miami,LP06,1,21499.0,0.0,installments,C1328
ORD-005143,31/10/2024,Dokki,SP05,1,19240.0,0.0,credit card,C0847
ORD-005171,01/11/2024,Dokki,AX06,5,1139.0,0.0,Cash,C2116
ORD-005172,01/11/2024,Miami,AX02,3,358.0,0.0,Mobile Wallet,C1663
ORD-005173,01/11/2024,Nasr City,KA01,1,4156.0,0.0,Credit Card,C1446
ORD-005174,01/11/2024,Dokki,AX06,2,1121.0,0.0,VF Cash,C1414
ORD-005175,01/11/2024,Miami,AX02,4,345.0,0.0,Installments,C1995
ORD-005180,01/11/2024,Miami,TB01,1,25051.0,0.0,CASH,
ORD-005177,01/11/2024,heliopolis,AX10,1,461.0,0.0,VF Cash,C2475
ORD-005178,01/11/2024,6th of October,TB02,1,13613.0,0.0,CASH,C0028
ORD-005179,01/11/2024,Smouha,KA07,2,18854.0,0.0,Visa/Mastercard,C2056
ORD-005170,01/11/2024,Heliopolis,AX01,5,977.0,0.0,Cash,C0913
ORD-005181,01/11/2024,Heliopolis,SP05,1,19596.0,0.0,cash,C0570
ORD-005182,01/11/2024,Dokki,AX08,1,1352.0,0.0,Cash,C1802
ORD-005176,01/11/2024,Heliopolis,LP01,1,29004.0,0.0,credit card,C1975
ORD-005169,01/11/2024,Nasr City,AC03,1,26691.0,0.0,installments,C1542
ORD-005164,01/11/2024,Heliopolis,SP07,1,14716.0,0.0,Visa/Mastercard,C1497
ORD-005167,01/11/2024,Smouha,KA03,2,6988.0,0.0,Visa/Mastercard,C2117
ORD-005166,01/11/2024,NASR CITY,TB02,1,13223.0,0.0,VF Cash,C0319
ORD-005165,01/11/2024,Heliopolis,SP08,1,44123.0,0.0,credit card,C2408
ORD-005163,01/11/2024,Miami,SP02,1,52922.0,0.0,Installments,C1551
ORD-005162,01/11/2024,Dokki,AU02,1,8786.0,0.05,CASH,C1543
ORD-005161,01/11/2024,Maadi,AX02,1,359.0,0.0,Credit Card,C0713
ORD-005160,01/11/2024,Dokki,SP06,1,9987.0,0.0,Visa/Mastercard,C2336
ORD-005159,01/11/2024,Nasr City,LP05,1,36328.0,0.0,Valu/Installments,C2230
ORD-005158,01/11/2024,Dokki,LP04,1,76364.0,0.0,Visa/Mastercard,C2371
ORD-005157,01/11/2024,Heliopolis,SP04,1,11473.0,0.0,cash,C1079
ORD-005156,01/11/2024,Heliopolis,AX09,2,1900.0,0.0,Cash,C1121
ORD-005155,01/11/2024,Dokki,SP04,1,,0.0,Credit Card,C2136
ORD-005154,01/11/2024,Maadi,LP06,1,22487.0,0.0,VF Cash,C0423
ORD-005168,01/11/2024,Heliopolis,TV04,1,40018.0,0.0,Valu/Installments,C1031
ORD-005188,02/11/2024,Dokki,AX10,1,462.0,0.0,installments,C1151
ORD-005190,02/11/2024,Heliopolis,KA03,1,6990.0,0.0,Valu/Installments,C0616
ORD-005183,02/11/2024,Heliopolis,AU02,1,8978.0,0.0,installments,C0679
ORD-005184,02/11/2024,Dokki,AX06,2,1116.0,0.0,credit card,C0943
ORD-005185,02/11/2024,Miami ,AC05,1,38292.0,0.0,Installments,
ORD-005189,02/11/2024,Mansoura,TV03,1,14288.0,0.0,credit card,C0867
ORD-005186,02/11/2024,Dokki,AX11,4,405.0,0.0,Cash,C0316
ORD-005187,02/11/2024,Heliopolis,TV06,1,91292.0,0.0,mobile wallet,C2108
ORD-005209,02/11/2024,Nasr City,KA06,2,12683.0,0.0,Cash,C0177
ORD-005219,02/11/2024,Mansoura,TV06,1,90228.0,0.0,Valu/Installments,C0230
ORD-005218,02/11/2024,Dokki,AX09,1,1895.0,0.0,Credit Card,C0602
ORD-005217,02/11/2024,Dokki,AX01,1,955.0,0.0,Cash,C2345
ORD-005216,02/11/2024,Mansoura,AX09,1,1811.0,0.0,Mobile Wallet,C0161
ORD-005215,02/11/2024,Miami,AX01,5,962.0,0.0,credit card,C2100
ORD-005214,02/11/2024,Miami,SP06,1,9876.0,0.0,Mobile Wallet,C0552
ORD-005213,02/11/2024,Nasr City,SP03,1,56985.0,0.0,installments,C0660
ORD-005212,02/11/2024,Heliopolis,AX03,3,542.0,0.0,credit card,C2427
ORD-005211,02/11/2024,6th of October,AC05,1,37452.0,0.0,Visa/Mastercard,C2350
ORD-005210,02/11/2024,Miami,TB03,1,9539.0,0.0,Cash,C0524
ORD-005208,02/11/2024,Nasr City,AX10,3,457.0,0.0,Credit Card,C0999
ORD-005207,02/11/2024,Heliopolis,KA01,2,4176.0,0.0,Cash,C0092
ORD-005205,02/11/2024,Dokki,TV06,1,87070.0,0.0,Valu/Installments,C0661
ORD-005206,02/11/2024,Miami,AX10,2,449.0,0.0,Valu/Installments,C1684
ORD-005203,02/11/2024,Mansoura,AU03,1,13152.0,0.0,CASH,C0864
ORD-005191,02/11/2024,Smouha,SP01,1,16192.0,0.0,VF Cash,C0766
ORD-005192,02/11/2024,Nasr City,TB02,1,13419.0,0.0,credit card,C0645
ORD-005193,02/11/2024,Miami,LP01,1,29211.0,0.0,credit card,C1484
ORD-005194,02/11/2024,Mansoura,KA04,2,24706.0,0.0,Credit Card,C2466
ORD-005195,02/11/2024,Maadi,SP04,1,11793.0,0.0,cash,C0485
ORD-005196,02/11/2024,Heliopolis,TB04,1,,0.0,Valu/Installments,C0944
ORD-005204,02/11/2024,HELIOPOLIS,AU01,2,6532.0,0.0,installments,C2420
ORD-005197,02/11/2024,nasr city,SP06,1,9761.0,0.0,credit card,C1699
ORD-005199,02/11/2024,6th of October,SP01,1,16394.0,0.0,cash,C0465
ORD-005200,02/11/2024,Miami,AX11,1,396.0,0.0,Cash,C1973
ORD-005201,02/11/2024,Smouha,AX06,5,1118.0,0.0,Visa/Mastercard,C1962
ORD-005202,02/11/2024,Mansoura,LP03,1,30553.0,0.05,CASH,C1963
ORD-005198,02/11/2024,Nasr City,AU05,2,3158.0,0.0,CASH,C1353
ORD-005232,03/11/2024,Heliopolis,KA06,1,,0.0,CASH,C2485
ORD-005234,03/11/2024,6th of October,TV06,1,91556.0,0.0,VF Cash,C1973
ORD-005233,03/11/2024,Heliopolis,SP06,1,9563.0,0.0,Credit Card,C1931
ORD-005235,03/11/2024,Nasr City,AX05,5,2520.0,0.0,Valu/Installments,C0699
ORD-005229,03/11/2024,Dokki,AX04,5,250.0,0.0,Installments,C0352
ORD-005237,03/11/2024,Nasr City,SP02,1,51609.0,0.0,credit card,C1683
ORD-005238,03/11/2024,Mansoura,AX01,3,944.0,0.0,installments,C2462
ORD-005231,03/11/2024,Nasr City,AX02,1,350.0,0.0,Installments,C1840
ORD-005236,03/11/2024,Mansoura,AX03,3,559.0,0.0,Visa/Mastercard,C0899
ORD-005230,03/11/2024,Maadi,KA02,2,3544.0,0.0,cash,C0888
ORD-005221,03/11/2024,Heliopolis,AX12,3,923.0,0.0,CASH,C1058
ORD-005228,03/11/2024,Maadi,AX02,1,347.0,0.0,credit card,C1162
ORD-005227,03/11/2024,Maadi,TB03,1,9552.0,0.0,credit card,C0077
ORD-005226,03/11/2024,Smouha,AC02,1,45622.0,0.0,installments,C2309
ORD-005225,03/11/2024,Maadi,AC02,1,45501.0,0.0,Visa/Mastercard,C2455
ORD-005224,03/11/2024,Mansoura,LP02,1,40804.0,0.0,Installments,C1661
ORD-005223,03/11/2024,Smouha,AX11,4,400.0,0.0,Installments,C2117
ORD-005222,03/11/2024,Dokki,KA05,2,9596.0,0.05,CASH,C0738
ORD-005220,03/11/2024,Smouha,TB04,1,17873.0,0.0,installments,C0682
ORD-005254,04/11/2024,Smouha,SP02,1,50674.0,0.0,installments,C0542
ORD-005255,04/11/2024,6th of October,AC03,1,25670.0,0.05,Cash,C0445
ORD-005256,04/11/2024,Miami,AU04,2,1475.0,0.0,CASH,C0068
ORD-005257,04/11/2024,Smouha,AX04,5,247.0,0.0,Valu/Installments,C0829
ORD-005269,04/11/2024,Nasr City ,AC01,1,33913.0,0.0,Installments,
ORD-005268,04/11/2024,Miami,AX02,1,347.0,0.0,credit card,C2177
ORD-005264,04/11/2024,Nasr City,KA01,2,4166.0,0.0,Cash,C0727
ORD-005266,04/11/2024,Smouha,TV04,1,39972.0,0.05,CASH,C2457
ORD-005265,04/11/2024,Heliopolis,AX10,2,457.0,0.0,installments,C1950
ORD-005261,04/11/2024,Heliopolis,AX01,3,958.0,0.0,Credit Card,C0613
ORD-005263,04/11/2024,Maadi,AX02,1,342.0,0.0,Visa/Mastercard,C0395
ORD-005253,04/11/2024,Nasr City,AC01,1,33993.0,0.0,credit card,C1579
ORD-005258,04/11/2024,Mansoura,TV05,1,23803.0,0.0,Valu/Installments,C2142
ORD-005267,04/11/2024,6th of October,SP07,1,14653.0,0.0,cash,C0160
ORD-005252,04/11/2024,Nasr City,AX02,5,355.0,0.0,Visa/Mastercard,C1550
ORD-005262,04/11/2024,Miami,AX06,5,1152.0,0.0,Credit Card,C2481
ORD-005250,04/11/2024,Smouha,KA08,1,5371.0,0.05,mobile wallet,C0282
ORD-005249,04/11/2024,Dokki,KA02,1,3622.0,0.0,Credit Card,C2420
ORD-005248,04/11/2024,Miami,AX11,5,406.0,0.0,CASH,C2444
ORD-005247,04/11/2024,Mansoura,AX10,5,461.0,0.0,mobile wallet,C1858
ORD-005246,04/11/2024,Heliopolis,AX04,1,248.0,0.0,Credit Card,C1404
ORD-005245,04/11/2024,Nasr City,SP01,1,16095.0,0.0,CASH,C0687
ORD-005244,04/11/2024,Nasr City,TB01,1,25144.0,0.0,CASH,C1084
ORD-005243,04/11/2024,Nasr City,AX08,4,1324.0,0.0,credit card,C2093
ORD-005242,04/11/2024,Dokki,AU02,1,8787.0,0.0,VF Cash,C0745
ORD-005241,04/11/2024,Dokki,TB01,1,23907.0,0.0,Mobile Wallet,C2387
ORD-005240,04/11/2024,Nasr City,AU03,2,13782.0,0.05,cash,
ORD-005239,04/11/2024,Dokki,AX11,3,397.0,0.0,Mobile Wallet,C0585
RET-000060,04/11/2024,Nasr City,KA08,-1,5274.0,0.0,Valu/Installments,C2066
ORD-005260,04/11/2024,Heliopolis,AX07,2,734.0,0.0,Mobile Wallet,C1720
ORD-005251,04/11/2024,Miami,AX04,4,,0.0,Cash,C0942
ORD-005259,04/11/2024,Nasr City,KA08,1,5274.0,0.0,Valu/Installments,C2066
ORD-005283,05/11/2024,Maadi,AX05,3,2419.0,0.0,Cash,C1518
ORD-005270,05/11/2024,Maadi,LP02,1,41294.0,0.0,Installments,C2062
ORD-005282,05/11/2024,Nasr City,AU02,1,8895.0,0.0,CASH,C1724
ORD-005294,05/11/2024,Heliopolis,AX12,2,905.0,0.0,Mobile Wallet,C1743
ORD-005292,05/11/2024,Nasr City,AX08,3,1350.0,0.0,installments,C2360
ORD-005291,05/11/2024,Miami,AX06,2,1145.0,0.0,VF Cash,C2413
ORD-005290,05/11/2024,Maadi,AX10,4,448.0,0.0,cash,C1436
ORD-005289,05/11/2024,heliopolis,KA06,2,12468.0,0.0,Cash,C1562
ORD-005288,05/11/2024,Maadi,KA01,1,4236.0,0.0,VF Cash,C1975
ORD-005287,05/11/2024,Miami,SP06,1,9747.0,0.0,Valu/Installments,C0940
ORD-005286,05/11/2024,6th of October,SP02,1,51045.0,0.0,Valu/Installments,C1758
ORD-005285,05/11/2024,Dokki,AX11,4,399.0,0.0,cash,C2171
ORD-005293,05/11/2024,Nasr City,SP06,1,9628.0,0.0,VF Cash,C0401
ORD-005279,05/11/2024,Miami,TB04,1,17903.0,0.0,Credit Card,C1768
ORD-005271,05/11/2024,Miami,AX08,2,1384.0,0.0,Installments,C0482
ORD-005280,05/11/2024,Nasr City,AX07,4,768.0,0.0,Mobile Wallet,
ORD-005272,05/11/2024,Dokki,LP05,1,36454.0,0.0,Visa/Mastercard,C0382
ORD-005273,05/11/2024,Dokki,LP01,1,28497.0,0.0,credit card,C1976
ORD-005274,05/11/2024,Nasr City ,AU05,2,3251.0,0.0,VF Cash,
ORD-005281,05/11/2024,Miami,AX08,2,1324.0,0.0,CASH,C2139
ORD-005276,05/11/2024,Dokki,AC05,1,39225.0,0.0,Valu/Installments,C2472
ORD-005284,05/11/2024,Nasr City,AX09,3,1879.0,0.0,installments,C0178
ORD-005278,05/11/2024,DOKKI,SP05,1,19197.0,0.0,cash,C0005
ORD-005277,05/11/2024,nasr city,TV02,1,26654.0,0.0,mobile wallet,C2209
ORD-005275,05/11/2024,Miami,LP01,1,29247.0,0.0,installments,C0534
ORD-005311,06/11/2024,Smouha,TV01,1,32270.0,0.0,CASH,C2129
ORD-005310,06/11/2024,Heliopolis,SP06,1,9509.0,0.0,credit card,C0483
ORD-005309,06/11/2024,Smouha,AX08,2,1361.0,0.0,Mobile Wallet,C2141
ORD-005308,06/11/2024,Maadi ,KA04,1,24468.0,0.0,Installments,C2368
ORD-005307,06/11/2024,Miami,TB01,1,24659.0,0.0,installments,C0030
ORD-005306,06/11/2024,Heliopolis,AU02,0,9024.0,0.0,credit card,C0023
ORD-005305,06/11/2024,Maadi,KA01,1,4093.0,0.0,mobile wallet,C0775
ORD-005303,06/11/2024,Dokki,AX09,3,1815.0,0.0,Credit Card,C1674
ORD-005302,06/11/2024,Smouha,SP06,1,10068.0,0.0,CASH,C2228
ORD-005301,06/11/2024,6th of October,TB03,1,9782.0,0.0,Mobile Wallet,C2451
ORD-005300,06/11/2024,Maadi,AX12,2,881.0,0.0,Cash,C1161
ORD-005298,06/11/2024,Smouha,AU02,1,8692.0,0.0,cash,C0953
ORD-005297,06/11/2024,Nasr City,LP01,1,28463.0,0.0,installments,C1955
ORD-005296,06/11/2024,Nasr City,TV03,1,14822.0,0.0,Credit Card,C1043
ORD-005295,06/11/2024,Nasr City ,AC06,1,42648.0,0.0,Installments,C0549
ORD-005312,06/11/2024,Nasr City,AC01,1,33938.0,0.0,credit card,C0030
ORD-005304,06/11/2024,Miami,TV03,1,14698.0,0.0,Visa/Mastercard,C1056
ORD-005299,06/11/2024,Miami,AC01,1,33373.0,0.05,credit card,C0344
ORD-005318,06/11/2024,maadi,AX05,2,2446.0,0.0,Credit Card,C0437
ORD-005315,06/11/2024,Nasr City,AX02,5,351.0,0.0,CASH,C1294
ORD-005314,06/11/2024,Maadi,LP01,1,28666.0,0.0,mobile wallet,C0842
ORD-005322,06/11/2024,Nasr City,AU02,1,8869.0,0.05,credit card,C2398
ORD-005321,06/11/2024,Heliopolis,SP04,1,11326.0,0.0,mobile wallet,C1746
ORD-005313,06/11/2024,6TH OF OCTOBER,AU04,2,1489.0,0.05,CASH,C1537
ORD-005319,06/11/2024,Dokki,SP08,1,45619.0,0.0,installments,
ORD-005317,06/11/2024,Nasr City,KA01,2,4120.0,0.0,credit card,C1484
ORD-005316,06/11/2024,Mansoura,SP01,1,16495.0,0.0,Visa/Mastercard,C1675
ORD-005320,06/11/2024,Dokki,AX07,1,772.0,0.0,cash,C0634
RET-000080,07/11/2024,6th of October,AX11,-3,400.0,0.0,cash,C1628
ORD-005340,07/11/2024,6th of October,LP01,1,28428.0,0.0,installments,
ORD-005339,07/11/2024,Maadi,AU01,1,6372.0,0.0,cash,C0733
ORD-005338,07/11/2024,Heliopolis,TV03,1,14462.0,0.0,Visa/Mastercard,
ORD-005337,07/11/2024,Heliopolis,AX04,3,256.0,0.0,VF Cash,C1977
ORD-005336,07/11/2024,Nasr City,KA07,1,18730.0,0.0,credit card,C2284
ORD-005335,07/11/2024,MANSOURA,AU02,2,9019.0,0.0,Credit Card,C2262
ORD-005334,07/11/2024,Heliopolis,TV06,1,88545.0,0.05,Valu/Installments,C1693
ORD-005333,07/11/2024,Heliopolis,KA03,2,6700.0,0.0,mobile wallet,
RET-000063,07/11/2024,Heliopolis,TV03,-1,14462.0,0.0,Visa/Mastercard,
ORD-005331,07/11/2024,6th of October,AX11,3,400.0,0.0,cash,C1628
ORD-005330,07/11/2024,Maadi,AX07,5,770.0,0.0,Cash,
ORD-005328,07/11/2024,Smouha,AX07,3,764.0,0.0,Valu/Installments,C1498
ORD-005327,07/11/2024,Heliopolis,AU02,2,8807.0,0.0,Cash,C2313
ORD-005326,07/11/2024,Heliopolis,AX12,3,900.0,0.0,installments,C1735
ORD-005325,07/11/2024,Maadi,AX07,1,766.0,0.0,Visa/Mastercard,C2196
RET-000055,07/11/2024,Nasr City,AU03,-1,13130.0,0.0,Cash,C0835
ORD-005324,07/11/2024,Maadi,SP02,1,51388.0,0.0,credit card,C1071
ORD-005323,07/11/2024,Maadi,AX04,3,256.0,0.0,Cash,C1039
ORD-005332,07/11/2024,Nasr City,AU03,1,13130.0,0.0,Cash,C0835
ORD-005329,07/11/2024,Smouha,AU04,2,1434.0,0.0,Installments,C1129
ORD-005345,08/11/2024,6th of October,AU05,2,3269.0,0.0,Visa/Mastercard,C1040
ORD-005359,08/11/2024,Nasr City,AX01,4,945.0,0.0,Credit Card,C1641
ORD-005362,08/11/2024,Miami,KA08,2,5429.0,0.0,Cash,C0214
ORD-005361,08/11/2024,Nasr City,KA07,1,18829.0,0.0,Mobile Wallet,C2256
ORD-005360,08/11/2024,heliopolis,AU02,1,8833.0,0.0,Credit Card,C1387
ORD-005358,08/11/2024,Miami,AX07,3,745.0,0.0,Cash,C2083
ORD-005357,08/11/2024,Heliopolis,TV05,1,24587.0,0.0,Valu/Installments,C0879
ORD-005356,08/11/2024,Nasr City,AU02,2,8722.0,0.0,Visa/Mastercard,C0411
ORD-005355,08/11/2024,Dokki,AU05,1,3149.0,0.0,Mobile Wallet,
ORD-005353,08/11/2024,Nasr City,AX01,4,973.0,0.0,Mobile Wallet,C1830
ORD-005352,08/11/2024,Maadi,KA01,1,4097.0,0.0,mobile wallet,C0942
ORD-005354,08/11/2024,Heliopolis,AX11,5,411.0,0.0,cash,C0663
ORD-005350,08/11/2024,Smouha,KA03,2,6632.0,0.0,Visa/Mastercard,C0566
ORD-005341,08/11/2024,Maadi,TV06,1,87904.0,0.0,Installments,C1517
ORD-005342,08/11/2024,Heliopolis,AU03,1,,0.0,credit card,C2291
ORD-005351,08/11/2024,Maadi,AC04,1,59259.0,0.0,Valu/Installments,C0488
ORD-005344,08/11/2024,Heliopolis,KA02,1,3638.0,0.0,VF Cash,C1982
ORD-005343,08/11/2024,Smouha,AU05,2,3135.0,0.0,Cash,C2273
ORD-005347,08/11/2024,Heliopolis,AU01,2,6578.0,0.0,Cash,C2367
ORD-005348,08/11/2024,Smouha,KA07,1,18835.0,0.0,CASH,C1411
ORD-005349,08/11/2024,Dokki,TV06,1,87794.0,0.0,Visa/Mastercard,C1631
ORD-005346,08/11/2024,Smouha,AX11,5,399.0,0.0,Cash,C1257
ORD-005382,09/11/2024,Heliopolis,SP04,1,11239.0,0.0,installments,C1174
ORD-005387,09/11/2024,mansoura,AX04,3,253.0,0.0,credit card,
ORD-005383,09/11/2024,Smouha,TV02,1,26759.0,0.0,Installments,C2448
ORD-005384,09/11/2024,Dokki,LP06,1,22088.0,0.0,installments,C0236
ORD-005385,09/11/2024,Smouha,LP01,1,27792.0,0.0,VF Cash,C0718
ORD-005386,09/11/2024,Mansoura,AX07,1,765.0,0.0,credit card,C2025
ORD-005388,09/11/2024,Smouha,AX03,3,556.0,0.0,cash,C1799
ORD-005391,09/11/2024,Miami,AX04,2,254.0,0.0,Visa/Mastercard,C2123
ORD-005390,09/11/2024,Dokki,SP08,1,44334.0,0.0,CASH,C0827
ORD-005392,09/11/2024,Miami,AX10,3,459.0,0.0,VF Cash,C1172
ORD-005393,09/11/2024,Miami,AX04,2,251.0,0.0,Cash,
ORD-005394,09/11/2024,Dokki,TV02,1,26931.0,0.0,Credit Card,C0798
RET-000012,09/11/2024,6th of October,TV03,-1,14381.0,0.0,credit card,C1519
ORD-005381,09/11/2024,Mansoura,AX11,5,406.0,0.0,Credit Card,C2135
ORD-005389,09/11/2024,Maadi,SP01,1,16791.0,0.0,cash,C0044
ORD-005379,09/11/2024,6th of October,SP07,1,14894.0,0.0,Cash,C1575
ORD-005380,09/11/2024,6th of October,KA08,2,5443.0,0.0,Credit Card,C1642
ORD-005377,09/11/2024,Mansoura,SP06,1,9946.0,0.0,Installments,C2495
ORD-005378,09/11/2024,Miami,KA01,2,4145.0,0.0,credit card,C0155
ORD-005364,09/11/2024,Heliopolis,AX02,5,359.0,0.0,credit card,C1594
ORD-005366,09/11/2024,6th of October,AC03,1,26719.0,0.0,Valu/Installments,C0374
ORD-005367,09/11/2024,Nasr City,AX09,2,1884.0,0.0,Credit Card,C0596
ORD-005368,09/11/2024,Maadi,TV02,1,26456.0,0.05,Visa/Mastercard,C1932
ORD-005369,09/11/2024,Mansoura,SP04,1,11433.0,0.0,VF Cash,C2459
ORD-005370,09/11/2024,Maadi,KA01,2,4143.0,0.0,credit card,C1784
ORD-005365,09/11/2024,Mansoura,AX07,3,751.0,0.0,VF Cash,C0022
ORD-005372,09/11/2024,Heliopolis,AX10,4,440.0,0.0,Visa/Mastercard,C0263
ORD-005371,09/11/2024,Maadi,AU02,2,8882.0,0.0,installments,C0362
ORD-005376,09/11/2024,Maadi,AX01,2,978.0,0.0,Valu/Installments,C0328
ORD-005363,09/11/2024,Heliopolis,AX01,5,959.0,0.0,cash,C0659
ORD-005374,09/11/2024,mansoura,AX10,2,456.0,0.0,Credit Card,C0909
ORD-005373,09/11/2024,Heliopolis,AU02,1,8990.0,0.0,Visa/Mastercard,C1078
ORD-005375,09/11/2024,6th of October,TV03,1,14381.0,0.0,credit card,C1519
ORD-005407,10/11/2024,Mansoura,AU01,1,6440.0,0.0,Credit Card,C0645
ORD-005419,10/11/2024,Dokki,AC04,1,56973.0,0.0,Credit Card,C0282
ORD-005420,10/11/2024,Nasr City,AU04,1,1487.0,0.0,Mobile Wallet,C0370
ORD-005415,10/11/2024,Mansoura,TV01,1,32076.0,0.0,VF Cash,C2401
ORD-005413,10/11/2024,Smouha,KA08,2,5254.0,0.0,Visa/Mastercard,C1619
ORD-005416,10/11/2024,Mansoura,TB04,1,17629.0,0.0,cash,C0821
ORD-005412,10/11/2024,Miami,AX01,3,922.0,0.0,Visa/Mastercard,C1447
ORD-005411,10/11/2024,6th of October,TV06,1,86947.0,0.0,Installments,C1637
ORD-005410,10/11/2024,6th of October,TV04,1,40083.0,0.0,CASH,C1131
ORD-005409,10/11/2024,Smouha,TB01,1,24706.0,0.0,CASH,C0356
ORD-005408,10/11/2024,Smouha,AX06,5,1126.0,0.0,Cash,
ORD-005414,10/11/2024,Mansoura,SP01,1,16311.0,0.05,CASH,C1661
ORD-005400,10/11/2024,6th of October,SP05,1,19811.0,0.0,Valu/Installments,C0949
ORD-005405,10/11/2024,6th of October,TB01,1,24971.0,0.0,Valu/Installments,C0980
ORD-005404,10/11/2024,Dokki,TV06,1,86664.0,0.0,Valu/Installments,C1474
ORD-005403,10/11/2024,Mansoura,KA02,1,3682.0,0.0,Mobile Wallet,C0148
ORD-005402,10/11/2024,Smouha,AX09,2,1889.0,0.0,Installments,C0695
ORD-005401,10/11/2024,6th of October,KA06,1,12660.0,0.0,mobile wallet,
ORD-005399,10/11/2024,Smouha,AX03,1,561.0,0.0,Mobile Wallet,C2113
ORD-005398,10/11/2024,SMOUHA,AX09,2,1883.0,0.0,Credit Card,C2092
ORD-005397,10/11/2024,Miami,LP02,1,40764.0,0.0,Credit Card,C2456
ORD-005396,10/11/2024,Maadi,AU05,1,3281.0,0.0,Valu/Installments,C0138
ORD-005395,10/11/2024,Nasr City,KA03,2,6965.0,0.0,CASH,
ORD-005418,10/11/2024,6th of October,AX09,2,1849.0,0.0,installments,C0063
ORD-005406,10/11/2024,Smouha,AX03,4,566.0,0.0,CASH,C0002
ORD-005417,10/11/2024,Dokki,AX07,2,757.0,0.0,VF Cash,C2121
ORD-005438,11/11/2024,6th of October,KA02,1,3558.0,0.0,cash,C2074
ORD-005421,11/11/2024,Nasr City,KA03,2,6813.0,0.0,CASH,C2252
ORD-005439,11/11/2024,Dokki,LP01,1,28649.0,0.0,Mobile Wallet,C0437
ORD-005440,11/11/2024,Heliopolis,SP06,1,9760.0,0.0,Credit Card,
ORD-005441,11/11/2024,Maadi,AX01,5,976.0,0.0,installments,C2289
ORD-005442,11/11/2024,Dokki,LP05,1,35828.0,0.0,VF Cash,
ORD-005437,11/11/2024,Maadi,AX06,1,1164.0,0.0,Cash,C1668
ORD-005436,11/11/2024,Maadi,TV06,1,87459.0,0.0,Installments,C0717
ORD-005435,11/11/2024,Miami,SP06,1,9894.0,0.0,Credit Card,C1070
ORD-005434,11/11/2024,Mansoura,SP01,1,16431.0,0.0,Cash,C0020
ORD-005433,11/11/2024,Nasr City,AX06,1,1120.0,0.0,installments,C2355
ORD-005432,11/11/2024,Miami,TV03,1,14365.0,0.0,Mobile Wallet,C1655
RET-000024,11/11/2024,Dokki,AU05,-1,3228.0,0.0,CASH,C1424
ORD-005430,11/11/2024,Dokki,SP02,1,51169.0,0.0,installments,C0797
ORD-005429,11/11/2024,Heliopolis,KA03,2,6895.0,0.0,Installments,C2484
ORD-005428,11/11/2024,Heliopolis,KA06,2,12456.0,0.0,credit card,C0927
ORD-005427,11/11/2024,Maadi,AC06,1,42417.0,0.0,Valu/Installments,C1133
ORD-005422,11/11/2024,Dokki,AC06,1,40549.0,0.0,CASH,C1166
ORD-005423,11/11/2024,Smouha,AX05,1,2417.0,0.0,credit card,C2291
ORD-005424,11/11/2024,6th of October,TV04,1,42045.0,0.0,credit card,C2388
ORD-005425,11/11/2024,6th of October,AC03,1,26469.0,0.0,Valu/Installments,C1426
ORD-005431,11/11/2024,6th of October,SP08,1,44919.0,0.0,Credit Card,C1863
ORD-005426,11/11/2024,Dokki,AU05,1,3228.0,0.0,CASH,C1424
ORD-005457,12/11/2024,Nasr City,AX10,5,446.0,0.05,Visa/Mastercard,C1981
ORD-005458,12/11/2024,Miami,AC02,1,46882.0,0.0,Installments,C0997
ORD-005459,12/11/2024,MAADI,SP06,1,10044.0,0.0,Installments,C1392
ORD-005463,12/11/2024,Heliopolis,AX03,4,539.0,0.0,VF Cash,
ORD-005461,12/11/2024,Mansoura,AU02,2,8991.0,0.0,cash,C1888
ORD-005462,12/11/2024,Maadi,AX06,5,1129.0,0.0,Cash,C2404
ORD-005456,12/11/2024,Smouha,AX01,5,967.0,0.0,CASH,C2307
ORD-005464,12/11/2024,Maadi,KA05,1,9621.0,0.0,Installments,C0113
ORD-005460,12/11/2024,Mansoura,AX01,3,963.0,0.0,Credit Card,C1880
ORD-005455,12/11/2024,Nasr City,AC03,1,25866.0,0.0,Installments,C1545
ORD-005451,12/11/2024,Heliopolis,AX11,1,403.0,0.0,Credit Card,C2355
ORD-005453,12/11/2024,Smouha,SP08,1,45636.0,0.0,Visa/Mastercard,C1814
ORD-005452,12/11/2024,Maadi,SP07,1,14607.0,0.0,installments,C1025
ORD-005450,12/11/2024,Dokki,AU04,1,1416.0,0.0,CASH,C2204
ORD-005449,12/11/2024,Dokki,LP05,1,36557.0,0.0,Installments,C1056
ORD-005448,12/11/2024,6th of October,TV04,1,41578.0,0.0,credit card,C2103
ORD-005447,12/11/2024,Dokki,TB04,1,17700.0,0.0,mobile wallet,C0480
ORD-005446,12/11/2024,Nasr City,KA07,2,18821.0,0.0,Cash,C1393
ORD-005445,12/11/2024,Miami,AX05,5,2404.0,0.0,CASH,C1206
ORD-005444,12/11/2024,Maadi,AX02,4,349.0,0.0,credit card,C2061
ORD-005443,12/11/2024,Heliopolis,AX10,4,458.0,0.0,Valu/Installments,C0297
ORD-005454,12/11/2024,6th of October,AX03,3,540.0,0.0,Credit Card,
ORD-005465,12/11/2024,Heliopolis,SP02,1,52152.0,0.05,Cash,C1975
ORD-005468,12/11/2024,Smouha,AX02,4,350.0,0.0,VF Cash,C0277
ORD-005467,12/11/2024,Smouha,SP06,1,10003.0,0.0,Credit Card,C1057
ORD-005469,12/11/2024,Dokki,SP06,1,9634.0,0.0,Cash,C1568
ORD-005466,12/11/2024,Maadi,AX09,3,1823.0,0.0,Valu/Installments,C0477
ORD-005495,13/11/2024,Dokki,TV05,1,23684.0,0.0,Credit Card,C0779
ORD-005494,13/11/2024,Nasr City,AX02,4,360.0,0.0,Credit Card,C0749
ORD-005493,13/11/2024,Heliopolis,AX01,4,940.0,0.0,Cash,C1103
ORD-005492,13/11/2024,Dokki,AX04,1,252.0,0.0,Credit Card,C2350
ORD-005491,13/11/2024,MANSOURA,KA03,1,6830.0,0.0,mobile wallet,C0896
ORD-005490,13/11/2024,Miami,SP05,1,19568.0,0.0,Cash,C1449
ORD-005489,13/11/2024,Nasr City,SP05,1,19783.0,0.0,Visa/Mastercard,C1286
ORD-005488,13/11/2024,Dokki,TB03,1,9481.0,0.0,Cash,C1952
ORD-005487,13/11/2024,Mansoura,AX10,4,462.0,0.05,credit card,C0732
ORD-005486,13/11/2024,Smouha,AU05,2,3231.0,0.0,Credit Card,C2272
ORD-005485,13/11/2024,Smouha,LP02,1,40926.0,0.05,Visa/Mastercard,C0312
ORD-005484,13/11/2024,Miami,KA01,1,4183.0,0.0,Visa/Mastercard,C1401
ORD-005483,13/11/2024,Miami,AX11,3,393.0,0.0,Installments,C1635
ORD-005481,13/11/2024,Nasr City,AU02,1,8683.0,0.0,Cash,C1177
ORD-005480,13/11/2024,Dokki,KA04,2,24629.0,0.0,CASH,C1017
ORD-005479,13/11/2024,Miami,AU05,2,3259.0,0.0,installments,C1079
ORD-005478,13/11/2024,6th of October,SP01,1,16781.0,0.0,Cash,C0040
ORD-005477,13/11/2024,Nasr City,SP06,1,9550.0,0.0,Mobile Wallet,C2195
ORD-005476,13/11/2024,Smouha,AU04,1,1435.0,0.0,Cash,C2116
ORD-005475,13/11/2024,Dokki,AX10,5,462.0,0.0,VF Cash,
ORD-005473,13/11/2024,Heliopolis,KA05,1,9796.0,0.0,CASH,C1690
ORD-005472,13/11/2024,Dokki,SP06,1,10044.0,0.0,Cash,C1294
ORD-005471,13/11/2024,Heliopolis,KA03,1,6969.0,0.0,CASH,C0942
ORD-005470,13/11/2024,Miami,AX05,5,2489.0,0.0,Visa/Mastercard,C0903
ORD-005482,13/11/2024,6th of October,AX04,1,254.0,0.0,installments,C0381
ORD-005474,13/11/2024,Heliopolis,SP08,1,44143.0,0.0,Installments,C1447
RET-000001,14/11/2024,Maadi,LP06,-1,21846.0,0.0,credit card,C2017
ORD-005516,14/11/2024,Heliopolis,KA04,1,24906.0,0.0,CASH,C0174
ORD-005526,14/11/2024,6th of October,SP05,1,19785.0,0.0,Cash,C1148
ORD-005525,14/11/2024,Maadi,SP06,1,9712.0,0.0,Valu/Installments,C2094
ORD-005524,14/11/2024,Maadi,KA05,1,9584.0,0.0,credit card,C0750
ORD-005523,14/11/2024,Miami,SP01,1,16153.0,0.0,credit card,C2011
ORD-005522,14/11/2024,Nasr City,AX12,3,925.0,0.0,Installments,C1126
ORD-005521,14/11/2024,Miami,AU01,2,6379.0,0.0,cash,C2354
ORD-005520,14/11/2024,Maadi,LP06,1,21846.0,0.0,credit card,C2017
ORD-005519,14/11/2024,6th of October,AC05,1,39036.0,0.0,CASH,C1292
ORD-005518,14/11/2024,Smouha,AX05,3,2471.0,0.0,credit card,C1521
ORD-005517,14/11/2024,Nasr City,AX05,5,2439.0,0.0,cash,C1976
ORD-005515,14/11/2024,Heliopolis ,AU03,1,13523.0,0.0,Mobile Wallet,C2218
ORD-005514,14/11/2024,Miami,AX09,5,1871.0,0.0,Cash,
ORD-005513,14/11/2024,Nasr City,AC03,1,,0.0,installments,C0028
ORD-005511,14/11/2024,Nasr City,AX04,5,252.0,0.0,cash,C0322
ORD-005512,14/11/2024,smouha,AX08,1,1341.0,0.0,Credit Card,C2018
ORD-005509,14/11/2024,Miami,KA05,1,10033.0,0.0,Mobile Wallet,C0437
ORD-005496,14/11/2024,Maadi,KA05,1,9631.0,0.0,Mobile Wallet,C2044
ORD-005497,14/11/2024,Mansoura,AC04,1,57449.0,0.0,Credit Card,C0818
ORD-005498,14/11/2024,Dokki,TV06,1,87672.0,0.0,Visa/Mastercard,C0962
ORD-005499,14/11/2024,Smouha,AX01,2,929.0,0.0,Installments,C0992
ORD-005500,14/11/2024,Nasr City,SP06,1,9919.0,0.0,cash,C1088
ORD-005501,14/11/2024,Maadi,AX11,5,397.0,0.0,Cash,
ORD-005510,14/11/2024,Nasr City,KA08,1,,0.0,Cash,C0492
ORD-005502,14/11/2024,Miami,AU04,2,1488.0,0.0,Valu/Installments,C0847
ORD-005504,14/11/2024,Dokki,SP08,1,45498.0,0.0,cash,C0939
ORD-005505,14/11/2024,Dokki,TV06,1,89797.0,0.0,Valu/Installments,C0831
ORD-005506,14/11/2024,Nasr City,SP01,1,16533.0,0.0,credit card,C1023
ORD-005507,14/11/2024,Smouha,LP03,1,31642.0,0.0,Credit Card,C1459
ORD-005508,14/11/2024,6th of October,KA06,2,12665.0,0.0,Mobile Wallet,C0639
ORD-005503,14/11/2024,Mansoura,AX02,2,353.0,0.0,Visa/Mastercard,
ORD-005542,15/11/2024,Mansoura,TV05,1,23827.0,0.0,Installments,C0716
ORD-005546,15/11/2024,Dokki,AX02,2,358.0,0.0,installments,C1885
ORD-005543,15/11/2024,Dokki,AX01,4,965.0,0.0,Cash,C1873
ORD-005544,15/11/2024,Dokki,TV04,1,40247.0,0.0,Installments,C0494
ORD-005547,15/11/2024,Heliopolis,LP05,1,35950.0,0.0,Cash,C1293
ORD-005535,15/11/2024,Heliopolis,AU02,2,8822.0,0.0,Visa/Mastercard,C1734
ORD-005549,15/11/2024,Maadi,SP08,1,45033.0,0.0,Cash,
ORD-005550,15/11/2024,6th of October,AU04,1,1410.0,0.0,credit card,C0049
ORD-005551,15/11/2024,Miami,SP06,1,9536.0,0.0,mobile wallet,C0864
ORD-005541,15/11/2024,Nasr City,AX09,3,1796.0,0.0,credit card,C1613
ORD-005548,15/11/2024,Dokki,AX09,1,1805.0,0.0,credit card,C0035
ORD-005540,15/11/2024,Nasr City,AX11,5,401.0,0.0,CASH,C1423
ORD-005545,15/11/2024,Mansoura,TV05,1,24641.0,0.0,Mobile Wallet,C2123
ORD-005538,15/11/2024,Smouha,TV06,1,91456.0,0.0,VF Cash,C0134
ORD-005527,15/11/2024,Maadi,AX04,2,247.0,0.0,Valu/Installments,C1630
ORD-005528,15/11/2024,Smouha,AX07,4,755.0,0.0,Valu/Installments,C0910
ORD-005529,15/11/2024,Maadi,AC03,1,26227.0,0.0,Valu/Installments,C2363
ORD-005530,15/11/2024,NASR CITY,AU04,1,1460.0,0.0,VF Cash,
ORD-005531,15/11/2024,Heliopolis,LP03,1,30496.0,0.0,credit card,C0526
ORD-005539,15/11/2024,Mansoura,TV02,1,26543.0,0.05,Valu/Installments,C2059
ORD-005533,15/11/2024,Heliopolis,SP02,1,53547.0,0.0,mobile wallet,
ORD-005534,15/11/2024,Heliopolis,SP03,1,56774.0,0.0,Visa/Mastercard,C2154
ORD-005536,15/11/2024,Miami,KA05,2,9829.0,0.0,Valu/Installments,C1960
ORD-005537,15/11/2024,Nasr City,AX09,2,,0.05,Valu/Installments,C2215
ORD-005532,15/11/2024,Smouha,TB02,1,13130.0,0.0,credit card,C0222
ORD-005581,16/11/2024,Dokki,AX02,3,348.0,0.05,CASH,C2341
ORD-005569,16/11/2024,Mansoura,TV06,1,90519.0,0.0,Installments,C2043
ORD-005570,16/11/2024,Nasr City,LP03,1,31159.0,0.0,Mobile Wallet,C1737
ORD-005571,16/11/2024,Nasr City,SP06,1,9771.0,0.0,CASH,C0863
ORD-005572,16/11/2024,Miami,SP01,1,16345.0,0.0,Installments,C1717
ORD-005573,16/11/2024,Nasr City,KA03,1,6852.0,0.0,Cash,C1525
ORD-005576,16/11/2024,Mansoura,AX02,1,348.0,0.0,cash,C1641
ORD-005575,16/11/2024,Nasr City,KA05,2,9888.0,0.0,credit card,
ORD-005577,16/11/2024,Dokki,AX08,5,1385.0,0.0,installments,C1146
ORD-005578,16/11/2024,Mansoura,SP01,1,16565.0,0.0,Credit Card,C1847
ORD-005579,16/11/2024,Dokki,LP02,1,42348.0,0.05,Installments,
ORD-005568,16/11/2024,6th of October,TV01,1,31590.0,0.0,Valu/Installments,C0754
ORD-005574,16/11/2024,Smouha,AX04,3,251.0,0.0,cash,C1496
ORD-005580,16/11/2024,Nasr City,AX02,5,351.0,0.0,Mobile Wallet,C0737
ORD-005567,16/11/2024,Heliopolis,KA05,1,9604.0,0.0,Valu/Installments,C1499
ORD-005565,16/11/2024,Heliopolis,AU01,2,6453.0,0.0,cash,C1931
ORD-005566,16/11/2024,Nasr City,AX10,5,455.0,0.0,Credit Card,C1406
ORD-005553,16/11/2024,Heliopolis,KA07,1,18961.0,0.0,Installments,C2380
ORD-005554,16/11/2024,Maadi,AX03,3,562.0,0.0,Visa/Mastercard,C0413
ORD-005555,16/11/2024,NASR CITY,AC02,1,46593.0,0.0,Valu/Installments,C1333
ORD-005556,16/11/2024,Smouha,AC04,1,59518.0,0.0,credit card,C1482
ORD-005557,16/11/2024,Maadi,AX02,4,359.0,0.05,cash,C1064
ORD-005552,16/11/2024,Dokki,TV02,1,25855.0,0.0,Valu/Installments,C1555
ORD-005559,16/11/2024,Nasr City,AC05,1,38278.0,0.0,Installments,C0767
ORD-005560,16/11/2024,SMOUHA,AX01,3,941.0,0.0,Visa/Mastercard,C2247
ORD-005561,16/11/2024,Nasr City,SP07,1,14280.0,0.0,mobile wallet,
ORD-005562,16/11/2024,Maadi,AX02,2,350.0,0.0,Valu/Installments,C1077
ORD-005563,16/11/2024,smouha,TV05,1,24348.0,0.0,Cash,C0972
ORD-005564,16/11/2024,Miami,AX04,5,245.0,0.0,CASH,C1104
ORD-005558,16/11/2024,Nasr City,TV04,1,40576.0,0.0,Visa/Mastercard,
ORD-005592,17/11/2024,Smouha,AU03,2,13237.0,0.0,Valu/Installments,C1561
ORD-005591,17/11/2024,Miami,AU05,1,3136.0,0.0,Visa/Mastercard,C1771
ORD-005590,17/11/2024,Nasr City,SP08,1,46023.0,0.0,Cash,C2275
ORD-005589,17/11/2024,Smouha,LP02,1,41776.0,0.05,Valu/Installments,C0966
ORD-005588,17/11/2024,Heliopolis,KA08,1,5244.0,0.0,cash,C1106
ORD-005584,17/11/2024,Nasr City,AX12,1,903.0,0.0,Visa/Mastercard,
ORD-005586,17/11/2024,Dokki,KA06,1,12402.0,0.0,CASH,C0937
ORD-005585,17/11/2024,Smouha,AU04,2,1417.0,0.0,Valu/Installments,C2359
ORD-005583,17/11/2024,Heliopolis,AX03,1,536.0,0.0,Installments,C0538
ORD-005582,17/11/2024,DOKKI,AX12,1,903.0,0.0,Credit Card,
ORD-005593,17/11/2024,Nasr City,AX06,4,1157.0,0.0,Visa/Mastercard,C0804
ORD-005587,17/11/2024,Mansoura,AX01,1,966.0,0.0,CASH,C0410
ORD-005594,17/11/2024,Heliopolis,AC06,1,40302.0,0.0,installments,C0598
ORD-005595,17/11/2024,Dokki,KA02,1,3556.0,0.0,Cash,C0613
ORD-005605,17/11/2024,Heliopolis,TV01,1,32329.0,0.0,Installments,
ORD-005615,17/11/2024,6th of October,AX12,3,887.0,0.0,VF Cash,C0670
ORD-005614,17/11/2024,Heliopolis,TB01,1,24586.0,0.0,CASH,C0406
ORD-005596,17/11/2024,Dokki,SP05,1,19725.0,0.05,CASH,C1938
ORD-005597,17/11/2024,6th of october,TB04,1,17852.0,0.0,Valu/Installments,C0040
ORD-005598,17/11/2024,Heliopolis,AU04,2,1448.0,0.05,Visa/Mastercard,C0724
ORD-005599,17/11/2024,Nasr City,SP06,1,9825.0,0.0,cash,C1727
ORD-005600,17/11/2024,Nasr City ,SP05,1,19429.0,0.0,cash,
ORD-005601,17/11/2024,Smouha,AU04,1,1444.0,0.0,cash,C2047
ORD-005613,17/11/2024,Maadi,KA07,1,18875.0,0.05,cash,C1632
ORD-005602,17/11/2024,Nasr City,AX01,5,963.0,0.0,CASH,C0551
ORD-005603,17/11/2024,6th of october,AX07,5,742.0,0.0,Visa/Mastercard,C2118
ORD-005604,17/11/2024,Nasr City,SP04,1,11434.0,0.05,CASH,C2188
ORD-005612,17/11/2024,Heliopolis,AU02,1,9085.0,0.0,Credit Card,C0196
ORD-005606,17/11/2024,Mansoura,KA08,1,5293.0,0.0,Cash,C1294
ORD-005607,17/11/2024,Heliopolis,AC03,1,26249.0,0.0,Installments,C1994
ORD-005608,17/11/2024,6th of October,AC01,1,33116.0,0.0,Cash,C1229
ORD-005609,17/11/2024,Heliopolis,SP01,1,16240.0,0.0,Cash,C1028
ORD-005616,17/11/2024,6th of October,AX10,2,460.0,0.0,credit card,C0246
ORD-005610,17/11/2024,Mansoura,AU02,2,8858.0,0.0,Credit Card,C2303
ORD-005611,17/11/2024,Heliopolis,SP01,1,16713.0,0.05,mobile wallet,C2326
ORD-005635,18/11/2024,Maadi,LP04,1,79302.0,0.0,Valu/Installments,C2481
ORD-005636,18/11/2024,Smouha,AC02,1,46304.0,0.0,installments,C0815
ORD-005634,18/11/2024,NASR CITY,TV03,1,14142.0,0.0,cash,C1439
RET-000072,18/11/2024,HELIOPOLIS,AC04,-1,60132.0,0.0,Visa/Mastercard,C1479
ORD-005633,18/11/2024,Maadi,AX01,4,955.0,0.0,Credit Card,C0497
ORD-005632,18/11/2024,6th of october,AU04,1,1477.0,0.0,CASH,C1687
ORD-005631,18/11/2024,Maadi,KA06,1,12185.0,0.0,Visa/Mastercard,C0082
ORD-005629,18/11/2024,6th of October,TB03,1,9255.0,0.0,cash,
ORD-005628,18/11/2024,Mansoura,AC05,1,38602.0,0.05,Credit Card,C1056
ORD-005627,18/11/2024,Heliopolis,AU03,1,13890.0,0.0,Mobile Wallet,C2284
ORD-005630,18/11/2024,Nasr City,LP01,1,28246.0,0.0,Valu/Installments,C1410
ORD-005625,18/11/2024,Miami,AX12,3,915.0,0.05,Credit Card,C1476
ORD-005624,18/11/2024,HELIOPOLIS,AC04,1,60132.0,0.0,Visa/Mastercard,C1479
ORD-005623,18/11/2024,Mansoura,AU02,1,8851.0,0.0,Valu/Installments,C1065
ORD-005622,18/11/2024,Heliopolis,AC05,1,38728.0,0.0,Credit Card,C1371
ORD-005621,18/11/2024,Maadi,TB02,1,13251.0,0.0,installments,C1843
ORD-005620,18/11/2024,Smouha,TB03,1,9528.0,0.0,Cash,C0395
ORD-005619,18/11/2024,Smouha,AU05,2,3175.0,0.0,Credit Card,C1952
ORD-005618,18/11/2024,Miami,LP01,1,29171.0,0.0,credit card,C1042
ORD-005626,18/11/2024,6th of October,TV04,1,42170.0,0.0,CASH,C2296
ORD-005617,18/11/2024,6th of October,AX10,5,446.0,0.0,credit card,C0883
ORD-005642,19/11/2024,Mansoura,LP02,1,42687.0,0.0,Installments,C1455
ORD-005641,19/11/2024,Heliopolis,AX04,3,256.0,0.0,Cash,C1166
ORD-005640,19/11/2024,6th of October,AC06,1,,0.0,Installments,C0715
RET-000047,19/11/2024,Heliopolis,KA01,-2,4180.0,0.05,cash,C0594
ORD-005638,19/11/2024,Miami,KA03,1,6781.0,0.0,Installments,C2359
ORD-005637,19/11/2024,Miami,AX10,2,446.0,0.0,CASH,C2363
ORD-005643,19/11/2024,Dokki,AX08,5,1322.0,0.0,CASH,C1332
ORD-005639,19/11/2024,Smouha,AX12,2,906.0,0.05,cash,C2206
ORD-005644,19/11/2024,Heliopolis,AX10,5,441.0,0.0,CASH,C2091
ORD-005646,19/11/2024,Heliopolis,SP08,1,45020.0,0.0,CASH,C1831
ORD-005655,19/11/2024,6th of October,AC04,1,57891.0,0.0,installments,C2342
ORD-005658,19/11/2024,Nasr City,AX07,2,759.0,0.0,Visa/Mastercard,C0325
ORD-005657,19/11/2024,6th of October,AC06,1,42088.0,0.0,credit card,C0293
RET-000075,19/11/2024,Dokki,AX08,-5,1322.0,0.0,CASH,C1332
ORD-005656,19/11/2024,Smouha,SP05,1,19308.0,0.0,Mobile Wallet,C1658
ORD-005654,19/11/2024,6th of October,TV02,1,26835.0,0.0,Valu/Installments,C1728
ORD-005653,19/11/2024,Smouha,AX08,3,1362.0,0.0,installments,C1382
ORD-005645,19/11/2024,Maadi,AX01,1,968.0,0.0,credit card,C1997
ORD-005651,19/11/2024,Heliopolis,KA01,2,4180.0,0.05,cash,C0594
ORD-005650,19/11/2024,Smouha,LP02,1,43138.0,0.05,VF Cash,C1900
ORD-005649,19/11/2024,Maadi,SP04,1,11249.0,0.0,Credit Card,C1174
ORD-005648,19/11/2024,Heliopolis,LP04,1,79656.0,0.0,Visa/Mastercard,C1561
ORD-005647,19/11/2024,Nasr City,LP01,1,29204.0,0.0,Cash,C0322
ORD-005652,19/11/2024,Dokki,TV05,1,24112.0,0.0,Valu/Installments,C0687
ORD-005677,20/11/2024,Dokki,AX10,1,455.0,0.1,Credit Card,C0686
ORD-005667,20/11/2024,Nasr City,AX05,4,2477.0,0.1,cash,
ORD-005678,20/11/2024,Miami,SP02,1,50461.0,0.15,credit card,C0754
ORD-005676,20/11/2024,Mansoura,AX02,3,343.0,0.1,cash,C1696
ORD-005675,20/11/2024,6th of October,TB02,1,13545.0,0.25,Visa/Mastercard,C1845
ORD-005674,20/11/2024,Maadi,AX05,5,2498.0,0.2,cash,C2134
ORD-005673,20/11/2024,6th of October,SP06,1,10046.0,0.15,Installments,C2405
ORD-005669,20/11/2024,Dokki,AX09,4,1827.0,0.1,Cash,C1112
ORD-005668,20/11/2024,Dokki,SP03,1,58338.0,0.1,Credit Card,C1620
ORD-005672,20/11/2024,6th of October,KA02,2,3697.0,0.2,Cash,C1488
ORD-005665,20/11/2024,Dokki,SP08,1,44019.0,0.2,installments,C1096
ORD-005670,20/11/2024,6th of October,KA05,1,10049.0,0.2,CASH,
ORD-005664,20/11/2024,Mansoura,KA04,1,24320.0,0.15,Visa/Mastercard,C1194
ORD-005663,20/11/2024,heliopolis,AX04,5,257.0,0.2,Mobile Wallet,C1298
ORD-005662,20/11/2024,Heliopolis,AX07,5,764.0,0.15,Visa/Mastercard,C1285
ORD-005661,20/11/2024,Mansoura,AU03,1,13584.0,0.1,Installments,C0935
ORD-005660,20/11/2024,Nasr City,LP02,1,40966.0,0.2,Visa/Mastercard,C1408
ORD-005659,20/11/2024,Heliopolis,KA01,1,4151.0,0.15,credit card,C0664
ORD-005671,20/11/2024,Dokki,AX04,5,244.0,0.1,Valu/Installments,C1823
ORD-005666,20/11/2024,Nasr City,AU04,2,1473.0,0.2,credit card,C2480
ORD-005683,21/11/2024,Smouha,AX05,5,2437.0,0.1,CASH,C0328
ORD-005684,21/11/2024,6th of October,SP07,1,14628.0,0.25,VF Cash,C0863
ORD-005685,21/11/2024,Heliopolis,AC02,1,45477.0,0.15,credit card,C0684
ORD-005686,21/11/2024,Smouha,SP06,1,9806.0,0.2,Visa/Mastercard,C1627
ORD-005687,21/11/2024,Miami,AX05,2,2467.0,0.2,CASH,C0422
ORD-005688,21/11/2024,Heliopolis,SP06,1,9761.0,0.2,Visa/Mastercard,C0392
RET-000084,21/11/2024,Maadi,AX08,-4,1368.0,0.1,Credit Card,C0221
ORD-005690,21/11/2024,Nasr City,AX08,4,1342.0,0.15,CASH,
ORD-005691,21/11/2024,6th of October,AX02,3,343.0,0.15,VF Cash,C1939
ORD-005680,21/11/2024,Maadi,TB04,1,17590.0,0.15,cash,C0513
ORD-005679,21/11/2024,Heliopolis,KA02,2,3684.0,0.2,Visa/Mastercard,C0095
ORD-005694,21/11/2024,Mansoura,AX07,3,750.0,0.1,CASH,C0108
ORD-005689,21/11/2024,Dokki ,AU05,2,3145.0,0.15,cash,C0262
ORD-005692,21/11/2024,Nasr City,AX06,5,1121.0,0.15,mobile wallet,C2247
ORD-005695,21/11/2024,Maadi,AC06,1,40718.0,0.1,Valu/Installments,C1627
ORD-005693,21/11/2024,Maadi,AX08,4,1368.0,0.1,Credit Card,C0221
ORD-005696,21/11/2024,Mansoura,AX07,3,757.0,0.2,Installments,C2147
ORD-005697,21/11/2024,Maadi,AX12,2,878.0,0.1,Credit Card,
ORD-005698,21/11/2024,Maadi,SP07,1,14707.0,0.15,Mobile Wallet,C0341
ORD-005699,21/11/2024,Smouha,AX02,3,349.0,0.1,Valu/Installments,C0426
ORD-005700,21/11/2024,6th of October,SP02,1,51437.0,0.15,installments,C1076
ORD-005701,21/11/2024,Miami,AX11,1,397.0,0.15,Visa/Mastercard,C0637
ORD-005702,21/11/2024,Dokki,AU02,1,8716.0,0.15,Credit Card,C0346
ORD-005703,21/11/2024,Dokki,AC04,1,59156.0,0.25,Visa/Mastercard,
ORD-005704,21/11/2024,Miami,SP07,1,14653.0,0.15,Installments,C1597
ORD-005705,21/11/2024,Heliopolis,AX01,1,953.0,0.25,Valu/Installments,C1268
ORD-005706,21/11/2024,MANSOURA,TV04,1,42168.0,0.1,credit card,C0940
ORD-005682,21/11/2024,Dokki,AX04,4,245.0,0.15,cash,C1031
ORD-005681,21/11/2024,Smouha,AX06,5,1151.0,0.15,Mobile Wallet,C0962
ORD-005720,22/11/2024,Smouha,AX06,5,1168.0,0.25,Visa/Mastercard,C1951
ORD-005727,22/11/2024,Mansoura,TB03,1,9785.0,0.15,cash,C2209
ORD-005726,22/11/2024,Smouha,TV04,1,41682.0,0.1,Installments,C0554
ORD-005725,22/11/2024,Nasr City,AU05,1,3230.0,0.1,CASH,C1823
ORD-005724,22/11/2024,Nasr City,SP03,1,59507.0,0.25,mobile wallet,C2247
ORD-005723,22/11/2024,6th of October,AX07,4,772.0,0.25,Installments,C1116
ORD-005722,22/11/2024,Nasr City,AX01,1,924.0,0.15,VF Cash,C2215
ORD-005721,22/11/2024,Nasr City,KA07,2,17987.0,0.2,Valu/Installments,C1914
ORD-005719,22/11/2024,Maadi,KA06,2,12278.0,0.2,Credit Card,
ORD-005718,22/11/2024,Miami,SP02,1,52368.0,0.15,Valu/Installments,C1333
ORD-005728,22/11/2024,Nasr City,AX05,3,2489.0,0.2,Visa/Mastercard,C0726
ORD-005717,22/11/2024,6th of October,AX06,2,1160.0,0.1,installments,C1462
ORD-005715,22/11/2024,Maadi,LP05,1,34974.0,0.1,Valu/Installments,C0118
ORD-005714,22/11/2024,Miami,TB01,1,24040.0,0.1,Credit Card,C0699
ORD-005713,22/11/2024,Miami,SP04,1,11794.0,0.1,Cash,C2158
ORD-005712,22/11/2024,Maadi,AX07,3,771.0,0.15,Visa/Mastercard,C0538
ORD-005711,22/11/2024,Mansoura,AX11,5,406.0,0.15,cash,C0518
ORD-005710,22/11/2024,Nasr City,TV02,1,26048.0,0.1,Credit Card,C1816
ORD-005709,22/11/2024,dokki,SP06,1,9592.0,0.15,Cash,C1164
ORD-005708,22/11/2024,Mansoura,TB03,1,9682.0,0.25,cash,
ORD-005707,22/11/2024,Smouha,KA03,1,6971.0,0.2,credit card,C1014
ORD-005716,22/11/2024,Heliopolis,AU04,1,1484.0,0.15,Cash,C0144
ORD-005733,23/11/2024,Heliopolis,SP03,1,57746.0,0.15,credit card,
ORD-005732,23/11/2024,NASR CITY,LP06,1,22148.0,0.2,Installments,C2311
ORD-005730,23/11/2024,6th of October,AC03,1,26465.0,0.2,Installments,C2448
ORD-005729,23/11/2024,nasr city,AX01,1,966.0,0.1,Valu/Installments,C2421
ORD-005734,23/11/2024,Dokki,AC02,1,47023.0,0.2,installments,C1782
ORD-005731,23/11/2024,Dokki,AU05,1,3199.0,0.15,credit card,C1871
ORD-005735,23/11/2024,6th of October,AX03,1,534.0,0.2,installments,C2145
ORD-005737,23/11/2024,Dokki,AX07,3,730.0,0.2,CASH,
ORD-005749,23/11/2024,Dokki,AU05,1,3243.0,0.1,cash,
ORD-005750,23/11/2024,maadi,AU05,1,3262.0,0.1,CASH,C1499
RET-000042,23/11/2024,Miami,SP01,-1,16369.0,0.2,Credit Card,C1262
ORD-005748,23/11/2024,Miami,SP01,1,16369.0,0.2,Credit Card,C1262
ORD-005747,23/11/2024,Smouha,KA07,2,18826.0,0.15,CASH,C1810
ORD-005746,23/11/2024,Nasr City,TB01,1,24639.0,0.25,Credit Card,C0367
ORD-005744,23/11/2024,6th of October,AU04,1,1408.0,0.1,Cash,
ORD-005745,23/11/2024,Mansoura,AX11,2,397.0,0.25,credit card,C0931
ORD-005742,23/11/2024,Maadi,KA01,2,4103.0,0.15,mobile wallet,C2211
ORD-005741,23/11/2024,smouha,KA04,1,24080.0,0.2,Credit Card,C1973
ORD-005740,23/11/2024,Smouha,AC02,1,45797.0,0.2,installments,C1423
ORD-005739,23/11/2024,Heliopolis,LP06,1,21434.0,0.15,Mobile Wallet,C1269
ORD-005738,23/11/2024,Dokki,TV02,1,27168.0,0.2,credit card,C2187
ORD-005743,23/11/2024,Dokki,AX11,3,390.0,0.25,cash,
ORD-005736,23/11/2024,Dokki,AX04,3,250.0,0.25,Credit Card,
ORD-005771,24/11/2024,Miami,AX07,4,754.0,0.15,cash,C1200
ORD-005768,24/11/2024,Smouha,AX11,4,393.0,0.1,credit card,C1228
ORD-005769,24/11/2024,MIAMI,AX02,3,345.0,0.15,CASH,C0038
ORD-005770,24/11/2024,Heliopolis,AX07,5,745.0,0.1,credit card,C1764
ORD-005766,24/11/2024,6th of October,AU04,2,1474.0,0.1,Installments,C2015
ORD-005773,24/11/2024,Nasr City,SP05,1,19503.0,0.1,cash,C0948
ORD-005774,24/11/2024,Smouha,AU01,2,6329.0,0.1,VF Cash,C0030
ORD-005775,24/11/2024,Nasr City,AX06,5,1120.0,0.15,Cash,C2246
ORD-005776,24/11/2024,Smouha,AX12,3,890.0,0.2,Cash,C1531
ORD-005767,24/11/2024,Nasr City,TB03,1,9404.0,0.15,VF Cash,C1955
ORD-005777,24/11/2024,6th of October,SP04,1,11672.0,0.15,Installments,C0773
ORD-005772,24/11/2024,Nasr City,SP08,1,44711.0,0.25,Cash,C2446
ORD-005763,24/11/2024,Smouha,KA07,1,17955.0,0.2,CASH,C1922
ORD-005756,24/11/2024,Nasr City,AC01,1,32754.0,0.1,cash,C1244
ORD-005761,24/11/2024,Smouha,AX06,4,1159.0,0.2,installments,C1409
ORD-005760,24/11/2024,Mansoura,AU01,2,6618.0,0.1,Visa/Mastercard,C0559
ORD-005759,24/11/2024,Dokki,SP08,1,44036.0,0.1,credit card,C2144
ORD-005758,24/11/2024,Mansoura,AU04,2,1461.0,0.1,Visa/Mastercard,C0001
ORD-005757,24/11/2024,Maadi,SP06,1,9805.0,0.15,cash,C0044
ORD-005755,24/11/2024,Mansoura,SP05,1,19674.0,0.15,Mobile Wallet,C0638
ORD-005754,24/11/2024,Smouha,AU03,2,13169.0,0.1,Installments,C1065
ORD-005753,24/11/2024,Nasr City,LP06,1,21395.0,0.15,Mobile Wallet,
ORD-005752,24/11/2024,Dokki,AX09,3,1837.0,0.1,mobile wallet,
ORD-005751,24/11/2024,Dokki,AU02,1,8935.0,0.1,CASH,C1689
ORD-005765,24/11/2024,Miami,AU01,1,6659.0,0.2,cash,C0035
ORD-005762,24/11/2024,6th of October,AX03,2,559.0,0.15,credit card,C1175
ORD-005764,24/11/2024,Miami,AU02,1,9146.0,0.15,Cash,C2192
ORD-005784,25/11/2024,Miami,SP02,1,52413.0,0.2,Credit Card,C0669
ORD-005789,25/11/2024,Smouha,AX06,3,1168.0,0.2,installments,C0325
ORD-005794,25/11/2024,Dokki,KA01,2,4248.0,0.1,credit card,C1167
ORD-005793,25/11/2024,Miami,AU02,1,9069.0,0.1,Visa/Mastercard,C1114
ORD-005792,25/11/2024,Smouha,AX02,4,358.0,0.25,Installments,C2117
ORD-005791,25/11/2024,Smouha,TB04,1,17398.0,0.2,CASH,C0982
ORD-005790,25/11/2024,Mansoura,AU05,2,3238.0,0.1,mobile wallet,C1730
ORD-005788,25/11/2024,Nasr City,LP01,1,28470.0,0.2,CASH,C1078
ORD-005795,25/11/2024,Nasr City,AX05,1,2393.0,0.25,Credit Card,C2179
ORD-005787,25/11/2024,Heliopolis,SP01,1,16167.0,0.2,Credit Card,C0904
ORD-005785,25/11/2024,Mansoura,TB03,1,9752.0,0.1,installments,C1597
ORD-005783,25/11/2024,Mansoura,KA04,2,24597.0,0.1,Credit Card,C1024
ORD-005782,25/11/2024,6th of October,AX11,1,398.0,0.25,Credit Card,C1617
ORD-005781,25/11/2024,Maadi,LP04,1,77644.0,0.2,Installments,C1791
ORD-005780,25/11/2024,Heliopolis,KA02,1,3692.0,0.25,Credit Card,C2297
ORD-005779,25/11/2024,Nasr City,SP06,1,9861.0,0.1,VF Cash,
ORD-005778,25/11/2024,Nasr City,TV04,1,42200.0,0.25,Installments,C1687
ORD-005786,25/11/2024,Mansoura,SP02,1,51057.0,0.15,CASH,C1550
RET-000071,26/11/2024,Dokki,AU05,-1,3151.0,0.1,Credit Card,C0453
ORD-005806,26/11/2024,Smouha,KA05,2,,0.15,CASH,C1866
ORD-005803,26/11/2024,Nasr City,AU04,1,1442.0,0.2,Valu/Installments,C1187
ORD-005808,26/11/2024,Heliopolis,LP04,1,78357.0,0.25,mobile wallet,C1115
ORD-005805,26/11/2024,Maadi,TV01,1,31898.0,0.15,credit card,
ORD-005807,26/11/2024,dokki,AC01,1,33616.0,0.15,Valu/Installments,C1855
ORD-005804,26/11/2024,Dokki,AU05,1,3151.0,0.1,Credit Card,C0453
ORD-005797,26/11/2024,Nasr City,TV02,1,27209.0,0.15,credit card,
ORD-005801,26/11/2024,Mansoura,AX04,4,249.0,0.15,cash,C0748
ORD-005800,26/11/2024,Maadi,AX07,2,729.0,0.25,VF Cash,C0281
ORD-005799,26/11/2024,Nasr City,AX07,5,737.0,0.2,Installments,C0771
ORD-005798,26/11/2024,6th of October,AX03,3,554.0,0.15,Visa/Mastercard,C1692
ORD-005796,26/11/2024,Heliopolis,LP02,1,41756.0,0.25,Visa/Mastercard,C1102
ORD-005802,26/11/2024,Dokki,TV03,1,14709.0,0.15,mobile wallet,C0560
ORD-005819,27/11/2024,6th of October,AX06,4,1161.0,0.15,Mobile Wallet,C1156
ORD-005826,27/11/2024,Dokki,KA07,1,18775.0,0.25,cash,C0370
ORD-005820,27/11/2024,Heliopolis,AU03,1,13529.0,0.2,VF Cash,C1103
ORD-005821,27/11/2024,Smouha,TV05,1,24169.0,0.25,Cash,C0513
ORD-005822,27/11/2024,Mansoura,KA03,2,6880.0,0.15,Mobile Wallet,C1796
ORD-005816,27/11/2024,Mansoura,AX11,3,398.0,0.25,Cash,C0091
ORD-005824,27/11/2024,Mansoura,AU02,1,9052.0,0.2,Cash,
ORD-005825,27/11/2024,Smouha,LP02,1,42067.0,0.25,installments,C0954
ORD-005827,27/11/2024,Smouha,TB02,1,13802.0,0.15,Visa/Mastercard,
ORD-005823,27/11/2024,MAADI,KA04,2,24406.0,0.15,Installments,C0034
ORD-005829,27/11/2024,Miami,SP08,1,45928.0,0.1,CASH,C0061
ORD-005815,27/11/2024,Smouha,AU05,2,3236.0,0.2,Cash,C2192
ORD-005814,27/11/2024,6th of October,KA03,1,6607.0,0.2,Valu/Installments,C0204
ORD-005813,27/11/2024,Dokki,KA07,1,18207.0,0.25,Mobile Wallet,C0624
ORD-005812,27/11/2024,Miami,AX10,1,458.0,0.1,VF Cash,C0080
ORD-005811,27/11/2024,Nasr City,AX01,1,941.0,0.25,Valu/Installments,C1314
ORD-005810,27/11/2024,Dokki,TV03,1,14263.0,0.2,Credit Card,C0770
ORD-005809,27/11/2024,6th of October,AU02,2,8648.0,0.2,Valu/Installments,C2016
ORD-005818,27/11/2024,Maadi,SP08,1,45507.0,0.15,Visa/Mastercard,C0419
ORD-005828,27/11/2024,MIAMI,AX11,4,400.0,0.2,Visa/Mastercard,C0618
ORD-005817,27/11/2024,Mansoura,TB03,1,9668.0,0.2,Credit Card,C0762
ORD-005834,28/11/2024,Mansoura,TV01,1,32584.0,0.15,Mobile Wallet,C1277
ORD-005830,28/11/2024,Mansoura,KA01,2,4324.0,0.2,mobile wallet,C2022
ORD-005854,28/11/2024,Nasr City,KA02,1,3618.0,0.1,installments,C1020
ORD-005853,28/11/2024,Mansoura,AX06,5,1152.0,0.2,cash,C0500
ORD-005852,28/11/2024,Heliopolis,SP08,1,45960.0,0.25,Visa/Mastercard,C0052
ORD-005851,28/11/2024,Heliopolis,KA08,1,5486.0,0.15,Installments,C1563
ORD-005849,28/11/2024,Nasr City,AX10,4,441.0,0.1,cash,C0788
ORD-005848,28/11/2024,Mansoura,AC06,1,42658.0,0.25,Mobile Wallet,C0744
ORD-005847,28/11/2024,Mansoura,AX07,2,737.0,0.15,cash,C1926
ORD-005846,28/11/2024,dokki,AX05,3,2381.0,0.2,Credit Card,C2225
ORD-005845,28/11/2024,6th of October,TV04,1,41546.0,0.2,Credit Card,C0293
ORD-005844,28/11/2024,6th of October,SP06,1,9727.0,0.1,Credit Card,C1608
ORD-005843,28/11/2024,6th of October,AC03,1,25858.0,0.15,Visa/Mastercard,C1092
ORD-005850,28/11/2024,Maadi,KA03,1,6682.0,0.1,CASH,C1025
ORD-005841,28/11/2024,Nasr City,AC05,1,39117.0,0.15,cash,C0599
ORD-005842,28/11/2024,Heliopolis,LP03,1,30828.0,0.15,Cash,C0230
ORD-005831,28/11/2024,Miami,LP02,1,42941.0,0.25,Installments,C0890
ORD-005832,28/11/2024,Heliopolis,AU03,1,13530.0,0.25,cash,C1401
ORD-005835,28/11/2024,Maadi,SP03,1,57395.0,0.1,Installments,C2042
ORD-005833,28/11/2024,Mansoura,LP03,1,31225.0,0.15,Installments,C1722
ORD-005837,28/11/2024,Miami,SP07,1,14610.0,0.1,credit card,C1900
ORD-005838,28/11/2024,Heliopolis,SP07,1,14830.0,0.1,cash,C0130
ORD-005839,28/11/2024,Miami,AX08,4,1382.0,0.2,installments,C1353
ORD-005840,28/11/2024,Nasr City,KA06,2,12679.0,0.2,credit card,C0329
ORD-005836,28/11/2024,6th of October,KA05,1,9521.0,0.2,Cash,C1522
ORD-005867,29/11/2024,Mansoura,AU05,1,3244.0,0.15,cash,C1594
ORD-005863,29/11/2024,Maadi,AX01,4,978.0,0.15,installments,C2135
ORD-005866,29/11/2024,Maadi,TV06,1,89033.0,0.2,Visa/Mastercard,
ORD-005865,29/11/2024,Miami,AX01,1,946.0,0.15,Installments,C1937
ORD-005864,29/11/2024,6th of October,SP08,1,44795.0,0.15,credit card,C0854
ORD-005862,29/11/2024,Dokki,TB04,1,17019.0,0.1,credit card,C0385
ORD-005856,29/11/2024,6th of October,SP03,1,59007.0,0.2,Valu/Installments,C1815
ORD-005860,29/11/2024,Nasr City,SP02,1,52765.0,0.2,Cash,C0816
ORD-005859,29/11/2024,Mansoura,SP06,1,9516.0,0.15,Credit Card,C0138
ORD-005858,29/11/2024,Heliopolis,AC02,1,45849.0,0.25,Cash,C1013
ORD-005857,29/11/2024,Smouha,SP05,1,18964.0,0.2,CASH,
ORD-005855,29/11/2024,MAADI,TV05,1,,0.1,credit card,C1577
ORD-005869,29/11/2024,Heliopolis,KA07,2,18590.0,0.15,Installments,C1324
ORD-005861,29/11/2024,Heliopolis,SP05,1,19915.0,0.1,Credit Card,C1888
ORD-005868,29/11/2024,Heliopolis,SP03,1,57841.0,0.15,VF Cash,C1279
ORD-005880,30/11/2024,Maadi,AU02,2,8818.0,0.2,credit card,C0214
ORD-005874,30/11/2024,Dokki,AX08,2,1355.0,0.15,Installments,C0501
ORD-005875,30/11/2024,Dokki,AU02,2,9026.0,0.15,Credit Card,C1038
ORD-005894,30/11/2024,SMOUHA,LP02,1,42294.0,0.2,Valu/Installments,C0173
ORD-005893,30/11/2024,Heliopolis,AX12,3,890.0,0.25,VF Cash,C0037
ORD-005892,30/11/2024,Maadi,AU02,2,9120.0,0.25,cash,C0996
ORD-005891,30/11/2024,Heliopolis,KA06,1,12827.0,0.2,cash,C1622
ORD-005890,30/11/2024,Dokki,AX07,3,737.0,0.1,Cash,C0491
ORD-005889,30/11/2024,Nasr City,AU01,2,6533.0,0.2,Credit Card,C2395
ORD-005888,30/11/2024,Maadi,AC01,1,33876.0,0.15,Valu/Installments,C1131
ORD-005873,30/11/2024,Nasr City,AX06,3,1127.0,0.1,credit card,C2134
ORD-005887,30/11/2024,Nasr City,AU05,1,3251.0,0.15,mobile wallet,C0686
ORD-005886,30/11/2024,Maadi,TB03,1,9724.0,0.15,cash,C0062
ORD-005870,30/11/2024,6th of October ,AC02,1,46080.0,0.25,installments,C0650
ORD-005884,30/11/2024,Dokki,KA04,2,23829.0,0.15,CASH,C1779
ORD-005883,30/11/2024,Dokki,KA08,1,5247.0,0.1,Cash,C0967
ORD-005882,30/11/2024,6th of October,AX04,1,256.0,0.1,Cash,C0463
ORD-005881,30/11/2024,Miami,AX04,5,245.0,0.2,Cash,C0893
ORD-005879,30/11/2024,Mansoura,SP01,1,16601.0,0.15,mobile wallet,C1477
ORD-005878,30/11/2024,Nasr City,AC03,1,26688.0,0.1,Installments,C0814
ORD-005877,30/11/2024,Mansoura,TB03,1,9735.0,0.1,cash,C1224
ORD-005876,30/11/2024,Nasr City,KA02,2,3543.0,0.25,installments,C1972
ORD-005872,30/11/2024,Nasr City,KA06,2,12390.0,0.1,Installments,C2252
ORD-005885,30/11/2024,Nasr City,SP06,1,9564.0,0.1,Cash,C1330
ORD-005871,30/11/2024,NASR CITY,SP06,1,9612.0,0.2,credit card,C0173
ORD-005908,01/12/2024,Heliopolis,AX04,5,248.0,0.0,Mobile Wallet,C0245
ORD-005909,01/12/2024,Heliopolis,LP04,1,79753.0,0.0,Valu/Installments,C1457
ORD-005910,01/12/2024,Smouha,AU01,1,6547.0,0.0,CASH,C0631
ORD-005911,01/12/2024,Miami,AX01,2,970.0,0.0,Credit Card,C2197
ORD-005915,01/12/2024,Heliopolis,TB04,1,17975.0,0.0,Mobile Wallet,C0954
ORD-005913,01/12/2024,Dokki,AX08,3,1312.0,0.0,cash,C0516
ORD-005914,01/12/2024,Maadi,AU02,2,8663.0,0.0,cash,C1999
ORD-005916,01/12/2024,6th of October,TV06,1,88515.0,0.0,credit card,C1298
ORD-005912,01/12/2024,Heliopolis,AU02,2,9045.0,0.0,CASH,C0440
ORD-005907,01/12/2024,Nasr City,AU02,2,8929.0,0.0,Credit Card,C0246
ORD-005904,01/12/2024,Mansoura,SP01,1,16372.0,0.0,Visa/Mastercard,C0375
ORD-005905,01/12/2024,Nasr City,KA06,1,12214.0,0.0,VF Cash,
RET-000006,01/12/2024,Mansoura,SP01,-1,16372.0,0.0,Visa/Mastercard,C0375
ORD-005906,01/12/2024,Dokki,AU05,2,3223.0,0.0,Cash,C1387
ORD-005896,01/12/2024,SMOUHA,AU02,1,8920.0,0.0,cash,C1947
ORD-005898,01/12/2024,Heliopolis,TV03,1,14850.0,0.0,Cash,C0635
ORD-005895,01/12/2024,Mansoura,AX05,4,2414.0,0.0,CASH,C2381
ORD-005900,01/12/2024,Maadi,SP07,1,14560.0,0.0,Valu/Installments,C0367
ORD-005901,01/12/2024,6th of October,TV04,1,41929.0,0.0,credit card,C1019
ORD-005902,01/12/2024,Smouha,SP06,1,9536.0,0.0,Visa/Mastercard,C0646
ORD-005903,01/12/2024,Nasr City,AX01,3,926.0,0.0,installments,C2048
ORD-005899,01/12/2024,Nasr City,LP06,1,21461.0,0.0,Credit Card,C1522
ORD-005897,01/12/2024,Dokki,TB03,1,9303.0,0.0,cash,C2443
ORD-005917,02/12/2024,Smouha,KA01,1,4303.0,0.0,cash,C2288
ORD-005918,02/12/2024,Miami,AX02,1,,0.0,mobile wallet,C1423
ORD-005919,02/12/2024,Miami,TB02,1,13161.0,0.0,credit card,C1797
ORD-005920,02/12/2024,Nasr City,TB01,1,24635.0,0.0,Valu/Installments,C0791
ORD-005921,02/12/2024,Smouha,SP03,1,56684.0,0.0,Installments,C0088
ORD-005922,02/12/2024,Miami,AX12,5,888.0,0.0,Cash,C1548
ORD-005924,02/12/2024,Smouha,KA07,2,18528.0,0.0,Valu/Installments,C0552
ORD-005923,02/12/2024,Smouha,SP06,1,9973.0,0.0,VF Cash,C1468
ORD-005930,02/12/2024,Smouha,AC02,1,46349.0,0.0,Valu/Installments,C1208
ORD-005929,02/12/2024,Dokki,AC06,1,41816.0,0.0,CASH,C2290
ORD-005925,02/12/2024,Maadi,LP06,1,22016.0,0.05,Valu/Installments,C1027
ORD-005927,02/12/2024,Dokki,SP05,1,18970.0,0.0,Cash,C1988
ORD-005926,02/12/2024,Maadi,SP01,1,16855.0,0.0,installments,C0162
ORD-005928,02/12/2024,Miami,KA04,1,24624.0,0.0,VF Cash,C1793
ORD-005951,03/12/2024,Smouha,AX11,2,405.0,0.0,Valu/Installments,C2219
ORD-005949,03/12/2024,Mansoura,TB02,1,13736.0,0.0,cash,C1212
ORD-005947,03/12/2024,Smouha,SP06,1,9958.0,0.0,installments,C0635
ORD-005946,03/12/2024,Heliopolis,AX11,1,400.0,0.0,Valu/Installments,C2176
ORD-005945,03/12/2024,6th of October,KA05,1,9660.0,0.0,Credit Card,C0283
ORD-005944,03/12/2024,Miami,KA02,1,3516.0,0.0,Credit Card,C0657
ORD-005943,03/12/2024,Mansoura,LP04,1,77973.0,0.0,Valu/Installments,C2272
ORD-005942,03/12/2024,Dokki,LP01,1,28359.0,0.0,Credit Card,C2453
ORD-005941,03/12/2024,Miami,AX12,2,924.0,0.0,Visa/Mastercard,C1128
ORD-005950,03/12/2024,Nasr City,SP08,1,43714.0,0.0,installments,C1079
ORD-005939,03/12/2024,Miami,LP03,1,30145.0,0.0,Credit Card,C1326
ORD-005940,03/12/2024,Miami,AX05,3,2391.0,0.05,Visa/Mastercard,C1919
ORD-005931,03/12/2024,Nasr City,AU05,1,3123.0,0.05,Credit Card,C2224
ORD-005932,03/12/2024,Maadi,TV06,1,90469.0,0.0,Visa/Mastercard,C2008
ORD-005933,03/12/2024,DOKKI,TB03,1,9649.0,0.05,Mobile Wallet,C0778
ORD-005948,03/12/2024,Smouha,KA04,2,24651.0,0.0,Visa/Mastercard,C1841
ORD-005935,03/12/2024,Miami,SP08,1,45628.0,0.0,Visa/Mastercard,C0765
ORD-005936,03/12/2024,Maadi,AU04,2,1424.0,0.0,Cash,C2227
ORD-005937,03/12/2024,Nasr City,SP02,1,51551.0,0.0,Valu/Installments,
ORD-005938,03/12/2024,Nasr City,LP03,1,30257.0,0.0,credit card,C1425
ORD-005934,03/12/2024,Nasr City,SP02,1,52648.0,0.0,cash,C2322
RET-000056,04/12/2024,Miami,KA07,-2,18702.0,0.0,Credit Card,C0979
ORD-005970,04/12/2024,Mansoura,AX02,3,348.0,0.0,Visa/Mastercard,C2259
ORD-005969,04/12/2024,Smouha,AX05,1,2486.0,0.0,CASH,C2038
ORD-005968,04/12/2024,Mansoura,KA01,2,4189.0,0.0,Mobile Wallet,C2147
ORD-005967,04/12/2024,Smouha,AX05,5,2494.0,0.0,mobile wallet,C0778
ORD-005966,04/12/2024,Heliopolis,AX11,5,407.0,0.05,credit card,C1588
ORD-005965,04/12/2024,Nasr City,LP02,1,41889.0,0.0,Valu/Installments,C2208
ORD-005964,04/12/2024,Dokki,KA03,1,6716.0,0.0,installments,C0260
ORD-005963,04/12/2024,Maadi,SP03,1,57349.0,0.0,installments,C1314
ORD-005960,04/12/2024,Heliopolis,AU04,1,1489.0,0.0,Credit Card,
ORD-005961,04/12/2024,Miami,KA07,2,18702.0,0.0,Credit Card,C0979
ORD-005959,04/12/2024,Nasr City,AU03,1,13381.0,0.05,Visa/Mastercard,C1492
ORD-005958,04/12/2024,Miami,AC03,1,25673.0,0.0,CASH,C0077
ORD-005956,04/12/2024,Heliopolis,KA01,2,4170.0,0.0,Cash,C1553
ORD-005955,04/12/2024,Heliopolis,AX10,5,458.0,0.0,Credit Card,C2073
ORD-005954,04/12/2024,Dokki,AX09,2,,0.0,Mobile Wallet,C0003
ORD-005953,04/12/2024,Heliopolis,SP08,1,44548.0,0.0,VF Cash,C1860
ORD-005952,04/12/2024,Dokki,TV01,1,31857.0,0.0,mobile wallet,C1504
ORD-005962,04/12/2024,6th of October,KA08,2,5379.0,0.0,Credit Card,
ORD-005957,04/12/2024,Mansoura,SP05,1,19172.0,0.0,VF Cash,C0760
ORD-005976,05/12/2024,Heliopolis,AC03,1,25466.0,0.0,mobile wallet,C0453
ORD-005971,05/12/2024,Maadi,AU01,1,6374.0,0.0,Cash,C0632
ORD-005972,05/12/2024,Nasr City,AX06,4,1133.0,0.0,Mobile Wallet,C1160
ORD-005975,05/12/2024,6th of October,KA03,1,,0.0,credit card,C1320
ORD-005973,05/12/2024,Dokki,AX12,3,909.0,0.0,CASH,C1322
ORD-005974,05/12/2024,Heliopolis,LP06,1,21938.0,0.0,Installments,C1679
ORD-005979,05/12/2024,Nasr City,AC03,1,26413.0,0.0,installments,C0274
ORD-005997,05/12/2024,Mansoura,AC02,1,47778.0,0.0,Credit Card,C0202
ORD-005996,05/12/2024,Dokki,AU03,1,13242.0,0.0,CASH,C1049
ORD-005995,05/12/2024,Nasr City,AC05,1,38491.0,0.0,Valu/Installments,C2418
ORD-005994,05/12/2024,6th of October,AX12,2,912.0,0.0,credit card,
ORD-005993,05/12/2024,Nasr City,AX04,4,254.0,0.0,mobile wallet,C2154
ORD-005992,05/12/2024,smouha,AX02,2,343.0,0.05,Cash,C2007
ORD-005991,05/12/2024,Nasr City,SP02,1,51555.0,0.0,Valu/Installments,C1592
ORD-005990,05/12/2024,Nasr City,TB03,1,9334.0,0.0,Valu/Installments,C2339
ORD-005989,05/12/2024,Smouha,AU03,2,13587.0,0.0,Credit Card,C0131
ORD-005988,05/12/2024,Maadi,AX08,5,1322.0,0.0,mobile wallet,C0405
ORD-005987,05/12/2024,Dokki,KA03,2,6870.0,0.0,installments,C0785
ORD-005986,05/12/2024,Nasr City ,AC05,1,39232.0,0.0,Installments,C1989
ORD-005985,05/12/2024,Dokki,AX03,1,552.0,0.0,cash,C0439
ORD-005984,05/12/2024,MAADI,AU01,1,6358.0,0.0,Cash,C0828
ORD-005983,05/12/2024,Miami,SP01,1,16653.0,0.0,Cash,C0129
ORD-005982,05/12/2024,Mansoura,AC06,1,40951.0,0.0,installments,C0732
ORD-005981,05/12/2024,Mansoura,AX08,2,,0.0,Cash,C0532
ORD-005977,05/12/2024,Nasr City,KA04,2,24957.0,0.0,Valu/Installments,C0395
ORD-005978,05/12/2024,MIAMI,LP05,1,35381.0,0.0,cash,C2144
ORD-005998,05/12/2024,Miami,SP07,1,14676.0,0.0,credit card,C1501
ORD-005999,05/12/2024,Dokki,KA08,1,5502.0,0.0,Valu/Installments,C0905
ORD-005980,05/12/2024,6th of October,SP01,1,16114.0,0.0,Installments,C0180
ORD-006013,06/12/2024,Heliopolis,AX04,4,256.0,0.0,Visa/Mastercard,C2286
ORD-006015,06/12/2024,Dokki,AX07,2,757.0,0.0,Cash,C1512
ORD-006014,06/12/2024,Mansoura,AU05,1,3286.0,0.0,installments,C1704
ORD-006012,06/12/2024,Mansoura,AU04,2,1493.0,0.0,Mobile Wallet,
ORD-006011,06/12/2024,Dokki,AX05,4,2492.0,0.0,mobile wallet,
ORD-006010,06/12/2024,Heliopolis,AC01,1,34087.0,0.0,Installments,C1479
ORD-006009,06/12/2024,6th of October,LP05,1,34705.0,0.0,Valu/Installments,
ORD-006008,06/12/2024,Smouha,KA06,1,12395.0,0.0,installments,
ORD-006007,06/12/2024,Nasr City,AU04,1,1464.0,0.0,Credit Card,C0249
RET-000115,06/12/2024,NASR CITY,SP05,-1,19946.0,0.0,Credit Card,C0328
ORD-006005,06/12/2024,NASR CITY,SP05,1,19946.0,0.0,Credit Card,C0328
ORD-006004,06/12/2024,Dokki,AX02,3,359.0,0.0,Mobile Wallet,C2013
ORD-006003,06/12/2024,Heliopolis,SP06,1,9602.0,0.0,Visa/Mastercard,C0855
ORD-006002,06/12/2024,Miami,AX10,5,446.0,0.0,Cash,C0054
ORD-006001,06/12/2024,Dokki,TV01,1,31110.0,0.0,installments,C0291
ORD-006000,06/12/2024,Mansoura,AX11,3,393.0,0.0,Visa/Mastercard,C2482
RET-000004,06/12/2024,Heliopolis,AC01,-1,34087.0,0.0,Installments,C1479
ORD-006006,06/12/2024,Miami,SP04,1,11386.0,0.0,mobile wallet,C1918
ORD-006027,07/12/2024,Nasr City,TV05,1,23660.0,0.0,Installments,C0415
ORD-006026,07/12/2024,Dokki,AC02,1,46291.0,0.05,installments,C0398
ORD-006025,07/12/2024,Maadi,LP04,1,80252.0,0.0,Valu/Installments,C2128
ORD-006024,07/12/2024,Nasr City,AX11,2,394.0,0.0,cash,
ORD-006023,07/12/2024,Heliopolis,AX02,1,348.0,0.0,cash,C0885
ORD-006019,07/12/2024,Smouha,AC01,1,32724.0,0.0,credit card,C0167
ORD-006021,07/12/2024,6th of October,SP07,1,14848.0,0.0,credit card,C1245
ORD-006020,07/12/2024,Mansoura,AX08,4,1322.0,0.0,Mobile Wallet,C0289
ORD-006017,07/12/2024,Maadi,KA03,2,6809.0,0.0,installments,C1089
ORD-006016,07/12/2024,Smouha,LP03,1,31770.0,0.0,CASH,C0239
ORD-006028,07/12/2024,Dokki,TB04,1,17108.0,0.0,VF Cash,
ORD-006022,07/12/2024,Maadi,AX10,4,445.0,0.0,Cash,C0320
ORD-006018,07/12/2024,Maadi,TB01,1,24839.0,0.0,installments,C2167
ORD-006029,07/12/2024,Heliopolis,SP06,1,10072.0,0.0,Mobile Wallet,C0947
ORD-006031,07/12/2024,Dokki,AU05,2,3197.0,0.0,installments,C1579
ORD-006036,07/12/2024,Mansoura,AU03,2,13878.0,0.0,Installments,C2156
ORD-006035,07/12/2024,Smouha,AX06,3,1179.0,0.0,credit card,
ORD-006030,07/12/2024,Dokki,LP06,1,21731.0,0.0,Visa/Mastercard,C2178
ORD-006037,07/12/2024,Miami,SP06,1,9604.0,0.0,Credit Card,C1019
ORD-006034,07/12/2024,Maadi,KA04,2,24221.0,0.0,Installments,C0792
ORD-006033,07/12/2024,Maadi,AX11,2,405.0,0.0,CASH,C0777
ORD-006032,07/12/2024,Miami,LP01,1,27820.0,0.0,Visa/Mastercard,
RET-000087,07/12/2024,Maadi,AX10,-4,445.0,0.0,Cash,C0320
ORD-006048,08/12/2024,Mansoura,SP08,1,,0.0,Visa/Mastercard,C1750
ORD-006054,08/12/2024,Smouha,SP02,1,52342.0,0.0,Credit Card,C2068
ORD-006053,08/12/2024,Heliopolis,TV05,1,23691.0,0.0,installments,C1645
ORD-006052,08/12/2024,Dokki ,TV05,1,23373.0,0.0,Installments,C2253
ORD-006051,08/12/2024,Heliopolis,AC01,1,34162.0,0.0,Installments,C0739
ORD-006050,08/12/2024,Smouha,SP01,1,16414.0,0.0,Cash,C0684
ORD-006049,08/12/2024,Maadi,AU01,2,6465.0,0.0,credit card,C0427
ORD-006047,08/12/2024,Nasr City,AC01,1,34289.0,0.0,credit card,C1879
ORD-006046,08/12/2024,Heliopolis,KA08,2,5534.0,0.0,VF Cash,C1467
RET-000054,08/12/2024,Nasr City,AC01,-1,34289.0,0.0,credit card,C1879
ORD-006044,08/12/2024,Heliopolis,SP01,1,16668.0,0.0,credit card,C0433
ORD-006043,08/12/2024,Heliopolis,TV02,1,25928.0,0.0,Installments,C1701
ORD-006042,08/12/2024,6th of October,AU02,1,9139.0,0.0,Credit Card,C2287
ORD-006041,08/12/2024,Dokki,SP06,1,9644.0,0.0,Mobile Wallet,C2288
ORD-006040,08/12/2024,6th of October,AU05,1,3128.0,0.0,Cash,C0733
ORD-006039,08/12/2024,Maadi,SP06,1,9616.0,0.05,credit card,
ORD-006038,08/12/2024,Mansoura,TV05,1,24183.0,0.0,Credit Card,C2335
ORD-006045,08/12/2024,Heliopolis,SP05,1,19447.0,0.0,Valu/Installments,C2362
ORD-006071,09/12/2024,Maadi,KA06,2,12145.0,0.0,Credit Card,
ORD-006072,09/12/2024,maadi,SP03,1,57700.0,0.0,Valu/Installments,C2235
ORD-006073,09/12/2024,Dokki,AU04,1,1413.0,0.0,Credit Card,C0877
ORD-006074,09/12/2024,Mansoura,AX03,2,559.0,0.0,Cash,C1537
ORD-006070,09/12/2024,Mansoura,AU04,1,1468.0,0.0,Visa/Mastercard,C2307
ORD-006076,09/12/2024,Mansoura,AU02,2,9151.0,0.0,Mobile Wallet,C1041
ORD-006077,09/12/2024,Mansoura,AC02,1,47427.0,0.0,Installments,C1475
ORD-006057,09/12/2024,Dokki,SP04,1,11600.0,0.0,Credit Card,C2187
ORD-006078,09/12/2024,Miami,TB04,1,17759.0,0.0,Credit Card,C1854
ORD-006075,09/12/2024,Smouha,AX03,2,537.0,0.0,Cash,C2254
ORD-006069,09/12/2024,Heliopolis,AX07,2,737.0,0.0,credit card,C0986
ORD-006055,09/12/2024,Mansoura,AX04,3,256.0,0.0,cash,C1383
ORD-006067,09/12/2024,Mansoura,LP04,1,79397.0,0.0,Installments,C1325
ORD-006066,09/12/2024,NASR CITY,AU02,1,8860.0,0.0,cash,C1764
ORD-006065,09/12/2024,Smouha,SP06,1,,0.0,Credit Card,C1689
ORD-006064,09/12/2024,Nasr City,AU03,1,13517.0,0.0,Installments,C1523
ORD-006063,09/12/2024,6th of october,AX01,4,950.0,0.0,installments,C1330
ORD-006062,09/12/2024,Heliopolis,AX09,1,1889.0,0.0,CASH,C2254
ORD-006061,09/12/2024,DOKKI,AU02,1,9032.0,0.0,Valu/Installments,C1291
ORD-006060,09/12/2024,6th of October,AX08,3,1331.0,0.0,CASH,C1444
ORD-006056,09/12/2024,Dokki,SP01,1,16185.0,0.0,VF Cash,C0648
ORD-006059,09/12/2024,Dokki,TV06,1,90029.0,0.0,Credit Card,C1815
ORD-006068,09/12/2024,Nasr City,SP02,1,53028.0,0.0,Valu/Installments,C2493
ORD-006058,09/12/2024,6th of October,AX04,2,246.0,0.0,Credit Card,C2458
ORD-006082,10/12/2024,Dokki,AU02,2,8806.0,0.0,Credit Card,C0001
ORD-006079,10/12/2024,Smouha,AX05,1,2470.0,0.0,Visa/Mastercard,
ORD-006083,10/12/2024,Dokki,LP05,1,34629.0,0.0,VF Cash,C0142
ORD-006080,10/12/2024,Smouha,AX01,3,930.0,0.0,cash,C1833
ORD-006084,10/12/2024,Mansoura,TB03,1,9284.0,0.05,Mobile Wallet,C1166
ORD-006081,10/12/2024,Heliopolis,TV04,1,40952.0,0.0,Installments,C1627
ORD-006101,10/12/2024,Smouha,AX02,4,350.0,0.0,CASH,C2338
ORD-006100,10/12/2024,Smouha,TV04,1,41395.0,0.0,Mobile Wallet,C2279
ORD-006099,10/12/2024,Mansoura,TV04,1,41938.0,0.0,Installments,C2095
ORD-006097,10/12/2024,Smouha,SP07,1,14181.0,0.0,Credit Card,C1131
ORD-006096,10/12/2024,6th of October,AC05,1,38406.0,0.0,VF Cash,C0089
ORD-006095,10/12/2024,Heliopolis,AX11,3,406.0,0.0,cash,C1290
ORD-006094,10/12/2024,6th of October,LP06,1,21861.0,0.0,CASH,
ORD-006093,10/12/2024,Miami,AU05,1,,0.0,installments,C0880
ORD-006098,10/12/2024,Smouha,KA05,1,9855.0,0.0,Credit Card,C2268
ORD-006091,10/12/2024,Dokki,AX07,1,772.0,0.0,Mobile Wallet,C1231
ORD-006090,10/12/2024,6th of October,TV01,1,31981.0,0.05,Credit Card,C0027
ORD-006089,10/12/2024,Heliopolis,AX12,1,898.0,0.0,Installments,C1237
ORD-006088,10/12/2024,Nasr City,TB03,1,9427.0,0.0,Valu/Installments,C0554
ORD-006087,10/12/2024,6th of October,SP07,1,14493.0,0.0,credit card,C2121
ORD-006086,10/12/2024,Smouha,AU01,2,6476.0,0.0,installments,C0067
ORD-006085,10/12/2024,Smouha,AX10,5,447.0,0.0,cash,C2441
ORD-006092,10/12/2024,Miami,AX11,4,390.0,0.0,Valu/Installments,C0909
ORD-006115,11/12/2024,DOKKI,SP03,1,56777.0,0.0,Valu/Installments,C1050
ORD-006116,11/12/2024,NASR CITY,TV02,1,26867.0,0.0,credit card,
ORD-006117,11/12/2024,Nasr City,SP02,1,53168.0,0.0,installments,C1231
ORD-006118,11/12/2024,Nasr City,SP06,1,9521.0,0.0,CASH,C0377
ORD-006122,11/12/2024,Smouha,KA06,1,12173.0,0.05,Installments,C0891
ORD-006120,11/12/2024,Miami,AX12,5,889.0,0.0,Visa/Mastercard,C1638
ORD-006121,11/12/2024,Dokki,AX02,5,353.0,0.0,credit card,C2331
ORD-006123,11/12/2024,Nasr City,AX12,2,894.0,0.0,cash,C0317
ORD-006114,11/12/2024,Nasr City,TV01,1,32637.0,0.0,Cash,C0955
ORD-006119,11/12/2024,Dokki,TB01,1,23933.0,0.0,Valu/Installments,C2337
ORD-006113,11/12/2024,Dokki,LP02,1,41875.0,0.0,Installments,C1024
ORD-006109,11/12/2024,Maadi,AU05,2,3173.0,0.0,Cash,C0567
ORD-006111,11/12/2024,Dokki,AU05,1,3262.0,0.0,installments,C1504
ORD-006110,11/12/2024,6th of October,AU02,2,8844.0,0.0,mobile wallet,C1086
ORD-006108,11/12/2024,Heliopolis,AU03,1,13229.0,0.0,Credit Card,C0640
ORD-006107,11/12/2024,Heliopolis,AX05,3,2450.0,0.0,cash,C1457
ORD-006106,11/12/2024,Heliopolis,SP01,1,16883.0,0.0,Credit Card,C1886
ORD-006105,11/12/2024,Miami,AX01,2,956.0,0.0,Credit Card,C0155
ORD-006104,11/12/2024,6th of october,AX08,3,,0.0,mobile wallet,C0387
ORD-006103,11/12/2024,Dokki,AX01,4,960.0,0.0,CASH,C0634
ORD-006102,11/12/2024,Maadi,AU02,2,8844.0,0.0,installments,C2342
ORD-006112,11/12/2024,Dokki,LP01,1,28495.0,0.0,credit card,C2385
ORD-006132,12/12/2024,Dokki,AC03,1,26451.0,0.0,CASH,C0154
ORD-006131,12/12/2024,heliopolis,AX08,3,1378.0,0.0,VF Cash,C1231
ORD-006130,12/12/2024,Miami,AX02,3,349.0,0.0,VF Cash,C2439
ORD-006129,12/12/2024,Heliopolis,AX11,3,408.0,0.05,Credit Card,C0391
ORD-006124,12/12/2024,Smouha,TV04,1,41572.0,0.0,Visa/Mastercard,C1330
ORD-006127,12/12/2024,Smouha,AX09,4,1895.0,0.0,cash,C2000
ORD-006126,12/12/2024,mansoura,TB04,1,17628.0,0.0,credit card,C0709
ORD-006125,12/12/2024,Mansoura,AU01,2,6416.0,0.0,Visa/Mastercard,C1977
ORD-006133,12/12/2024,Smouha,AX01,2,966.0,0.0,cash,
ORD-006128,12/12/2024,Heliopolis,AU02,2,8712.0,0.0,cash,C2361
ORD-006134,12/12/2024,Miami,AU03,1,13502.0,0.0,CASH,C2361
ORD-006135,12/12/2024,Miami,AC03,1,26261.0,0.0,Installments,C1563
ORD-006137,12/12/2024,heliopolis,SP02,1,51324.0,0.0,cash,C0230
ORD-006138,12/12/2024,Maadi,LP05,1,35121.0,0.0,credit card,C1370
ORD-006139,12/12/2024,nasr city,TV02,1,26138.0,0.0,Credit Card,C1426
ORD-006136,12/12/2024,6th of october,KA05,1,9759.0,0.0,Credit Card,C0322
ORD-006162,13/12/2024,Dokki,KA03,2,6762.0,0.0,Visa/Mastercard,
ORD-006157,13/12/2024,Mansoura,AX05,5,2400.0,0.0,mobile wallet,C0905
ORD-006158,13/12/2024,Nasr City,AU03,1,13457.0,0.0,Credit Card,C0628
ORD-006159,13/12/2024,Mansoura,LP02,1,41080.0,0.0,Credit Card,C0207
ORD-006160,13/12/2024,Heliopolis,TV05,1,23708.0,0.05,Visa/Mastercard,C1610
ORD-006161,13/12/2024,Miami,TB02,1,13497.0,0.0,Mobile Wallet,C1826
ORD-006164,13/12/2024,Smouha,SP02,1,52805.0,0.0,mobile wallet,C2357
ORD-006155,13/12/2024,6th of October,AX06,3,1165.0,0.0,VF Cash,C1339
ORD-006165,13/12/2024,Nasr City,SP08,1,43992.0,0.0,Visa/Mastercard,C2068
ORD-006166,13/12/2024,Smouha,AU01,1,6446.0,0.0,Visa/Mastercard,C0369
ORD-006167,13/12/2024,Heliopolis,KA08,1,5292.0,0.0,Cash,C0910
ORD-006168,13/12/2024,Heliopolis,TB02,1,13792.0,0.0,CASH,C1770
ORD-006163,13/12/2024,Miami,AX02,1,353.0,0.0,Visa/Mastercard,C2438
ORD-006154,13/12/2024,Miami,LP01,1,27932.0,0.0,credit card,C0613
ORD-006156,13/12/2024,Smouha,KA01,1,4186.0,0.0,Visa/Mastercard,C2058
ORD-006152,13/12/2024,Nasr City,KA03,2,6723.0,0.0,Visa/Mastercard,C2212
ORD-006140,13/12/2024,Smouha,AC02,1,46705.0,0.0,Visa/Mastercard,C1779
ORD-006141,13/12/2024,Maadi,LP05,1,35506.0,0.0,mobile wallet,C1707
ORD-006153,13/12/2024,6th of October,KA06,1,12266.0,0.0,cash,C2314
ORD-006143,13/12/2024,Smouha,KA01,2,4301.0,0.0,VF Cash,C0929
ORD-006144,13/12/2024,Maadi,AU05,1,3163.0,0.0,VF Cash,C2468
ORD-006145,13/12/2024,6th of October,TB04,1,17326.0,0.0,Credit Card,C0047
ORD-006142,13/12/2024,Dokki,AU02,1,9027.0,0.0,mobile wallet,C0494
ORD-006147,13/12/2024,Heliopolis,AX10,3,462.0,0.0,Credit Card,C0222
ORD-006148,13/12/2024,Nasr City,AC02,1,45894.0,0.0,Valu/Installments,C1249
ORD-006149,13/12/2024,Mansoura,KA01,2,4258.0,0.0,Credit Card,C2148
ORD-006150,13/12/2024,Dokki,LP05,1,36359.0,0.0,Valu/Installments,C0169
ORD-006151,13/12/2024,NASR CITY,KA07,1,18831.0,0.0,Cash,C1308
ORD-006146,13/12/2024,Smouha,SP07,1,14216.0,0.0,installments,C1567
ORD-006179,14/12/2024,Heliopolis,AX12,1,923.0,0.0,Cash,C2246
ORD-006186,14/12/2024,Nasr City,TB04,1,17545.0,0.0,credit card,C1780
ORD-006185,14/12/2024,Nasr City,AX04,1,254.0,0.0,CASH,C2056
ORD-006184,14/12/2024,Dokki,AX11,1,407.0,0.0,cash,C1633
ORD-006183,14/12/2024,Dokki,AC06,1,42262.0,0.0,cash,
ORD-006182,14/12/2024,Smouha,AX06,4,1134.0,0.0,Credit Card,C0349
ORD-006181,14/12/2024,Mansoura,AX11,3,400.0,0.0,installments,C1076
ORD-006180,14/12/2024,Smouha,TV04,1,41850.0,0.0,credit card,C1636
ORD-006178,14/12/2024,Heliopolis,AX07,5,744.0,0.0,Credit Card,C0202
ORD-006188,14/12/2024,Heliopolis,AX06,3,1165.0,0.0,Cash,C0535
ORD-006176,14/12/2024,Miami,AC06,1,40962.0,0.0,Credit Card,C1950
ORD-006175,14/12/2024,Maadi,AX02,1,,0.0,credit card,C0339
ORD-006174,14/12/2024,Maadi,TB02,1,13785.0,0.05,Cash,C1377
ORD-006173,14/12/2024,Nasr City,KA01,2,4226.0,0.0,Credit Card,
ORD-006172,14/12/2024,Dokki,LP06,1,21398.0,0.0,Visa/Mastercard,C0542
ORD-006171,14/12/2024,Dokki,SP02,1,52064.0,0.0,Valu/Installments,C0607
ORD-006170,14/12/2024,Miami,AX03,3,546.0,0.0,credit card,C1616
ORD-006169,14/12/2024,Mansoura,AX09,2,1901.0,0.0,cash,C1187
RET-000097,14/12/2024,Nasr City,KA05,-2,9778.0,0.0,CASH,
ORD-006177,14/12/2024,Dokki,AX12,4,896.0,0.0,Credit Card,C2341
ORD-006187,14/12/2024,Nasr City,KA05,2,9778.0,0.0,CASH,
ORD-006196,15/12/2024,Miami,AX08,2,1311.0,0.0,Valu/Installments,C0804
ORD-006203,15/12/2024,Nasr City,SP03,1,56284.0,0.0,credit card,C1762
ORD-006207,15/12/2024,6th of October,AC01,1,33902.0,0.0,mobile wallet,
ORD-006206,15/12/2024,Mansoura,AU01,1,6595.0,0.05,cash,C2360
ORD-006205,15/12/2024,maadi,AU05,2,3254.0,0.0,Credit Card,
ORD-006204,15/12/2024,Nasr City,AU03,2,13725.0,0.0,Installments,C1325
ORD-006202,15/12/2024,Heliopolis,AU01,2,6497.0,0.0,Cash,C1091
ORD-006201,15/12/2024,Miami,KA02,2,3610.0,0.0,CASH,C0294
ORD-006200,15/12/2024,Heliopolis,AC04,1,59594.0,0.0,credit card,C0993
ORD-006198,15/12/2024,Maadi,AX06,3,1141.0,0.0,Installments,C2148
ORD-006199,15/12/2024,Nasr City,AX04,5,253.0,0.0,Visa/Mastercard,C1009
ORD-006195,15/12/2024,Miami,AU04,2,1471.0,0.0,VF Cash,C2341
ORD-006194,15/12/2024,Smouha,AX06,1,1166.0,0.0,Visa/Mastercard,C1620
ORD-006193,15/12/2024,DOKKI,SP05,1,19541.0,0.0,credit card,C1999
ORD-006192,15/12/2024,Maadi,SP03,1,58450.0,0.0,Installments,C0812
ORD-006191,15/12/2024,Dokki,KA07,2,18693.0,0.0,credit card,C2291
ORD-006190,15/12/2024,Smouha,LP06,1,21406.0,0.0,Valu/Installments,C1970
ORD-006189,15/12/2024,Heliopolis,AX08,5,1317.0,0.0,Cash,C0553
ORD-006197,15/12/2024,Mansoura,KA05,2,9826.0,0.0,Cash,C2299
ORD-006223,16/12/2024,Smouha,LP03,1,30817.0,0.0,installments,C1433
ORD-006221,16/12/2024,Maadi,AU02,1,8731.0,0.0,Valu/Installments,C1249
ORD-006222,16/12/2024,Smouha,AX12,2,882.0,0.0,Cash,C0694
ORD-006224,16/12/2024,6th of October,SP05,1,19541.0,0.0,Credit Card,C1812
ORD-006217,16/12/2024,Nasr City,TV02,1,27017.0,0.0,Valu/Installments,C1314
ORD-006226,16/12/2024,Dokki,AC04,1,56833.0,0.0,CASH,C0598
ORD-006227,16/12/2024,Mansoura,LP04,1,76947.0,0.0,Installments,C1805
ORD-006228,16/12/2024,Miami,LP02,1,41014.0,0.0,installments,C0184
ORD-006220,16/12/2024,Smouha,SP04,1,11663.0,0.0,Credit Card,C0100
ORD-006225,16/12/2024,6th of October,AX05,2,2439.0,0.0,Mobile Wallet,
ORD-006219,16/12/2024,Nasr City,LP06,1,22237.0,0.0,Visa/Mastercard,C2433
ORD-006212,16/12/2024,Maadi,AX08,2,1345.0,0.0,Valu/Installments,C1497
ORD-006209,16/12/2024,Maadi,AX07,3,769.0,0.05,VF Cash,C0461
ORD-006216,16/12/2024,Heliopolis,SP04,1,11185.0,0.0,cash,C0781
ORD-006215,16/12/2024,6TH OF OCTOBER,AX08,5,1323.0,0.0,Visa/Mastercard,
ORD-006214,16/12/2024,Nasr City,TV02,1,26787.0,0.0,Cash,C1427
ORD-006213,16/12/2024,6th of October,SP04,1,11204.0,0.0,Credit Card,
ORD-006211,16/12/2024,Miami,SP07,1,14245.0,0.0,Valu/Installments,C1735
ORD-006210,16/12/2024,Heliopolis,SP04,1,11574.0,0.05,CASH,C1695
ORD-006218,16/12/2024,Maadi,AC04,1,57819.0,0.0,Visa/Mastercard,C1412
ORD-006208,16/12/2024,Miami,AU04,1,1474.0,0.0,Cash,C0367
ORD-006238,17/12/2024,Dokki,KA01,2,4224.0,0.0,credit card,C0996
ORD-006239,17/12/2024,Nasr City,AC01,1,34071.0,0.0,Valu/Installments,C0605
ORD-006240,17/12/2024,Miami,AX08,5,1317.0,0.0,Mobile Wallet,C1179
ORD-006245,17/12/2024,Dokki,AX12,2,899.0,0.0,cash,C1844
ORD-006246,17/12/2024,Miami,TB02,1,13258.0,0.0,VF Cash,C1930
ORD-006237,17/12/2024,Miami,TV04,1,40593.0,0.0,Visa/Mastercard,C0224
ORD-006241,17/12/2024,6th of October,AX08,2,1327.0,0.0,cash,C0057
ORD-006236,17/12/2024,Mansoura,TB04,1,18024.0,0.0,cash,
ORD-006242,17/12/2024,Nasr City,KA02,2,3682.0,0.0,installments,C1407
ORD-006234,17/12/2024,Maadi,LP03,1,31266.0,0.0,installments,C0352
ORD-006233,17/12/2024,6th of October,LP01,1,28831.0,0.0,Mobile Wallet,C0639
ORD-006232,17/12/2024,Nasr City,SP04,1,11556.0,0.0,installments,C1532
ORD-006231,17/12/2024,Mansoura,AX11,2,391.0,0.0,Visa/Mastercard,C0818
ORD-006230,17/12/2024,Mansoura,TV02,1,27047.0,0.0,Credit Card,
ORD-006229,17/12/2024,Nasr City,LP06,1,21521.0,0.0,Credit Card,C0957
ORD-006244,17/12/2024,Dokki,AX02,5,344.0,0.0,Installments,C1250
ORD-006235,17/12/2024,Dokki,AU03,1,13475.0,0.0,Mobile Wallet,C0461
ORD-006243,17/12/2024,Smouha,SP07,1,14143.0,0.0,Credit Card,C0456
ORD-006250,18/12/2024,Smouha,AX05,3,2483.0,0.0,CASH,C2204
ORD-006247,18/12/2024,Nasr City,SP03,1,57849.0,0.0,installments,C0094
ORD-006258,18/12/2024,Heliopolis,AX08,3,1316.0,0.0,Visa/Mastercard,C1979
ORD-006256,18/12/2024,Dokki,AU01,2,6648.0,0.0,Credit Card,C1060
ORD-006255,18/12/2024,Smouha,TB02,1,13270.0,0.0,cash,
ORD-006254,18/12/2024,Dokki,SP08,1,43862.0,0.0,credit card,C2144
ORD-006257,18/12/2024,Mansoura,SP06,1,9699.0,0.0,Cash,C2248
ORD-006252,18/12/2024,Nasr City,LP05,1,34987.0,0.0,Valu/Installments,C0835
ORD-006251,18/12/2024,6th of October,AX07,3,744.0,0.0,Valu/Installments,C0868
ORD-006249,18/12/2024,Heliopolis,AU05,2,3134.0,0.0,credit card,C0857
ORD-006248,18/12/2024,Mansoura,TB04,1,17151.0,0.0,Visa/Mastercard,C1360
ORD-006253,18/12/2024,Smouha,KA04,1,24530.0,0.0,CASH,C2239
ORD-006278,19/12/2024,Mansoura,AX04,2,244.0,0.0,CASH,C1112
ORD-006269,19/12/2024,Nasr City,AU03,1,13151.0,0.05,Visa/Mastercard,C1164
ORD-006277,19/12/2024,Heliopolis,SP01,1,16057.0,0.0,Visa/Mastercard,C1592
ORD-006276,19/12/2024,6th of October,TB01,1,25211.0,0.0,cash,C0273
ORD-006275,19/12/2024,Nasr City,AX10,3,447.0,0.0,Credit Card,
ORD-006274,19/12/2024,Smouha,LP02,1,41259.0,0.0,Valu/Installments,C0035
ORD-006272,19/12/2024,Heliopolis,LP05,1,34602.0,0.0,Visa/Mastercard,C0218
ORD-006271,19/12/2024,Smouha ,AX05,5,2405.0,0.0,Installments,C1112
ORD-006270,19/12/2024,Miami,AU04,1,1475.0,0.0,Cash,C0823
ORD-006268,19/12/2024,Nasr City,TV01,1,31133.0,0.0,installments,C0247
ORD-006273,19/12/2024,Nasr City,KA02,2,3514.0,0.0,Visa/Mastercard,C1905
ORD-006266,19/12/2024,heliopolis,SP07,1,14540.0,0.05,Visa/Mastercard,C0698
ORD-006267,19/12/2024,Nasr City,KA05,1,9519.0,0.0,Visa/Mastercard,
ORD-006259,19/12/2024,Miami,SP04,1,11444.0,0.0,Cash,C0579
ORD-006260,19/12/2024,Miami,AX10,3,461.0,0.0,VF Cash,C0076
ORD-006261,19/12/2024,Smouha,AX02,4,340.0,0.0,Cash,C1543
RET-000046,19/12/2024,Nasr City,KA05,-1,9519.0,0.0,Visa/Mastercard,
ORD-006263,19/12/2024,Dokki,TB01,1,24544.0,0.0,Credit Card,C2158
ORD-006264,19/12/2024,Heliopolis,AX11,1,403.0,0.0,Cash,C0179
ORD-006265,19/12/2024,HELIOPOLIS,KA01,2,4285.0,0.0,Credit Card,C1047
ORD-006262,19/12/2024,Miami,TB04,1,17135.0,0.0,cash,C2388
ORD-006298,20/12/2024,Heliopolis,KA08,2,5306.0,0.05,cash,C2297
ORD-006299,20/12/2024,6th of October,AX03,1,562.0,0.0,cash,C0089
ORD-006290,20/12/2024,Dokki,KA03,2,6976.0,0.0,Credit Card,C2446
ORD-006297,20/12/2024,Heliopolis,AU02,1,8940.0,0.0,Valu/Installments,C1876
ORD-006296,20/12/2024,6th of October,LP06,1,22020.0,0.0,credit card,
ORD-006295,20/12/2024,6th of October,KA01,2,4230.0,0.0,Mobile Wallet,C2051
ORD-006294,20/12/2024,Heliopolis,AU05,2,3193.0,0.0,Visa/Mastercard,C0815
ORD-006293,20/12/2024,Smouha,AU03,1,13345.0,0.0,Cash,C0764
ORD-006292,20/12/2024,Miami,AX04,3,256.0,0.0,Visa/Mastercard,C0361
ORD-006291,20/12/2024,Maadi,AU04,2,1460.0,0.05,VF Cash,C2178
ORD-006289,20/12/2024,Smouha,AX03,4,552.0,0.0,Cash,C1986
ORD-006284,20/12/2024,Heliopolis,KA02,1,3552.0,0.0,CASH,C0947
ORD-006287,20/12/2024,Mansoura,AX03,5,538.0,0.0,Installments,C0408
ORD-006286,20/12/2024,Mansoura,AX06,4,1159.0,0.0,Credit Card,C2083
ORD-006285,20/12/2024,heliopolis,AU05,2,3163.0,0.0,installments,C1560
ORD-006283,20/12/2024,Dokki,AX11,1,406.0,0.0,credit card,C1584
ORD-006282,20/12/2024,Smouha,AU03,2,13592.0,0.0,Valu/Installments,C1199
ORD-006281,20/12/2024,Heliopolis,LP04,1,77207.0,0.0,credit card,C0079
ORD-006280,20/12/2024,Heliopolis,AU03,2,13102.0,0.0,Installments,C0442
ORD-006279,20/12/2024,Dokki,AX02,3,356.0,0.0,Cash,C1476
ORD-006301,20/12/2024,Dokki,KA02,1,3580.0,0.0,installments,C1014
RET-000033,20/12/2024,Dokki,AX02,-3,356.0,0.0,Cash,C1476
ORD-006288,20/12/2024,Smouha,AU01,1,6494.0,0.0,CASH,C1293
ORD-006300,20/12/2024,Nasr City,TV05,1,24294.0,0.0,credit card,C0163
RET-000050,21/12/2024,Nasr City,AU01,-2,6375.0,0.0,VF Cash,
ORD-006320,21/12/2024,Mansoura,SP01,1,16899.0,0.0,Visa/Mastercard,C1586
ORD-006333,21/12/2024,Heliopolis,SP05,1,19705.0,0.0,credit card,C0932
ORD-006331,21/12/2024,Heliopolis,SP08,1,44665.0,0.0,installments,C1566
ORD-006330,21/12/2024,Mansoura,SP05,1,19854.0,0.0,Credit Card,C0360
ORD-006329,21/12/2024,Dokki,AU04,1,1425.0,0.0,cash,C0563
ORD-006328,21/12/2024,Dokki,AX04,1,250.0,0.0,CASH,C1610
ORD-006327,21/12/2024,Nasr City,AX07,5,740.0,0.0,CASH,C1400
ORD-006326,21/12/2024,6th of October,AX08,5,1367.0,0.0,Installments,C0622
ORD-006325,21/12/2024,Miami,SP02,1,52872.0,0.0,credit card,C0924
ORD-006324,21/12/2024,Heliopolis,SP07,1,14362.0,0.0,Installments,C1148
ORD-006323,21/12/2024,Nasr City,AU01,2,6375.0,0.0,VF Cash,
ORD-006322,21/12/2024,Mansoura,AX08,1,1311.0,0.0,credit card,C2274
ORD-006321,21/12/2024,Smouha,AX05,1,2405.0,0.0,VF Cash,C0121
ORD-006319,21/12/2024,Nasr City,KA02,2,3636.0,0.0,VF Cash,C1056
ORD-006318,21/12/2024,Smouha,SP03,1,57191.0,0.0,Valu/Installments,C0254
ORD-006317,21/12/2024,Miami,AC01,1,33975.0,0.0,installments,C1130
ORD-006316,21/12/2024,Smouha,AX10,4,442.0,0.0,Visa/Mastercard,
ORD-006315,21/12/2024,Maadi,SP07,1,14523.0,0.05,Cash,C2054
ORD-006314,21/12/2024,Maadi,AX03,5,560.0,0.0,Credit Card,C0968
ORD-006313,21/12/2024,NASR CITY,SP07,1,14224.0,0.0,cash,C1239
ORD-006312,21/12/2024,Miami,KA04,2,24752.0,0.0,credit card,C1456
ORD-006311,21/12/2024,Miami,AX11,3,390.0,0.0,VF Cash,C1442
ORD-006310,21/12/2024,6th of October,LP05,1,36042.0,0.0,installments,C1421
ORD-006309,21/12/2024,Nasr City,AU04,2,1484.0,0.0,Mobile Wallet,C0076
ORD-006308,21/12/2024,Dokki,AU02,2,8944.0,0.0,Cash,
ORD-006307,21/12/2024,Maadi,AC06,1,41981.0,0.0,Valu/Installments,C0644
ORD-006306,21/12/2024,Heliopolis,AX09,2,1885.0,0.0,Cash,C1612
ORD-006305,21/12/2024,Dokki,LP04,1,76552.0,0.0,Visa/Mastercard,C2007
ORD-006304,21/12/2024,Nasr City,SP02,1,53499.0,0.0,Installments,C1367
ORD-006332,21/12/2024,Smouha,SP04,1,11291.0,0.0,Credit Card,C2133
ORD-006303,21/12/2024,Dokki,AX03,4,558.0,0.0,Credit Card,C1249
ORD-006302,21/12/2024,Mansoura,AU01,2,6470.0,0.0,cash,C2169
ORD-006335,21/12/2024,Dokki,LP04,1,75837.0,0.0,credit card,C0985
ORD-006336,21/12/2024,Maadi,TB03,1,9631.0,0.0,Installments,C2347
ORD-006337,21/12/2024,Mansoura,SP05,1,19485.0,0.0,Mobile Wallet,C0626
ORD-006338,21/12/2024,6th of October,KA06,1,12457.0,0.0,CASH,C1747
ORD-006339,21/12/2024,maadi,SP08,1,45422.0,0.05,mobile wallet,C1280
ORD-006334,21/12/2024,Miami,AX12,5,881.0,0.05,mobile wallet,C1710
ORD-006350,22/12/2024,Nasr City,AX01,5,976.0,0.05,Installments,C0566
ORD-006348,22/12/2024,Nasr City,AX05,1,2475.0,0.0,mobile wallet,C2218
ORD-006347,22/12/2024,Maadi,SP05,1,18922.0,0.0,Installments,C2380
ORD-006346,22/12/2024,Mansoura,TB01,1,23775.0,0.0,Cash,C0568
ORD-006345,22/12/2024,MANSOURA,AX07,2,752.0,0.0,cash,C0847
ORD-006349,22/12/2024,Smouha,AX08,2,1336.0,0.0,cash,C0829
ORD-006344,22/12/2024,Maadi,AX09,2,1812.0,0.0,Visa/Mastercard,C0540
ORD-006343,22/12/2024,Heliopolis,AC06,1,41827.0,0.0,CASH,C2221
ORD-006342,22/12/2024,Dokki,AX09,4,1838.0,0.0,mobile wallet,C1840
ORD-006341,22/12/2024,Dokki,TB03,1,9615.0,0.0,cash,C1349
ORD-006340,22/12/2024,Dokki,AX02,4,360.0,0.0,Visa/Mastercard,C2480
ORD-006357,23/12/2024,Nasr City,KA04,1,24000.0,0.05,Visa/Mastercard,C0648
ORD-006358,23/12/2024,Smouha,SP06,1,9932.0,0.0,installments,C1301
ORD-006359,23/12/2024,Heliopolis,AX01,2,936.0,0.0,credit card,C0278
ORD-006360,23/12/2024,Nasr City ,AX10,4,450.0,0.05,Cash,C2283
ORD-006361,23/12/2024,Smouha,SP03,1,58574.0,0.0,cash,C2184
ORD-006362,23/12/2024,Heliopolis,TV01,1,31468.0,0.0,installments,
ORD-006364,23/12/2024,Heliopolis,AU03,2,13474.0,0.05,installments,C0755
ORD-006356,23/12/2024,Nasr City,AX04,2,256.0,0.0,Cash,C2314
ORD-006354,23/12/2024,Maadi,LP03,1,30850.0,0.0,Mobile Wallet,C1762
ORD-006353,23/12/2024,Nasr City,AX02,5,351.0,0.0,CASH,C0554
ORD-006352,23/12/2024,Dokki,SP05,1,20039.0,0.0,Visa/Mastercard,C2146
ORD-006351,23/12/2024,Mansoura,LP03,1,31072.0,0.0,credit card,C1266
ORD-006363,23/12/2024,Mansoura,AX02,2,351.0,0.0,VF Cash,C0485
RET-000095,23/12/2024,Heliopolis,AX01,-2,936.0,0.0,credit card,C0278
ORD-006355,23/12/2024,Maadi,SP05,1,19620.0,0.0,CASH,C0595
ORD-006382,24/12/2024,6th of October,AU03,1,13503.0,0.0,cash,C2323
ORD-006389,24/12/2024,Miami,AX08,5,1347.0,0.0,CASH,C1472
ORD-006388,24/12/2024,Nasr City,AU04,1,1492.0,0.0,Visa/Mastercard,
ORD-006387,24/12/2024,Mansoura,AX12,5,886.0,0.0,Visa/Mastercard,C0107
ORD-006386,24/12/2024,Mansoura ,AX02,4,349.0,0.0,mobile wallet,C0946
ORD-006385,24/12/2024,Miami,AX09,5,1830.0,0.0,CASH,C0952
ORD-006384,24/12/2024,Maadi,KA04,1,,0.0,Credit Card,C2443
ORD-006383,24/12/2024,Mansoura,LP03,1,31683.0,0.0,Visa/Mastercard,C0946
ORD-006381,24/12/2024,Maadi,SP08,1,43916.0,0.0,CASH,C2481
ORD-006380,24/12/2024,Smouha,AU01,1,6528.0,0.0,cash,C1094
ORD-006379,24/12/2024,Dokki,KA05,1,10045.0,0.0,CASH,C0108
ORD-006378,24/12/2024,Miami,AC03,1,26003.0,0.0,Valu/Installments,C0757
ORD-006377,24/12/2024,Miami,AX08,5,1341.0,0.0,Credit Card,C0539
ORD-006376,24/12/2024,6th of October,SP07,1,14539.0,0.0,Credit Card,C0438
ORD-006375,24/12/2024,Nasr City,AU03,1,13738.0,0.0,Valu/Installments,C0770
ORD-006373,24/12/2024,Miami,LP06,1,22409.0,0.0,Visa/Mastercard,C1122
ORD-006374,24/12/2024,Miami,AC02,1,45258.0,0.0,Valu/Installments,C0623
ORD-006371,24/12/2024,Dokki,AU02,1,9065.0,0.0,Visa/Mastercard,C1243
ORD-006370,24/12/2024,MANSOURA,AU03,1,13201.0,0.0,CASH,C1685
ORD-006369,24/12/2024,Smouha,AU02,1,8839.0,0.05,CASH,C1696
ORD-006368,24/12/2024,Heliopolis,AC06,1,40681.0,0.0,cash,C1306
ORD-006367,24/12/2024,Nasr City,LP02,1,40758.0,0.0,Valu/Installments,C0121
ORD-006366,24/12/2024,Maadi,TV01,1,31819.0,0.05,Visa/Mastercard,C0597
ORD-006365,24/12/2024,Maadi,AC03,1,25579.0,0.0,installments,C1301
ORD-006372,24/12/2024,Nasr City,TB01,1,24410.0,0.0,Visa/Mastercard,C1815
ORD-006395,25/12/2024,Smouha,KA05,1,9872.0,0.0,installments,
ORD-006405,25/12/2024,Smouha,LP06,1,22187.0,0.0,cash,C0792
ORD-006404,25/12/2024,Smouha,SP06,1,9871.0,0.0,cash,C0671
ORD-006403,25/12/2024,Miami,AX07,4,769.0,0.0,Credit Card,C0564
ORD-006396,25/12/2024,Nasr City,SP03,1,57635.0,0.0,Valu/Installments,C1921
ORD-006399,25/12/2024,Nasr City,AX02,2,,0.0,Credit Card,C1588
ORD-006401,25/12/2024,Dokki,TB02,1,13427.0,0.0,Visa/Mastercard,C2013
ORD-006400,25/12/2024,Miami,TV04,1,41851.0,0.0,credit card,
ORD-006397,25/12/2024,Heliopolis,TV06,1,86792.0,0.0,Visa/Mastercard,C1532
ORD-006398,25/12/2024,Mansoura,AX07,4,769.0,0.0,installments,C0754
ORD-006394,25/12/2024,dokki,AX12,3,911.0,0.05,Visa/Mastercard,C2477
ORD-006402,25/12/2024,Smouha,SP02,1,52063.0,0.0,Valu/Installments,C1941
ORD-006393,25/12/2024,Miami,SP04,1,11815.0,0.0,credit card,C2058
RET-000096,25/12/2024,Mansoura,AX07,-4,769.0,0.0,installments,C0754
ORD-006391,25/12/2024,Nasr City,SP07,1,14239.0,0.0,Cash,C1953
ORD-006390,25/12/2024,Miami,AX03,3,546.0,0.0,Cash,C0326
ORD-006408,25/12/2024,Maadi,AX10,2,446.0,0.0,Visa/Mastercard,C1674
ORD-006406,25/12/2024,Nasr City,AX02,5,348.0,0.0,CASH,C0927
ORD-006409,25/12/2024,Mansoura,SP04,1,11711.0,0.0,Installments,C0062
ORD-006410,25/12/2024,Heliopolis,AX09,4,1903.0,0.0,Cash,C1106
ORD-006411,25/12/2024,Dokki,LP06,1,22274.0,0.0,CASH,C1692
ORD-006412,25/12/2024,Miami,LP06,1,21789.0,0.0,Installments,C0912
ORD-006413,25/12/2024,Nasr City,TV01,1,32945.0,0.0,credit card,C0831
ORD-006392,25/12/2024,Smouha,KA06,1,12385.0,0.0,Valu/Installments,C0550
ORD-006407,25/12/2024,Smouha,AU01,2,6371.0,0.0,credit card,C0133
ORD-006414,26/12/2024,Smouha,AC04,1,58911.0,0.0,Installments,C0838
ORD-006415,26/12/2024,Nasr City,SP03,1,58696.0,0.0,Mobile Wallet,C0271
ORD-006416,26/12/2024,Nasr City,AC02,1,45978.0,0.0,Valu/Installments,C0726
ORD-006429,26/12/2024,MAADI,AC04,1,58288.0,0.0,Cash,C2343
ORD-006426,26/12/2024,Dokki,AX07,1,731.0,0.0,Mobile Wallet,C1559
ORD-006425,26/12/2024,Mansoura ,KA05,1,9728.0,0.0,Visa/Mastercard,C2491
ORD-006424,26/12/2024,Dokki,AX06,1,1137.0,0.0,mobile wallet,C0172
ORD-006423,26/12/2024,Heliopolis,KA02,1,3627.0,0.0,Installments,C1659
ORD-006422,26/12/2024,Dokki,KA06,2,12322.0,0.0,Valu/Installments,C1752
ORD-006421,26/12/2024,Heliopolis,LP01,1,29153.0,0.0,CASH,C1011
ORD-006420,26/12/2024,Nasr City,AU05,2,3187.0,0.0,CASH,C1875
ORD-006419,26/12/2024,6th of October,LP01,1,29178.0,0.0,Installments,C1331
ORD-006427,26/12/2024,Nasr City,SP04,1,11327.0,0.0,CASH,C1282
ORD-006428,26/12/2024,6th of October,AX04,5,246.0,0.0,Mobile Wallet,C1615
ORD-006418,26/12/2024,Mansoura,AX04,1,244.0,0.0,cash,C2007
ORD-006430,26/12/2024,Heliopolis,KA08,1,5253.0,0.0,cash,C2433
ORD-006431,26/12/2024,Heliopolis,SP04,1,11743.0,0.0,Credit Card,C2197
ORD-006417,26/12/2024,Heliopolis,AU01,2,6476.0,0.0,cash,C1800
ORD-006432,26/12/2024,6th of October,AX01,3,945.0,0.0,VF Cash,C2152
ORD-006433,26/12/2024,Nasr City,TV03,1,14494.0,0.0,CASH,C0158
ORD-006434,26/12/2024,Nasr City,AU02,1,8935.0,0.0,credit card,C2133
ORD-006453,27/12/2024,Smouha,AU03,2,13444.0,0.0,installments,C1631
ORD-006454,27/12/2024,Mansoura,AC02,1,47784.0,0.0,Mobile Wallet,C1248
ORD-006455,27/12/2024,Dokki,TB04,1,17119.0,0.0,CASH,C1172
ORD-006456,27/12/2024,Dokki,AX02,1,358.0,0.0,CASH,C1890
ORD-006457,27/12/2024,Dokki,AU05,1,3244.0,0.0,credit card,C0682
ORD-006458,27/12/2024,6th of October,AX01,4,951.0,0.0,Valu/Installments,C1731
ORD-006462,27/12/2024,Maadi,AX12,3,875.0,0.0,Visa/Mastercard,C2118
ORD-006461,27/12/2024,Mansoura,TB02,1,13891.0,0.0,CASH,C0224
ORD-006452,27/12/2024,MANSOURA,AC02,1,46860.0,0.0,Valu/Installments,C1801
ORD-006463,27/12/2024,Miami,AX06,4,1121.0,0.0,Mobile Wallet,C0583
ORD-006464,27/12/2024,Mansoura,AX02,5,354.0,0.0,Credit Card,C1899
ORD-006465,27/12/2024,Heliopolis,AX05,1,2380.0,0.0,Credit Card,C1851
ORD-006466,27/12/2024,Miami,AU01,1,6469.0,0.0,cash,C0371
ORD-006459,27/12/2024,Mansoura,SP04,1,11432.0,0.0,cash,
ORD-006451,27/12/2024,Dokki,AX07,3,741.0,0.0,mobile wallet,C1193
ORD-006460,27/12/2024,Heliopolis,TB04,1,16991.0,0.0,Mobile Wallet,C1206
ORD-006449,27/12/2024,Miami,TV06,1,87539.0,0.0,cash,C0202
ORD-006450,27/12/2024,Dokki,SP03,1,59566.0,0.0,Installments,C0778
ORD-006435,27/12/2024,Miami,AX08,5,1319.0,0.0,Credit Card,C0448
ORD-006436,27/12/2024,Maadi,TB03,1,9470.0,0.0,Credit Card,C1850
ORD-006438,27/12/2024,Mansoura,KA06,2,12644.0,0.0,installments,C0174
ORD-006439,27/12/2024,Miami,AC01,1,,0.0,installments,C1007
ORD-006440,27/12/2024,Heliopolis ,LP03,1,30804.0,0.0,cash,C2125
ORD-006441,27/12/2024,Maadi,KA02,1,3522.0,0.0,Cash,C2204
ORD-006437,27/12/2024,Maadi,TB01,1,23859.0,0.0,Installments,C1872
ORD-006443,27/12/2024,Heliopolis,AX09,3,1856.0,0.0,CASH,C1621
ORD-006444,27/12/2024,Smouha,LP05,1,35677.0,0.0,installments,
ORD-006445,27/12/2024,Nasr City,KA07,1,18264.0,0.0,CASH,C0161
ORD-006446,27/12/2024,Heliopolis,SP01,1,16681.0,0.0,credit card,C2285
ORD-006447,27/12/2024,Nasr City,LP05,1,36093.0,0.0,Cash,C1587
ORD-006442,27/12/2024,Dokki,AX08,2,1322.0,0.0,credit card,
ORD-006448,27/12/2024,Nasr City,AC03,1,,0.0,Valu/Installments,C2115
ORD-006482,28/12/2024,Maadi,AX05,5,2522.0,0.0,CASH,C1863
ORD-006490,28/12/2024,Smouha,KA08,1,5510.0,0.0,Mobile Wallet,C1841
ORD-006489,28/12/2024,Dokki,AX03,4,547.0,0.0,credit card,C0468
ORD-006488,28/12/2024,Dokki,AX10,1,445.0,0.0,CASH,C0374
ORD-006487,28/12/2024,Dokki,TV01,1,31554.0,0.0,Credit Card,C0507
ORD-006484,28/12/2024,Mansoura,AU02,1,8910.0,0.0,cash,C1025
ORD-006485,28/12/2024,Dokki,SP07,1,14080.0,0.0,Visa/Mastercard,C1328
ORD-006483,28/12/2024,Smouha,AU02,1,9006.0,0.0,credit card,C0370
ORD-006491,28/12/2024,Miami,KA05,1,9811.0,0.0,Installments,C1487
ORD-006486,28/12/2024,Heliopolis,SP01,1,16220.0,0.05,cash,C0672
ORD-006479,28/12/2024,6th of October,SP08,1,44492.0,0.0,Visa/Mastercard,C1859
ORD-006471,28/12/2024,Maadi ,KA06,1,12186.0,0.0,credit card,C2239
ORD-006477,28/12/2024,6TH OF OCTOBER,AU01,2,6314.0,0.0,VF Cash,C0103
ORD-006476,28/12/2024,mansoura,AU05,1,3119.0,0.0,CASH,C1847
ORD-006475,28/12/2024,Nasr City,AX01,4,943.0,0.0,mobile wallet,C1325
ORD-006474,28/12/2024,Smouha,SP08,1,46013.0,0.05,Installments,C1694
ORD-006473,28/12/2024,Nasr City,AX09,1,1900.0,0.0,Valu/Installments,C1611
ORD-006472,28/12/2024,Dokki,AX01,5,970.0,0.0,cash,C0555
ORD-006470,28/12/2024,Smouha,AX12,4,882.0,0.0,Cash,C2398
ORD-006469,28/12/2024,Mansoura,TV03,1,14173.0,0.0,installments,C0737
ORD-006468,28/12/2024,Heliopolis,AC01,1,33611.0,0.0,Mobile Wallet,C0464
ORD-006467,28/12/2024,MIAMI,TB03,1,9314.0,0.0,cash,C2051
ORD-006480,28/12/2024,Heliopolis,AU02,1,8643.0,0.0,VF Cash,C2418
ORD-006478,28/12/2024,Smouha,AC05,1,39087.0,0.0,Credit Card,C0733
ORD-006481,28/12/2024,Maadi,SP04,1,11567.0,0.0,Cash,C0828
RET-000118,29/12/2024,6th of October,LP06,-1,21598.0,0.0,installments,
ORD-006504,29/12/2024,Heliopolis,AX06,1,1138.0,0.0,CASH,C1373
ORD-006503,29/12/2024,SMOUHA,AX12,3,904.0,0.0,credit card,C0700
ORD-006502,29/12/2024,nasr city,AC03,1,26427.0,0.0,Installments,C0180
ORD-006501,29/12/2024,Heliopolis,AC05,1,37966.0,0.0,Valu/Installments,C1559
ORD-006499,29/12/2024,Maadi,TV01,1,31714.0,0.0,CASH,C1552
ORD-006498,29/12/2024,Heliopolis,AX11,4,393.0,0.0,Valu/Installments,C0655
ORD-006500,29/12/2024,Smouha,SP02,1,51580.0,0.0,credit card,C2255
ORD-006496,29/12/2024,Maadi,KA06,2,12724.0,0.0,Visa/Mastercard,C1574
ORD-006495,29/12/2024,Mansoura,LP05,1,35971.0,0.0,Credit Card,C2146
ORD-006494,29/12/2024,6th of October,TV05,1,24039.0,0.0,Cash,C0350
ORD-006493,29/12/2024,6th of October,LP06,1,21598.0,0.0,installments,
ORD-006492,29/12/2024,Nasr City,TB01,1,24481.0,0.0,installments,
ORD-006497,29/12/2024,Smouha,AX12,1,878.0,0.0,Credit Card,C2096
ORD-006511,30/12/2024,Miami,AU02,2,9095.0,0.0,Credit Card,C0211
ORD-006515,30/12/2024,Maadi,TV04,1,40784.0,0.0,CASH,C1268
ORD-006514,30/12/2024,Miami,SP03,1,57035.0,0.0,Mobile Wallet,C1262
ORD-006513,30/12/2024,Mansoura,AX10,1,443.0,0.0,mobile wallet,C1719
ORD-006512,30/12/2024,Dokki,AX03,1,546.0,0.0,Valu/Installments,
ORD-006510,30/12/2024,Mansoura,AU03,1,13873.0,0.0,Credit Card,C0733
ORD-006517,30/12/2024,Mansoura,AU03,1,13547.0,0.0,installments,C1183
ORD-006508,30/12/2024,6th of October,AC06,1,42163.0,0.0,cash,C0665
ORD-006507,30/12/2024,6th of October,KA06,2,12472.0,0.0,Valu/Installments,C0615
ORD-006506,30/12/2024,Heliopolis,AX07,3,764.0,0.0,Cash,
ORD-006505,30/12/2024,Nasr City,AU02,2,8985.0,0.0,mobile wallet,C2317
ORD-006516,30/12/2024,Heliopolis,AU03,1,13529.0,0.05,Valu/Installments,C1828
ORD-006509,30/12/2024,Smouha,AX04,3,248.0,0.0,Installments,C0593
ORD-006546,31/12/2024,Maadi,TV01,1,32297.0,0.0,Credit Card,C1140
ORD-006545,31/12/2024,6th of October,LP06,1,21674.0,0.0,installments,C2242
ORD-006519,31/12/2024,Dokki,SP01,1,16384.0,0.0,Visa/Mastercard,C0482
ORD-006544,31/12/2024,Nasr City,AU02,1,8908.0,0.0,Visa/Mastercard,C1003
ORD-006543,31/12/2024,Nasr City,AX03,4,554.0,0.0,mobile wallet,C0027
ORD-006542,31/12/2024,Maadi,AU05,1,3124.0,0.0,cash,C2459
ORD-006540,31/12/2024,Heliopolis,AX01,1,952.0,0.0,Credit Card,C0326
ORD-006539,31/12/2024,Heliopolis,AC04,1,57959.0,0.0,Valu/Installments,C1810
ORD-006538,31/12/2024,Dokki,AX05,4,2435.0,0.0,Visa/Mastercard,C1680
ORD-006537,31/12/2024,Heliopolis,TB03,1,9241.0,0.0,Credit Card,C1859
ORD-006536,31/12/2024,Dokki,TV02,1,26041.0,0.0,Visa/Mastercard,C1949
ORD-006535,31/12/2024,Mansoura,AX01,1,971.0,0.0,mobile wallet,C2412
ORD-006534,31/12/2024,Heliopolis,SP06,1,9568.0,0.0,VF Cash,C0889
ORD-006533,31/12/2024,Heliopolis,AX06,1,1129.0,0.0,mobile wallet,C0975
ORD-006518,31/12/2024,6th of October,SP03,1,58787.0,0.0,cash,C0741
ORD-006532,31/12/2024,Nasr City,AU01,2,6568.0,0.0,CASH,C2022
ORD-006530,31/12/2024,MIAMI,AU05,2,3180.0,0.0,mobile wallet,C0024
ORD-006529,31/12/2024,6th of October,TB04,1,17536.0,0.0,Credit Card,C2227
ORD-006528,31/12/2024,Mansoura,LP01,1,28239.0,0.0,Installments,C2043
ORD-006527,31/12/2024,6th of October,AX06,1,1150.0,0.0,Visa/Mastercard,C2039
ORD-006526,31/12/2024,Maadi,AX02,5,352.0,0.0,Visa/Mastercard,C1879
ORD-006525,31/12/2024,Miami,AU02,2,8829.0,0.0,cash,
ORD-006524,31/12/2024,Maadi,AX05,5,2426.0,0.0,cash,C0051
ORD-006523,31/12/2024,Nasr City,AX10,4,460.0,0.05,VF Cash,C1037
ORD-006522,31/12/2024,Maadi,LP04,1,76526.0,0.0,Visa/Mastercard,C0015
ORD-006521,31/12/2024,Miami,AU04,1,1439.0,0.0,cash,C0831
ORD-006520,31/12/2024,Maadi,AX05,4,2384.0,0.0,credit card,C0539
ORD-006531,31/12/2024,MANSOURA,SP06,1,9805.0,0.0,Cash,C2491
ORD-006541,31/12/2024,Mansoura,AX02,4,341.0,0.0,CASH,C2463
