order_id,order_date,branch,product_id,quantity,unit_price_egp,discount_pct,payment_method,customer_id
ORD-006547,01/01/2025,Mansoura,TV06,1,87447.0,0.0,Valu/Installments,C2284
ORD-006553,01/01/2025,Heliopolis,SP03,1,56404.0,0.0,Valu/Installments,C0608
ORD-006549,01/01/2025,Dokki,AX08,1,1312.0,0.0,CASH,
ORD-006550,01/01/2025,Mansoura,AU02,2,9081.0,0.0,CASH,
ORD-006551,01/01/2025,Mansoura,AX04,1,256.0,0.05,credit card,C0201
ORD-006552,01/01/2025,HELIOPOLIS,AX08,5,1361.0,0.05,Cash,C0758
ORD-006559,01/01/2025,Maadi,SP04,1,11604.0,0.0,CASH,C0133
ORD-006548,01/01/2025,6th of October,AU05,2,3138.0,0.0,credit card,C0851
ORD-006555,01/01/2025,Nasr City,AX03,1,563.0,0.0,Visa/Mastercard,C1430
ORD-006556,01/01/2025,Mansoura,TV02,1,26943.0,0.0,CASH,C0151
ORD-006557,01/01/2025,Nasr City,AX12,1,875.0,0.0,installments,
ORD-006558,01/01/2025,Mansoura ,SP07,1,14925.0,0.0,Visa/Mastercard,C0596
ORD-006560,01/01/2025,Heliopolis,AX06,1,1124.0,0.0,VF Cash,C2368
ORD-006554,01/01/2025,Heliopolis,SP01,1,16524.0,0.0,Mobile Wallet,C0226
ORD-006561,02/01/2025,Mansoura,AX02,3,340.0,0.0,Credit Card,C2472
ORD-006562,02/01/2025,Maadi,TV06,1,89424.0,0.0,mobile wallet,C1223
ORD-006572,02/01/2025,Nasr City,SP08,1,46119.0,0.0,Visa/Mastercard,C2437
ORD-006564,02/01/2025,Miami,AX10,5,456.0,0.0,Credit Card,
ORD-006569,02/01/2025,Smouha,AU05,2,,0.0,CASH,C0731
ORD-006567,02/01/2025,Smouha,AX12,2,899.0,0.05,cash,C0447
ORD-006570,02/01/2025,6th of October,KA05,2,9939.0,0.0,Cash,C0661
ORD-006566,02/01/2025,Smouha,AC04,1,59210.0,0.0,credit card,C0201
ORD-006571,02/01/2025,Dokki,AX01,2,974.0,0.0,cash,C1165
ORD-006563,02/01/2025,Heliopolis,AX02,5,345.0,0.0,CASH,C1357
ORD-006568,02/01/2025,Nasr City,SP04,1,11682.0,0.0,Credit Card,C1708
ORD-006565,02/01/2025,6th of October,AU01,1,6473.0,0.0,Cash,C0360
ORD-006580,02/01/2025,Heliopolis,SP08,1,45332.0,0.0,installments,C0147
ORD-006575,02/01/2025,Dokki,SP06,1,9551.0,0.0,Visa/Mastercard,C0727
ORD-006576,02/01/2025,Dokki,AX02,3,341.0,0.0,credit card,C1866
ORD-006577,02/01/2025,Nasr City,TV01,1,32090.0,0.0,Valu/Installments,C2372
ORD-006579,02/01/2025,Heliopolis,SP07,1,14444.0,0.0,Credit Card,C1476
ORD-006578,02/01/2025,Smouha,LP02,1,42589.0,0.0,installments,
ORD-006581,02/01/2025,Miami,SP07,1,14774.0,0.0,CASH,C0382
ORD-006583,02/01/2025,Heliopolis,AU05,1,3228.0,0.0,credit card,C1323
RET-000089,02/01/2025,Heliopolis,SP08,-1,45332.0,0.0,installments,C0147
ORD-006574,02/01/2025,Mansoura,TV01,1,32317.0,0.0,installments,C2303
ORD-006582,02/01/2025,Dokki,TV02,1,26867.0,0.0,installments,C1226
ORD-006573,02/01/2025,Mansoura,SP07,1,14096.0,0.0,Cash,C2345
ORD-006584,03/01/2025,Nasr City,SP04,1,11188.0,0.0,Credit Card,C1510
ORD-006585,03/01/2025,Miami,LP05,1,34523.0,0.0,cash,
ORD-006589,03/01/2025,Maadi,SP01,1,16161.0,0.0,Cash,C2255
ORD-006588,03/01/2025,6th of October,AU03,2,13343.0,0.0,installments,C1751
ORD-006591,03/01/2025,Maadi,AX02,1,353.0,0.0,cash,C1200
ORD-006586,03/01/2025,Dokki,AX10,5,447.0,0.0,credit card,C1553
ORD-006590,03/01/2025,Maadi,KA06,2,12177.0,0.0,credit card,C0266
ORD-006592,03/01/2025,Miami,KA04,2,23934.0,0.0,CASH,C1929
ORD-006594,03/01/2025,Nasr City,AX11,2,404.0,0.05,Visa/Mastercard,
ORD-006595,03/01/2025,Maadi,AX09,1,1891.0,0.0,credit card,C0500
ORD-006596,03/01/2025,DOKKI,TB03,1,9767.0,0.0,Mobile Wallet,C1125
ORD-006597,03/01/2025,Heliopolis,AX03,1,541.0,0.0,Credit Card,C1349
ORD-006593,03/01/2025,6th of October,TB04,1,17168.0,0.05,mobile wallet,C0552
ORD-006587,03/01/2025,Dokki,AU05,1,3125.0,0.0,Mobile Wallet,C0278
ORD-006600,04/01/2025,Dokki,TB02,1,13822.0,0.0,mobile wallet,
ORD-006611,04/01/2025,Heliopolis,AX12,2,887.0,0.0,Installments,C1177
ORD-006602,04/01/2025,Mansoura,AX02,1,340.0,0.0,Installments,C0860
ORD-006601,04/01/2025,Smouha,AX03,3,552.0,0.0,CASH,C2149
ORD-006604,04/01/2025,Miami,KA06,2,12720.0,0.0,Installments,C0239
ORD-006608,04/01/2025,Miami,TB02,1,13509.0,0.0,Visa/Mastercard,C0360
ORD-006606,04/01/2025,Mansoura,TV06,1,87684.0,0.0,cash,C2341
ORD-006607,04/01/2025,Maadi,LP03,1,30747.0,0.0,Visa/Mastercard,C2167
ORD-006603,04/01/2025,Mansoura,SP03,1,59075.0,0.0,Valu/Installments,C0857
ORD-006619,04/01/2025,6th of october,AU03,1,13742.0,0.0,VF Cash,C2153
ORD-006599,04/01/2025,Nasr City,AX08,0,1313.0,0.05,credit card,C1695
ORD-006605,04/01/2025,Dokki,TB02,1,13241.0,0.0,Visa/Mastercard,C0448
ORD-006598,04/01/2025,Nasr City,AC06,1,41586.0,0.0,VF Cash,C2159
ORD-006619,04/01/2025,6th of october,AU03,1,13742.0,0.0,VF Cash,C2153
ORD-006610,04/01/2025,Nasr City,LP05,1,35723.0,0.0,credit card,C2478
ORD-006609,04/01/2025,6th of October,LP06,1,21632.0,0.0,mobile wallet,C1982
ORD-006622,04/01/2025,Mansoura,AX05,3,2456.0,0.0,Mobile Wallet,C0532
ORD-006621,04/01/2025,Nasr City,KA01,2,4146.0,0.0,CASH,C1450
ORD-006612,04/01/2025,Maadi,AU01,2,6586.0,0.05,Cash,C1750
ORD-006618,04/01/2025,Smouha,KA07,2,18365.0,0.0,installments,
ORD-006623,04/01/2025,Nasr City,AU05,2,3175.0,0.0,Valu/Installments,C2305
ORD-006616,04/01/2025,Smouha,AC04,1,58812.0,0.0,Mobile Wallet,
ORD-006615,04/01/2025,6th of October,AX06,3,1156.0,0.0,Cash,C1297
ORD-006614,04/01/2025,Mansoura,AX01,3,940.0,0.05,mobile wallet,
ORD-006613,04/01/2025,Nasr City,AX08,1,1312.0,0.0,credit card,C2494
ORD-006620,04/01/2025,6th of October,AC01,1,33864.0,0.0,Visa/Mastercard,C2356
ORD-006617,04/01/2025,Heliopolis,LP02,1,41225.0,0.0,Visa/Mastercard,C1064
ORD-006626,05/01/2025,MANSOURA,TV05,1,24330.0,0.0,credit card,C2039
ORD-006628,05/01/2025,Nasr City,AX11,2,394.0,0.0,Cash,C0737
ORD-006625,05/01/2025,Smouha,TB04,1,17490.0,0.0,cash,C2129
ORD-006627,05/01/2025,Heliopolis,AX05,1,2502.0,0.0,mobile wallet,C2018
ORD-006631,05/01/2025,Mansoura,AX03,4,556.0,0.0,Valu/Installments,C1190
ORD-006629,05/01/2025,Heliopolis ,AX05,5,2382.0,0.0,CASH,C2497
ORD-006632,05/01/2025,Nasr City,AX07,4,758.0,0.05,credit card,C0793
ORD-006630,05/01/2025,Maadi,SP01,1,16037.0,0.0,Installments,C0954
ORD-006624,05/01/2025,Nasr City,KA03,2,6859.0,0.05,CASH,C2034
ORD-006637,06/01/2025,Smouha,AU03,2,13621.0,0.0,installments,C0484
ORD-006633,06/01/2025,Nasr City,AC02,1,47301.0,0.0,credit card,C0007
ORD-006640,06/01/2025,Dokki,AX12,5,880.0,0.0,VF Cash,C1696
ORD-006634,06/01/2025,Maadi,AU04,1,1444.0,0.0,CASH,C0485
ORD-006635,06/01/2025,Miami,KA04,2,24410.0,0.0,Cash,C0099
ORD-006636,06/01/2025,Dokki,SP08,1,44193.0,0.0,installments,C1905
ORD-006638,06/01/2025,6th of October,TV04,1,40401.0,0.0,Mobile Wallet,C0850
ORD-006646,06/01/2025,Mansoura,KA07,1,18498.0,0.0,installments,C0047
ORD-006644,06/01/2025,Nasr City,AU01,1,6307.0,0.0,cash,C2296
ORD-006641,06/01/2025,6th of October,AC01,1,32746.0,0.0,installments,C0187
ORD-006642,06/01/2025,Heliopolis,AU01,1,6545.0,0.0,Cash,C1368
ORD-006643,06/01/2025,Miami,SP01,1,16635.0,0.0,Cash,C1433
ORD-006645,06/01/2025,Miami,AX02,3,351.0,0.0,cash,C0870
ORD-006647,06/01/2025,Nasr City,AX01,5,976.0,0.0,VF Cash,
ORD-006648,06/01/2025,Miami,TV04,1,41296.0,0.0,Installments,C0825
ORD-006639,06/01/2025,6th of October,SP08,1,44852.0,0.05,CASH,C1699
ORD-006654,07/01/2025,Smouha,KA06,2,12627.0,0.0,Cash,C2076
ORD-006653,07/01/2025,Smouha,TB01,1,24071.0,0.0,Credit Card,C1230
ORD-006652,07/01/2025,Heliopolis,LP03,1,30953.0,0.0,Mobile Wallet,C1261
ORD-006658,07/01/2025,6th of October,AX02,4,349.0,0.0,cash,C0467
ORD-006650,07/01/2025,Smouha,AX08,4,1331.0,0.0,cash,C1043
ORD-006649,07/01/2025,Miami,AX10,3,440.0,0.0,CASH,C1154
ORD-006655,07/01/2025,Heliopolis,KA05,2,9919.0,0.0,Credit Card,C2253
ORD-006651,07/01/2025,6th of October,AC05,1,37513.0,0.0,Cash,C0278
ORD-006656,07/01/2025,Smouha,SP03,1,57162.0,0.0,credit card,C1327
ORD-006660,07/01/2025,Nasr City,AX05,5,2475.0,0.0,Visa/Mastercard,C1366
ORD-006666,07/01/2025,Heliopolis,AX12,1,921.0,0.0,VF Cash,C0795
ORD-006659,07/01/2025,Miami,SP02,1,53150.0,0.05,Installments,
ORD-006664,07/01/2025,Nasr City,TV03,1,14813.0,0.0,VF Cash,C0120
ORD-006657,07/01/2025,Mansoura,AX04,2,255.0,0.0,Credit Card,C0026
ORD-006668,07/01/2025,6th of October,KA08,2,5344.0,0.0,cash,C1385
ORD-006665,07/01/2025,miami,LP01,1,28138.0,0.0,CASH,C0720
ORD-006667,07/01/2025,Mansoura,SP01,1,16269.0,0.0,Credit Card,C1354
ORD-006663,07/01/2025,Mansoura,AX12,3,875.0,0.0,Mobile Wallet,C2331
ORD-006662,07/01/2025,Nasr City,KA05,1,9645.0,0.0,Cash,C1623
ORD-006661,07/01/2025,Smouha,AX07,3,749.0,0.0,credit card,C1399
ORD-006670,08/01/2025,Miami,SP07,1,14854.0,0.0,cash,C1963
ORD-006682,08/01/2025,Nasr City,AX02,1,360.0,0.0,Credit Card,C2135
ORD-006672,08/01/2025,Nasr City,KA05,2,9927.0,0.0,Installments,C0146
ORD-006673,08/01/2025,6th of October,AX09,1,1801.0,0.0,Visa/Mastercard,C0557
ORD-006671,08/01/2025,Mansoura,AU05,1,3214.0,0.0,credit card,C1944
ORD-006674,08/01/2025,Mansoura,AX08,5,1378.0,0.0,Cash,C1973
ORD-006677,08/01/2025,6th of October,TB03,1,9586.0,0.0,cash,C2200
ORD-006678,08/01/2025,Nasr City,TV01,1,31718.0,0.0,Installments,C1373
ORD-006679,08/01/2025,Mansoura,AX04,1,252.0,0.0,installments,C1895
ORD-006669,08/01/2025,Mansoura ,AU02,2,8844.0,0.0,credit card,
ORD-006675,08/01/2025,Heliopolis,AX12,5,882.0,0.0,CASH,C0637
ORD-006680,08/01/2025,SMOUHA,AX09,4,1801.0,0.0,installments,C1696
ORD-006676,08/01/2025,Dokki ,AX06,1,1170.0,0.0,credit card,C1887
ORD-006683,08/01/2025,Smouha,SP04,1,11405.0,0.0,CASH,C1227
ORD-006685,08/01/2025,6th of October,AU03,2,13335.0,0.05,cash,C1293
ORD-006686,08/01/2025,Heliopolis,AX04,5,255.0,0.0,Credit Card,C2275
ORD-006687,08/01/2025,6th of October,KA03,1,6748.0,0.0,CASH,C2195
ORD-006684,08/01/2025,mansoura,LP06,1,22023.0,0.0,Installments,C2315
ORD-006693,08/01/2025,Miami,TB03,1,9376.0,0.0,Credit Card,C1449
ORD-006688,08/01/2025,6th of October,AC03,1,26613.0,0.0,Installments,C0077
ORD-006691,08/01/2025,Smouha,AX08,2,1364.0,0.0,mobile wallet,C1359
ORD-006692,08/01/2025,Mansoura,KA07,1,18304.0,0.0,CASH,
ORD-006694,08/01/2025,6th of October,AX03,5,556.0,0.0,CASH,C0272
ORD-006695,08/01/2025,6th of October,AX06,5,1125.0,0.0,CASH,C0612
ORD-006689,08/01/2025,Dokki,AU05,1,3291.0,0.0,Visa/Mastercard,C0854
ORD-006690,08/01/2025,Dokki,KA08,1,5498.0,0.0,installments,C2366
ORD-006681,08/01/2025,Miami,SP06,1,9942.0,0.0,CASH,C0230
ORD-006696,09/01/2025,Nasr City,SP03,1,58386.0,0.0,Installments,C1149
ORD-006702,09/01/2025,Heliopolis,AX12,2,903.0,0.0,Valu/Installments,C0680
ORD-006697,09/01/2025,Nasr City,AX05,5,2421.0,0.0,Visa/Mastercard,C0128
ORD-006698,09/01/2025,Heliopolis,KA07,1,19038.0,0.0,CASH,C1390
ORD-006699,09/01/2025,Dokki,TV01,1,31207.0,0.0,credit card,C1537
ORD-006700,09/01/2025,Mansoura,AU02,2,8688.0,0.0,VF Cash,
ORD-006705,09/01/2025,Nasr City,AU02,2,8769.0,0.0,cash,C2481
ORD-006703,09/01/2025,Nasr City,AU03,1,13478.0,0.05,Visa/Mastercard,C2339
ORD-006706,09/01/2025,Nasr City,AU04,0,1487.0,0.0,credit card,C1596
ORD-006707,09/01/2025,Smouha,SP05,1,19709.0,0.0,Visa/Mastercard,C0768
ORD-006708,09/01/2025,6th of October,AX02,1,349.0,0.0,cash,C2438
ORD-006709,09/01/2025,6th of October,TB01,1,24299.0,0.0,Installments,C0479
ORD-006704,09/01/2025,Miami,LP06,1,,0.0,Visa/Mastercard,
ORD-006701,09/01/2025,Heliopolis,LP01,1,29226.0,0.0,installments,C2189
ORD-006712,10/01/2025,Miami,AX03,3,543.0,0.0,mobile wallet,C1289
ORD-006713,10/01/2025,Dokki,AX06,5,1181.0,0.0,Cash,C0130
ORD-006714,10/01/2025,Heliopolis,TV06,1,87990.0,0.0,installments,
ORD-006710,10/01/2025,maadi,AX07,1,745.0,0.0,Cash,C1263
ORD-006716,10/01/2025,Smouha,AC04,1,59061.0,0.0,Visa/Mastercard,C1696
ORD-006719,10/01/2025,Dokki,AU02,2,8865.0,0.0,credit card,C2036
ORD-006718,10/01/2025,Maadi,KA07,2,18385.0,0.0,credit card,C0356
ORD-006716,10/01/2025,Smouha,AC04,1,59061.0,0.0,Visa/Mastercard,C1696
ORD-006715,10/01/2025,Dokki,KA07,2,18467.0,0.0,installments,C1113
ORD-006711,10/01/2025,Heliopolis,KA02,2,3531.0,0.0,Cash,
ORD-006717,10/01/2025,6th of October,TB04,1,17630.0,0.0,credit card,
ORD-006721,10/01/2025,Dokki,AU04,2,1449.0,0.0,Credit Card,C1523
ORD-006727,10/01/2025,Dokki,KA06,1,12535.0,0.0,cash,C0717
ORD-006724,10/01/2025,Nasr City,AX08,2,1325.0,0.0,Valu/Installments,C0886
ORD-006726,10/01/2025,Nasr City,AX04,3,257.0,0.0,cash,C1239
ORD-006728,10/01/2025,Nasr City,KA05,1,10017.0,0.0,mobile wallet,C0460
ORD-006731,10/01/2025,Mansoura,SP03,1,57405.0,0.0,Installments,C0828
ORD-006730,10/01/2025,Smouha,KA02,2,3512.0,0.0,credit card,C0154
ORD-006725,10/01/2025,Smouha,AX03,4,543.0,0.05,Cash,C2151
ORD-006732,10/01/2025,Mansoura,TV05,1,24470.0,0.0,CASH,C0380
ORD-006733,10/01/2025,Smouha,SP05,1,19327.0,0.0,CASH,C1818
ORD-006729,10/01/2025,Dokki ,TV04,1,39978.0,0.0,credit card,C1533
ORD-006722,10/01/2025,Heliopolis,TV04,1,,0.0,Cash,C1852
ORD-006723,10/01/2025,Heliopolis,TV03,1,14148.0,0.0,Mobile Wallet,C1240
ORD-006720,10/01/2025,Mansoura,AU05,2,3193.0,0.0,Credit Card,C0974
ORD-006734,11/01/2025,Heliopolis,TV03,1,14575.0,0.0,CASH,C2073
ORD-006738,11/01/2025,Mansoura,AX03,2,561.0,0.05,cash,C0632
ORD-006741,11/01/2025,Heliopolis,AU03,1,13317.0,0.05,cash,C1981
ORD-006740,11/01/2025,Miami,TV05,1,24556.0,0.0,Visa/Mastercard,C1394
ORD-006739,11/01/2025,Nasr City,SP05,1,19486.0,0.0,credit card,C0780
ORD-006744,11/01/2025,Nasr City,KA08,2,5422.0,0.0,Installments,
ORD-006737,11/01/2025,Miami,AX03,2,534.0,0.05,installments,C2049
ORD-006736,11/01/2025,Mansoura,KA04,2,25144.0,0.0,Visa/Mastercard,C1977
ORD-006735,11/01/2025,Heliopolis,TV01,1,32889.0,0.0,Cash,C0103
ORD-006743,11/01/2025,6th of October,AX12,2,875.0,0.0,Cash,C1272
ORD-006745,11/01/2025,Heliopolis,AX07,2,763.0,0.0,Valu/Installments,C1341
ORD-006742,11/01/2025,Nasr City,AX05,2,2470.0,0.0,credit card,C2145
ORD-006753,11/01/2025,Maadi,AC06,1,40967.0,0.0,Cash,C1882
ORD-006752,11/01/2025,6th of October,TB04,1,17602.0,0.0,Mobile Wallet,C0150
ORD-006751,11/01/2025,Heliopolis,SP05,1,19833.0,0.0,VF Cash,C0841
ORD-006754,11/01/2025,Mansoura,AC05,1,39572.0,0.0,credit card,C1588
ORD-006749,11/01/2025,6th of October,AX12,5,924.0,0.0,cash,C2115
ORD-006748,11/01/2025,Nasr City,AU03,2,13278.0,0.0,Valu/Installments,C0403
ORD-006747,11/01/2025,Maadi,SP02,1,50564.0,0.0,cash,
ORD-006746,11/01/2025,Mansoura,AX09,3,1839.0,0.0,Cash,C0587
ORD-006750,11/01/2025,Dokki,TV01,1,32851.0,0.0,cash,C0544
ORD-006756,12/01/2025,Miami,KA04,2,24996.0,0.0,installments,C0475
ORD-006758,12/01/2025,Maadi,LP02,1,41166.0,0.0,installments,C0017
ORD-006761,12/01/2025,Smouha,TB02,1,13798.0,0.0,credit card,C2435
ORD-006760,12/01/2025,Nasr City,AU03,1,13435.0,0.0,Credit Card,C0181
ORD-006759,12/01/2025,Maadi,AX06,1,1183.0,0.0,Credit Card,C1274
ORD-006755,12/01/2025,Miami,TB03,1,9340.0,0.0,Installments,C2140
ORD-006757,12/01/2025,Heliopolis,TB01,1,25009.0,0.05,Installments,
ORD-006762,12/01/2025,Mansoura,SP07,1,14676.0,0.0,Cash,C0357
ORD-006763,12/01/2025,6th of October,AX09,4,1886.0,0.0,installments,C1366
ORD-006764,12/01/2025,Miami,AX02,1,359.0,0.0,Valu/Installments,C1913
ORD-006772,12/01/2025,6th of October,AX01,1,942.0,0.05,credit card,C0860
ORD-006771,12/01/2025,Heliopolis,TV04,1,40706.0,0.0,CASH,C1279
ORD-006770,12/01/2025,Heliopolis,SP02,1,51161.0,0.0,Installments,C2366
ORD-006769,12/01/2025,Nasr City,KA08,1,5520.0,0.0,Visa/Mastercard,C0093
ORD-006765,12/01/2025,Heliopolis,AX03,5,548.0,0.0,CASH,C0189
ORD-006767,12/01/2025,Nasr City,TB02,1,13779.0,0.0,cash,C2133
ORD-006766,12/01/2025,6th of october,SP03,1,59704.0,0.0,CASH,C0423
RET-000030,12/01/2025,Smouha,TB02,-1,13798.0,0.0,credit card,C2435
ORD-006768,12/01/2025,Mansoura,TB04,1,18012.0,0.0,Cash,C1280
ORD-006779,13/01/2025,Mansoura,AC02,1,45342.0,0.0,Visa/Mastercard,C1308
ORD-006782,13/01/2025,Nasr City,SP03,1,59327.0,0.0,Installments,C1117
ORD-006774,13/01/2025,Dokki,TV05,1,23466.0,0.0,Cash,C0822
ORD-006773,13/01/2025,Nasr City,AX07,3,742.0,0.0,mobile wallet,C1315
ORD-006775,13/01/2025,Dokki,LP03,1,30350.0,0.0,VF Cash,C0789
ORD-006777,13/01/2025,6th of October,AX08,4,1327.0,0.0,cash,C1134
ORD-006778,13/01/2025,6th of October,AX11,2,408.0,0.0,Visa/Mastercard,C2181
ORD-006780,13/01/2025,Heliopolis,SP06,1,9602.0,0.0,cash,C1807
ORD-006776,13/01/2025,Miami,LP02,1,42953.0,0.0,installments,C1174
ORD-006784,13/01/2025,Nasr City,AX03,1,552.0,0.0,CASH,C0646
ORD-006783,13/01/2025,Heliopolis,AX01,3,948.0,0.0,VF Cash,C0612
ORD-006785,13/01/2025,Mansoura,KA02,1,3608.0,0.0,Credit Card,C1121
RET-000049,13/01/2025,Mansoura,KA02,-1,3608.0,0.0,Credit Card,C1121
ORD-006786,13/01/2025,Nasr City,AX08,2,,0.0,Cash,C0469
ORD-006787,13/01/2025,Dokki,AU02,1,9152.0,0.0,cash,C0063
ORD-006788,13/01/2025,Nasr City,TV02,1,26612.0,0.0,Credit Card,C2293
ORD-006789,13/01/2025,Smouha,TV05,1,23447.0,0.0,Installments,C2106
ORD-006790,13/01/2025,Dokki,AU03,2,,0.0,credit card,C0420
ORD-006781,13/01/2025,Heliopolis,AU04,2,1489.0,0.05,Cash,C0482
ORD-006798,14/01/2025,Heliopolis,AX03,4,560.0,0.05,credit card,C0580
ORD-006791,14/01/2025,6th of October,AX08,4,1338.0,0.0,installments,C0847
ORD-006792,14/01/2025,NASR CITY,AU05,1,3258.0,0.0,cash,C2223
ORD-006793,14/01/2025,Miami,SP08,1,44783.0,0.0,CASH,C1435
ORD-006794,14/01/2025,Mansoura,AX08,2,1364.0,0.0,Visa/Mastercard,C2251
ORD-006796,14/01/2025,Mansoura,SP04,1,11378.0,0.0,Valu/Installments,C1305
ORD-006797,14/01/2025,Heliopolis,SP07,1,,0.0,Mobile Wallet,C1111
ORD-006799,14/01/2025,Heliopolis,SP01,1,16067.0,0.0,Installments,C1161
ORD-006800,14/01/2025,Miami,AC01,1,32917.0,0.0,CASH,C2352
ORD-006801,14/01/2025,Heliopolis,LP06,1,22005.0,0.0,installments,C1003
RET-000099,14/01/2025,Heliopolis,SP01,-1,16067.0,0.0,Installments,C1161
ORD-006795,14/01/2025,6th of October,SP06,1,9715.0,0.0,VF Cash,
ORD-006806,15/01/2025,Maadi,AX02,3,351.0,0.0,mobile wallet,C1388
ORD-006811,15/01/2025,miami,SP06,1,9930.0,0.0,Cash,C0119
ORD-006802,15/01/2025,6th of October,AU03,2,13380.0,0.0,Valu/Installments,
ORD-006803,15/01/2025,Heliopolis,LP02,1,42490.0,0.0,CASH,C0702
ORD-006807,15/01/2025,Smouha,AU05,2,3190.0,0.0,Credit Card,C2215
ORD-006804,15/01/2025,Nasr City,SP08,1,44404.0,0.05,Credit Card,C0292
ORD-006808,15/01/2025,Nasr City,SP06,1,10037.0,0.0,Mobile Wallet,C1818
ORD-006810,15/01/2025,Dokki,AU02,1,8884.0,0.0,Visa/Mastercard,C0533
ORD-006805,15/01/2025,6th of October,SP01,1,16235.0,0.0,cash,C1276
ORD-006813,15/01/2025,6TH OF OCTOBER,AU03,1,13309.0,0.0,Credit Card,
ORD-006812,15/01/2025,Maadi,TV03,1,14768.0,0.0,CASH,C1929
ORD-006814,15/01/2025,Mansoura,AX06,3,1138.0,0.0,Cash,C0207
ORD-006815,15/01/2025,Nasr City,KA04,2,25171.0,0.0,Cash,C0434
ORD-006816,15/01/2025,Maadi,SP04,1,11407.0,0.0,cash,C1572
ORD-006809,15/01/2025,Dokki,AX05,4,2416.0,0.0,cash,C0208
ORD-006826,16/01/2025,Miami,AU05,1,3225.0,0.0,Cash,C1280
ORD-006819,16/01/2025,Nasr City,AX10,2,437.0,0.0,credit card,C1747
ORD-006818,16/01/2025,Miami,AC02,1,46142.0,0.0,installments,C0353
ORD-006817,16/01/2025,Miami,KA05,1,10085.0,0.0,Valu/Installments,C0221
ORD-006820,16/01/2025,HELIOPOLIS,TV05,1,23979.0,0.0,installments,C1606
ORD-006821,16/01/2025,Maadi,AU02,2,9136.0,0.0,Cash,C0734
ORD-006822,16/01/2025,Dokki,AX07,2,753.0,0.0,Credit Card,C2442
ORD-006828,16/01/2025,6th of October,SP06,1,9910.0,0.0,cash,C0812
ORD-006825,16/01/2025,Mansoura,SP02,1,52670.0,0.0,installments,C1457
ORD-006824,16/01/2025,Mansoura,AU02,2,9022.0,0.0,CASH,C1827
ORD-006827,16/01/2025,Nasr City,SP02,1,51402.0,0.0,credit card,C1362
ORD-006829,16/01/2025,Nasr City,KA03,2,6982.0,0.0,credit card,C2186
ORD-006830,16/01/2025,Smouha,AX05,5,2387.0,0.0,CASH,C0322
ORD-006831,16/01/2025,Smouha,SP01,1,16111.0,0.0,Cash,
ORD-006832,16/01/2025,Smouha,AU04,2,1433.0,0.0,credit card,C1908
ORD-006823,16/01/2025,Dokki,SP01,1,16592.0,0.0,Valu/Installments,C2428
ORD-006837,17/01/2025,Nasr City,LP06,1,22180.0,0.0,Credit Card,C0399
ORD-006834,17/01/2025,Miami,LP04,1,75976.0,0.0,Credit Card,C0540
ORD-006838,17/01/2025,Miami,AU02,1,8945.0,0.0,installments,C1867
ORD-006836,17/01/2025,Smouha,AU01,1,6666.0,0.0,Credit Card,C1919
ORD-006840,17/01/2025,Mansoura,SP04,1,11331.0,0.0,Cash,C1907
ORD-006841,17/01/2025,smouha,AX08,1,1310.0,0.0,Mobile Wallet,C1928
ORD-006839,17/01/2025,Maadi,AX08,4,1316.0,0.0,Mobile Wallet,C1272
ORD-006835,17/01/2025,Mansoura,KA07,1,18540.0,0.0,Mobile Wallet,C0381
RET-000062,17/01/2025,6th of October,TB03,-1,9715.0,0.0,CASH,C1606
ORD-006833,17/01/2025,Smouha,TB02,1,13423.0,0.05,CASH,C2326
ORD-006842,17/01/2025,Smouha,AU01,2,6646.0,0.0,Visa/Mastercard,C0950
ORD-006846,17/01/2025,Miami,AX02,1,355.0,0.0,Mobile Wallet,C1489
ORD-006844,17/01/2025,Mansoura,AX12,4,881.0,0.0,mobile wallet,C0589
ORD-006845,17/01/2025,6th of October,SP04,1,11475.0,0.0,Cash,C1057
ORD-006847,17/01/2025,6th of October,TB03,1,9715.0,0.0,CASH,C1606
ORD-006848,17/01/2025,Miami,AX10,4,439.0,0.0,cash,C0752
ORD-006849,17/01/2025,Smouha ,AX06,5,1177.0,0.0,Installments,C1354
RET-000090,17/01/2025,Mansoura,KA07,-1,18540.0,0.0,Mobile Wallet,C0381
ORD-006843,17/01/2025,Nasr City,KA08,1,5473.0,0.0,Cash,C0917
ORD-006855,18/01/2025,Dokki ,SP05,1,19644.0,0.0,CASH,C1947
ORD-006856,18/01/2025,Heliopolis,LP04,1,79511.0,0.0,VF Cash,C0463
ORD-006865,18/01/2025,Heliopolis,SP03,1,57159.0,0.0,Valu/Installments,C0522
ORD-006859,18/01/2025,Miami,TB04,1,17715.0,0.0,CASH,C1890
ORD-006861,18/01/2025,Nasr City,LP04,1,77288.0,0.0,VF Cash,C1157
ORD-006862,18/01/2025,Maadi,AX01,5,938.0,0.0,cash,C1428
ORD-006863,18/01/2025,Maadi,SP03,1,58515.0,0.0,cash,C2476
ORD-006857,18/01/2025,Dokki,TV06,1,89841.0,0.0,Cash,C1440
ORD-006854,18/01/2025,Heliopolis,KA04,1,24339.0,0.0,Visa/Mastercard,C0268
ORD-006860,18/01/2025,heliopolis,KA04,1,24818.0,0.0,Installments,C0700
ORD-006853,18/01/2025,Miami,TB04,1,17924.0,0.0,installments,C0124
ORD-006858,18/01/2025,Mansoura,KA07,1,18830.0,0.0,cash,C1961
ORD-006850,18/01/2025,6th of October,AX11,3,404.0,0.0,Cash,C1331
ORD-006851,18/01/2025,Nasr City,TB02,1,13610.0,0.0,VF Cash,C1857
ORD-006873,18/01/2025,Smouha,LP06,1,22604.0,0.05,Mobile Wallet,C2278
ORD-006872,18/01/2025,6th of October,KA05,2,9959.0,0.0,VF Cash,
ORD-006870,18/01/2025,Nasr City,AU02,2,8918.0,0.0,CASH,
ORD-006869,18/01/2025,Heliopolis,AC02,1,47208.0,0.0,installments,C0439
ORD-006871,18/01/2025,6th of October,AX05,4,2432.0,0.0,mobile wallet,C1335
RET-000116,18/01/2025,Smouha,LP06,-1,22604.0,0.05,Mobile Wallet,C2278
ORD-006867,18/01/2025,6th of October,AX04,1,256.0,0.0,credit card,C0422
ORD-006866,18/01/2025,Nasr City,AC02,1,47819.0,0.0,Visa/Mastercard,C2081
ORD-006852,18/01/2025,Dokki,SP02,1,51973.0,0.0,Valu/Installments,C1997
ORD-006864,18/01/2025,Mansoura,SP03,1,57156.0,0.0,Valu/Installments,C2354
ORD-006868,18/01/2025,Mansoura,AU03,2,13208.0,0.0,installments,C1662
ORD-006878,19/01/2025,Heliopolis,KA04,1,24350.0,0.0,Installments,C1642
ORD-006884,19/01/2025,Smouha,AX03,4,553.0,0.0,mobile wallet,C0652
ORD-006875,19/01/2025,Smouha,TV02,1,25792.0,0.05,Installments,C1238
ORD-006876,19/01/2025,6th of October,AC04,1,59361.0,0.0,Installments,C2183
ORD-006877,19/01/2025,Heliopolis,AX04,1,247.0,0.0,credit card,C1889
ORD-006880,19/01/2025,Mansoura,SP05,1,19853.0,0.0,credit card,C1694
ORD-006879,19/01/2025,Miami,SP03,1,57410.0,0.0,installments,C2419
ORD-006882,19/01/2025,Maadi,AU01,1,6369.0,0.0,credit card,C0999
ORD-006883,19/01/2025,Dokki,AX05,5,2482.0,0.0,cash,C2245
ORD-006874,19/01/2025,Dokki,TV05,1,23551.0,0.0,Installments,C0291
ORD-006885,19/01/2025,Maadi,SP06,1,9870.0,0.0,Valu/Installments,C1976
ORD-006886,19/01/2025,Maadi,KA03,2,6963.0,0.0,Mobile Wallet,C1573
ORD-006888,19/01/2025,Nasr City,SP02,1,52684.0,0.0,Installments,
ORD-006887,19/01/2025,Dokki,SP08,1,45127.0,0.0,Installments,C0271
ORD-006881,19/01/2025,Smouha,AX12,2,873.0,0.0,credit card,C0978
ORD-006891,20/01/2025,Heliopolis,AX10,2,461.0,0.0,Visa/Mastercard,C2421
ORD-006890,20/01/2025,Heliopolis,AU02,1,8751.0,0.0,Cash,C0853
ORD-006906,20/01/2025,Heliopolis,KA08,1,5308.0,0.0,Cash,C2442
ORD-006896,20/01/2025,Smouha,AX12,4,898.0,0.0,Mobile Wallet,C1402
ORD-006898,20/01/2025,Nasr City,TB01,1,24902.0,0.0,credit card,
ORD-006899,20/01/2025,Nasr City,AU02,2,8778.0,0.0,Credit Card,C0968
ORD-006903,20/01/2025,Dokki,AX06,2,1156.0,0.0,Installments,C1994
ORD-006901,20/01/2025,6th of October,AX06,3,1135.0,0.0,Credit Card,C0320
ORD-006902,20/01/2025,Miami,AX11,1,406.0,0.0,Visa/Mastercard,C2352
ORD-006889,20/01/2025,Nasr City,AX10,3,463.0,0.0,mobile wallet,C1396
ORD-006897,20/01/2025,Nasr City,AX11,3,398.0,0.0,Installments,C2231
ORD-006900,20/01/2025,Nasr City,AX06,5,1182.0,0.0,VF Cash,C0709
ORD-006892,20/01/2025,6th of October,AX06,1,,0.0,Cash,
ORD-006908,20/01/2025,Maadi,AU04,2,1422.0,0.0,CASH,
ORD-006894,20/01/2025,Heliopolis,SP04,1,11438.0,0.0,mobile wallet,C1784
ORD-006895,20/01/2025,Smouha,AX01,4,929.0,0.0,credit card,C2324
ORD-006905,20/01/2025,Dokki,TV03,1,14646.0,0.0,credit card,C2426
ORD-006904,20/01/2025,dokki,TB02,1,13757.0,0.0,Mobile Wallet,C0469
ORD-006907,20/01/2025,Smouha,AU05,1,,0.0,Visa/Mastercard,C1897
ORD-006913,20/01/2025,Miami,SP07,1,14602.0,0.0,Installments,C0722
ORD-006916,20/01/2025,6th of October,AX07,5,759.0,0.0,Visa/Mastercard,C1663
ORD-006915,20/01/2025,6th of October,KA07,2,18090.0,0.0,Valu/Installments,
ORD-006914,20/01/2025,Mansoura,AX05,1,2521.0,0.0,VF Cash,C1262
ORD-006893,20/01/2025,Maadi ,AX04,4,255.0,0.0,Credit Card,C1766
ORD-006912,20/01/2025,6th of October,KA05,2,9565.0,0.0,cash,C1824
ORD-006911,20/01/2025,6th of October,AX04,3,251.0,0.0,VF Cash,C0400
ORD-006910,20/01/2025,Heliopolis,AX07,5,744.0,0.0,Visa/Mastercard,C2274
ORD-006909,20/01/2025,Maadi,LP03,1,31335.0,0.05,VF Cash,C1333
ORD-006918,21/01/2025,Miami,AX12,2,904.0,0.0,Credit Card,C2451
ORD-006919,21/01/2025,Dokki,AX05,4,2391.0,0.0,credit card,C0446
ORD-006926,21/01/2025,Nasr City,SP01,1,16828.0,0.0,VF Cash,
ORD-006917,21/01/2025,Maadi,AX06,2,1143.0,0.0,Credit Card,C0286
ORD-006920,21/01/2025,Mansoura,AX04,4,243.0,0.0,cash,C2443
ORD-006928,21/01/2025,Smouha,KA07,2,18770.0,0.0,credit card,C0570
ORD-006922,21/01/2025,6th of October,AX12,3,883.0,0.0,Cash,C1342
ORD-006923,21/01/2025,Heliopolis,KA08,2,5357.0,0.05,CASH,C2025
ORD-006924,21/01/2025,Miami,AX05,2,2500.0,0.0,Valu/Installments,C0252
ORD-006925,21/01/2025,Heliopolis,AX03,5,549.0,0.0,cash,C0371
ORD-006927,21/01/2025,Maadi,AX09,5,1877.0,0.0,Mobile Wallet,C0892
ORD-006929,21/01/2025,Nasr City,TV04,1,41893.0,0.0,credit card,
ORD-006921,21/01/2025,6th of October,SP02,1,52484.0,0.0,Credit Card,C1553
ORD-006937,22/01/2025,Nasr City,AX01,4,923.0,0.0,installments,C1598
ORD-006940,22/01/2025,Smouha,SP07,1,14122.0,0.0,credit card,C0802
ORD-006939,22/01/2025,6th of October,AC02,1,46655.0,0.0,CASH,C1832
ORD-006938,22/01/2025,Heliopolis,TB04,1,17212.0,0.0,Credit Card,C2368
ORD-006943,22/01/2025,Heliopolis,AX03,2,551.0,0.0,credit card,C1228
ORD-006934,22/01/2025,Dokki,AX03,3,553.0,0.0,Installments,C1856
ORD-006935,22/01/2025,Dokki,KA08,2,5479.0,0.0,installments,C2177
ORD-006933,22/01/2025,Smouha,SP06,1,9530.0,0.0,Credit Card,C0612
ORD-006932,22/01/2025,Miami,TB01,1,24213.0,0.0,Installments,C0601
ORD-006941,22/01/2025,Miami,AX02,5,357.0,0.0,Cash,C0843
ORD-006930,22/01/2025,Heliopolis,KA08,2,5284.0,0.0,cash,C2379
ORD-006931,22/01/2025,nasr city,AU01,1,6377.0,0.0,Cash,C0001
RET-000120,22/01/2025,Mansoura,TB01,-1,24669.0,0.0,Installments,C1297
ORD-006949,22/01/2025,Mansoura,AC05,1,38227.0,0.0,Valu/Installments,C2387
ORD-006948,22/01/2025,Mansoura,TB02,1,13899.0,0.0,cash,C0366
ORD-006945,22/01/2025,Nasr City,KA07,2,18678.0,0.0,installments,C1248
ORD-006946,22/01/2025,Miami,SP06,1,9962.0,0.0,Credit Card,C1781
ORD-006944,22/01/2025,6th of October,TB01,1,,0.0,Valu/Installments,C2336
ORD-006936,22/01/2025,Miami,LP02,1,41802.0,0.0,Valu/Installments,C1194
ORD-006942,22/01/2025,Mansoura,TB01,1,24669.0,0.0,Installments,C1297
ORD-006947,22/01/2025,Smouha,AX12,3,889.0,0.0,installments,C1411
ORD-006955,23/01/2025,Mansoura,AU05,2,3236.0,0.0,Visa/Mastercard,C0256
ORD-006956,23/01/2025,Mansoura,TB01,1,24945.0,0.0,CASH,C1513
ORD-006960,23/01/2025,Nasr City,AX12,1,906.0,0.0,Visa/Mastercard,C2294
ORD-006959,23/01/2025,Nasr City,AX01,5,954.0,0.05,Cash,C0004
ORD-006958,23/01/2025,6th of October,AX08,1,1390.0,0.0,CASH,C0218
ORD-006957,23/01/2025,6th of October,SP08,1,46326.0,0.0,installments,C2249
ORD-006952,23/01/2025,Heliopolis,AX01,2,928.0,0.0,CASH,C1656
ORD-006954,23/01/2025,Heliopolis ,KA05,1,10031.0,0.0,installments,C1205
ORD-006951,23/01/2025,Heliopolis,AX06,5,1160.0,0.0,credit card,C2091
ORD-006962,23/01/2025,Miami,KA05,2,9612.0,0.0,credit card,C0450
ORD-006950,23/01/2025,Mansoura,AX03,3,558.0,0.0,Credit Card,C0034
ORD-006961,23/01/2025,Dokki,SP06,1,10077.0,0.0,VF Cash,C1472
ORD-006964,23/01/2025,Smouha,SP06,1,9941.0,0.0,Valu/Installments,C0128
ORD-006963,23/01/2025,Miami,TB01,1,24848.0,0.0,Installments,C1156
ORD-006966,23/01/2025,6th of October,AX03,4,554.0,0.0,credit card,C1769
RET-000020,23/01/2025,Nasr City,AX01,-5,954.0,0.05,Cash,C0004
ORD-006965,23/01/2025,Heliopolis,KA04,2,24941.0,0.0,Visa/Mastercard,C0964
ORD-006953,23/01/2025,6th of October,AU02,2,8934.0,0.0,Valu/Installments,C0523
ORD-006974,24/01/2025,Dokki,AX07,2,761.0,0.05,Visa/Mastercard,C2233
ORD-006973,24/01/2025,Maadi,AX02,4,345.0,0.0,credit card,C1783
ORD-006972,24/01/2025,Maadi,TB03,1,9281.0,0.0,cash,C1563
ORD-006976,24/01/2025,6th of October,SP08,1,44177.0,0.0,Installments,C0711
ORD-006983,24/01/2025,Mansoura,TV05,1,24236.0,0.0,Visa/Mastercard,C1476
ORD-006978,24/01/2025,Nasr City,SP08,1,44503.0,0.0,Visa/Mastercard,
ORD-006979,24/01/2025,Heliopolis,AX03,3,548.0,0.0,cash,C0570
ORD-006980,24/01/2025,Dokki,AX11,2,409.0,0.05,mobile wallet,C0771
ORD-006981,24/01/2025,Nasr City,AX10,2,439.0,0.0,Cash,C2276
ORD-006977,24/01/2025,6th of October,AC05,1,38022.0,0.0,Installments,C1946
ORD-006971,24/01/2025,Heliopolis,LP04,1,79000.0,0.0,cash,C1664
ORD-006968,24/01/2025,Nasr City,AU04,2,1447.0,0.0,credit card,C1615
ORD-006969,24/01/2025,Smouha,AX12,4,897.0,0.0,cash,C1304
ORD-006991,24/01/2025,Mansoura,AC02,1,47755.0,0.0,installments,C0065
ORD-006990,24/01/2025,Heliopolis,KA07,1,18719.0,0.0,cash,C0294
ORD-006989,24/01/2025,smouha,AX06,3,1132.0,0.0,Credit Card,C0048
ORD-006988,24/01/2025,Dokki,KA01,2,4258.0,0.0,Mobile Wallet,C0551
ORD-006987,24/01/2025,Miami,AX04,2,244.0,0.0,CASH,C0515
ORD-006970,24/01/2025,Dokki,AX11,4,409.0,0.0,Cash,C1568
ORD-006984,24/01/2025,Heliopolis,KA06,2,12266.0,0.0,Cash,C1709
ORD-006975,24/01/2025,Mansoura,TV03,1,14102.0,0.0,mobile wallet,C0866
ORD-006982,24/01/2025,Mansoura,AX08,5,1334.0,0.0,Mobile Wallet,C1576
ORD-006967,24/01/2025,Nasr City,AX03,4,543.0,0.0,Valu/Installments,C2418
ORD-006985,24/01/2025,Miami,KA05,2,9599.0,0.0,Mobile Wallet,C0632
ORD-006986,24/01/2025,Mansoura,AU01,1,6435.0,0.0,CASH,C1182
ORD-006992,25/01/2025,Mansoura,AX06,3,1184.0,0.0,cash,C0590
ORD-007011,25/01/2025,Mansoura,AX09,3,1860.0,0.05,credit card,C1456
ORD-007007,25/01/2025,Nasr City,LP02,1,42453.0,0.0,Credit Card,C2262
ORD-007005,25/01/2025,Nasr City,LP04,1,79118.0,0.0,cash,C2087
ORD-007003,25/01/2025,6th of October,SP03,1,58776.0,0.0,Valu/Installments,C0737
ORD-007002,25/01/2025,Maadi,KA05,2,9652.0,0.0,cash,
ORD-007001,25/01/2025,Smouha,AX11,5,408.0,0.0,VF Cash,C1744
ORD-007000,25/01/2025,Heliopolis,SP05,1,19887.0,0.0,Installments,C2476
ORD-006993,25/01/2025,Mansoura,TV01,1,32806.0,0.0,CASH,C1994
ORD-006994,25/01/2025,Heliopolis,TV03,1,14807.0,0.0,CASH,C1789
ORD-007004,25/01/2025,Dokki,AU04,1,1473.0,0.0,mobile wallet,C1862
ORD-006996,25/01/2025,Smouha,KA06,2,12220.0,0.0,CASH,C0347
ORD-007012,25/01/2025,Mansoura,KA08,2,5283.0,0.0,Cash,C0925
ORD-007013,25/01/2025,Miami,TV04,1,41596.0,0.0,installments,
ORD-007009,25/01/2025,Mansoura,LP06,1,21689.0,0.05,installments,
ORD-007014,25/01/2025,Heliopolis,AX01,2,943.0,0.0,Visa/Mastercard,C0762
ORD-007008,25/01/2025,Maadi,AX01,3,943.0,0.0,CASH,C1844
ORD-007010,25/01/2025,Miami,AX06,4,1120.0,0.0,Visa/Mastercard,C1576
ORD-007006,25/01/2025,Mansoura,SP04,1,11691.0,0.0,installments,C1738
ORD-006999,25/01/2025,Heliopolis ,AX01,1,943.0,0.0,Valu/Installments,C1868
ORD-006998,25/01/2025,Heliopolis,AX07,5,732.0,0.0,VF Cash,C1704
ORD-006997,25/01/2025,Mansoura,SP04,1,11236.0,0.0,CASH,C0563
ORD-007011,25/01/2025,Mansoura,AX09,3,1860.0,0.05,credit card,C1456
ORD-006995,25/01/2025,Smouha,AX09,5,1878.0,0.0,Cash,C0557
ORD-007018,26/01/2025,Heliopolis,SP04,1,11844.0,0.0,credit card,C2368
ORD-007021,26/01/2025,Heliopolis,AX03,3,557.0,0.0,Visa/Mastercard,C0970
ORD-007025,26/01/2025,Heliopolis,LP05,1,35003.0,0.0,Valu/Installments,C2238
ORD-007024,26/01/2025,6th of October,AX12,2,924.0,0.0,Credit Card,C1683
ORD-007023,26/01/2025,Maadi,KA03,1,6835.0,0.0,installments,C1103
ORD-007022,26/01/2025,6th of October,AC05,1,38869.0,0.05,Valu/Installments,C2056
ORD-007020,26/01/2025,Nasr City,AX06,3,1160.0,0.0,Visa/Mastercard,
ORD-007017,26/01/2025,Maadi,AX02,5,359.0,0.0,Cash,C0031
ORD-007016,26/01/2025,Maadi,AX10,5,447.0,0.0,Mobile Wallet,C2477
ORD-007015,26/01/2025,Nasr City,KA06,2,12418.0,0.0,Installments,C1740
ORD-007026,26/01/2025,Maadi,TV01,1,32259.0,0.0,installments,C2361
ORD-007027,26/01/2025,Nasr City,TB03,1,9730.0,0.0,Credit Card,C1504
ORD-007028,26/01/2025,maadi,SP07,1,14474.0,0.0,cash,C0138
ORD-007030,26/01/2025,Smouha,AX12,4,920.0,0.0,Cash,C2328
ORD-007029,26/01/2025,Mansoura,SP01,1,16083.0,0.0,credit card,C0156
ORD-007019,26/01/2025,Heliopolis,KA04,1,23789.0,0.0,Valu/Installments,C2041
ORD-007031,27/01/2025,Mansoura,AC02,1,47430.0,0.0,mobile wallet,C1980
ORD-007040,27/01/2025,Maadi,SP03,1,57415.0,0.0,Visa/Mastercard,C1905
ORD-007041,27/01/2025,6th of October,AX07,3,744.0,0.05,Credit Card,C2118
ORD-007042,27/01/2025,Smouha,AX12,1,896.0,0.0,CASH,C0321
ORD-007047,27/01/2025,Nasr City,TV01,1,31655.0,0.0,credit card,C1005
ORD-007045,27/01/2025,nasr city,TV06,1,86460.0,0.0,cash,C2499
ORD-007032,27/01/2025,6th of October,SP05,1,19849.0,0.0,Credit Card,C1510
ORD-007033,27/01/2025,Mansoura,TV05,1,23596.0,0.0,installments,C0464
ORD-007043,27/01/2025,Smouha,TB02,1,13440.0,0.0,Visa/Mastercard,C2144
ORD-007034,27/01/2025,Mansoura,SP08,1,44308.0,0.0,Installments,C2377
ORD-007048,27/01/2025,6th of October,AX03,4,548.0,0.0,mobile wallet,C1936
ORD-007036,27/01/2025,6th of October,AX06,4,1133.0,0.0,cash,C0328
ORD-007049,27/01/2025,Heliopolis,AU04,2,1438.0,0.0,CASH,C0320
ORD-007035,27/01/2025,MANSOURA,LP02,1,42135.0,0.0,cash,C1973
ORD-007053,27/01/2025,Miami,SP01,1,16167.0,0.0,cash,C0217
ORD-007052,27/01/2025,6th of October ,AU04,1,1466.0,0.0,Visa/Mastercard,C1280
ORD-007050,27/01/2025,Nasr City,AX05,1,2504.0,0.0,Visa/Mastercard,C2209
ORD-007051,27/01/2025,Miami,KA01,2,4143.0,0.0,credit card,C2375
ORD-007044,27/01/2025,Nasr City,AU01,2,6522.0,0.0,Cash,
ORD-007046,27/01/2025,Dokki,AX07,1,764.0,0.0,credit card,C0363
ORD-007039,27/01/2025,Smouha,AX06,4,1169.0,0.0,Visa/Mastercard,C1145
ORD-007038,27/01/2025,NASR CITY,AX10,1,440.0,0.0,credit card,C2157
ORD-007037,27/01/2025,Mansoura,AX09,1,1828.0,0.0,VF Cash,C0582
RET-000029,27/01/2025,Smouha,AX12,-1,896.0,0.0,CASH,C0321
ORD-007056,28/01/2025,Mansoura,AX11,2,411.0,0.05,Cash,C0045
ORD-007065,28/01/2025,Heliopolis,AX01,5,942.0,0.0,Visa/Mastercard,
ORD-007054,28/01/2025,Dokki,TV01,1,31098.0,0.0,Visa/Mastercard,C1408
ORD-007055,28/01/2025,Nasr City,AX04,1,250.0,0.0,Valu/Installments,C2192
ORD-007057,28/01/2025,Heliopolis,SP01,1,16640.0,0.0,VF Cash,C1921
ORD-007059,28/01/2025,Dokki,AX04,1,254.0,0.0,installments,C2100
ORD-007060,28/01/2025,Smouha,AX06,5,1149.0,0.0,cash,C1922
ORD-007061,28/01/2025,6th of October,AU02,1,8875.0,0.0,Visa/Mastercard,C2351
ORD-007062,28/01/2025,Maadi,SP08,1,45212.0,0.0,credit card,
ORD-007063,28/01/2025,6th of October ,TV04,1,40012.0,0.0,cash,
ORD-007064,28/01/2025,Miami,TV05,1,23805.0,0.0,Valu/Installments,C1358
ORD-007066,28/01/2025,Mansoura,AX12,1,890.0,0.0,cash,
ORD-007058,28/01/2025,Maadi,AX09,3,1826.0,0.0,Valu/Installments,C1860
ORD-007069,29/01/2025,Heliopolis,LP05,1,35576.0,0.0,Installments,C1446
ORD-007075,29/01/2025,Dokki,AX06,1,1175.0,0.0,Mobile Wallet,
ORD-007074,29/01/2025,Dokki ,AX06,1,1151.0,0.0,Valu/Installments,
ORD-007073,29/01/2025,Heliopolis,AX10,5,452.0,0.05,mobile wallet,C0687
ORD-007072,29/01/2025,Dokki,SP01,1,16498.0,0.0,VF Cash,C1185
ORD-007071,29/01/2025,Nasr City,TV04,1,42162.0,0.0,installments,C1207
ORD-007070,29/01/2025,6th of October,KA05,2,9765.0,0.0,mobile wallet,
ORD-007068,29/01/2025,Miami,SP07,1,14923.0,0.0,Cash,C1725
ORD-007084,29/01/2025,Mansoura,AX05,5,2486.0,0.05,mobile wallet,C2369
ORD-007080,29/01/2025,Heliopolis,KA04,2,24107.0,0.0,Cash,C2309
ORD-007076,29/01/2025,Miami,SP03,1,56987.0,0.0,Installments,C0145
ORD-007077,29/01/2025,Maadi,AU02,1,8957.0,0.0,CASH,C2448
ORD-007078,29/01/2025,Smouha,AX04,5,247.0,0.0,Visa/Mastercard,C1246
ORD-007079,29/01/2025,Smouha,KA01,1,4209.0,0.0,credit card,
ORD-007082,29/01/2025,Maadi,LP04,1,78204.0,0.0,mobile wallet,C0252
ORD-007081,29/01/2025,Maadi,AX07,5,753.0,0.0,Cash,C1067
ORD-007083,29/01/2025,6th of October,SP01,1,16163.0,0.05,credit card,C1939
ORD-007085,29/01/2025,Nasr City,TV04,1,39915.0,0.0,Credit Card,C0693
ORD-007067,29/01/2025,Miami,AU04,2,1422.0,0.0,Mobile Wallet,
ORD-007089,30/01/2025,Mansoura,AX01,2,943.0,0.0,Installments,C1196
ORD-007086,30/01/2025,Nasr City,AX05,5,2431.0,0.0,Mobile Wallet,C2347
ORD-007087,30/01/2025,Heliopolis,LP06,1,21992.0,0.0,Visa/Mastercard,
ORD-007088,30/01/2025,Heliopolis,KA06,1,12594.0,0.0,Installments,C0212
ORD-007090,30/01/2025,Miami,AU02,1,8750.0,0.0,mobile wallet,C0112
ORD-007099,30/01/2025,Mansoura,AC05,1,38321.0,0.0,installments,C1033
ORD-007092,30/01/2025,Miami,KA04,2,24797.0,0.0,cash,C1986
ORD-007093,30/01/2025,Dokki,TV06,1,90361.0,0.0,credit card,C0338
ORD-007094,30/01/2025,6th of October,SP06,1,9786.0,0.0,Visa/Mastercard,
ORD-007095,30/01/2025,Dokki,AC05,1,38148.0,0.0,Valu/Installments,C0520
ORD-007096,30/01/2025,Nasr City,AU05,2,3128.0,0.0,Cash,C2071
ORD-007098,30/01/2025,Dokki,KA08,2,5364.0,0.0,Mobile Wallet,C1139
ORD-007091,30/01/2025,6th of October,TV06,1,91625.0,0.0,credit card,C1175
ORD-007097,30/01/2025,Maadi,LP03,1,31905.0,0.0,cash,C0315
ORD-007106,31/01/2025,Miami,AX04,1,255.0,0.0,Installments,C2474
ORD-007112,31/01/2025,Miami,SP03,1,57772.0,0.0,Valu/Installments,C1515
ORD-007111,31/01/2025,Dokki,AX08,1,1310.0,0.0,Visa/Mastercard,C1830
ORD-007110,31/01/2025,Heliopolis,AU03,2,13635.0,0.0,VF Cash,C0620
ORD-007109,31/01/2025,Dokki,AU05,1,3119.0,0.0,cash,C2424
ORD-007103,31/01/2025,6th of October,KA04,2,24252.0,0.0,Valu/Installments,C1053
ORD-007105,31/01/2025,Nasr City,KA03,1,6904.0,0.0,Credit Card,C0457
ORD-007107,31/01/2025,Mansoura,TB02,1,13396.0,0.0,Cash,
ORD-007114,31/01/2025,6th of October,KA05,2,9707.0,0.0,Credit Card,C1071
ORD-007104,31/01/2025,smouha,SP01,1,16039.0,0.0,Visa/Mastercard,C0059
ORD-007117,31/01/2025,Nasr City,AX07,5,753.0,0.0,credit card,C0741
ORD-007116,31/01/2025,Miami,KA04,2,23783.0,0.05,installments,C1987
ORD-007115,31/01/2025,Dokki,AU02,2,8809.0,0.0,Mobile Wallet,C0968
ORD-007108,31/01/2025,Heliopolis,AX04,2,255.0,0.0,Cash,C0716
ORD-007118,31/01/2025,Nasr City,AX02,5,357.0,0.0,CASH,C2161
ORD-007100,31/01/2025,Miami,TV02,1,27200.0,0.0,installments,C0543
ORD-007101,31/01/2025,Mansoura,AX05,3,2459.0,0.0,cash,C1151
ORD-007102,31/01/2025,Miami,KA03,1,6658.0,0.0,Credit Card,C1128
ORD-007113,31/01/2025,Smouha,TV06,1,89549.0,0.0,Cash,C0719
ORD-007126,01/02/2025,Smouha,AX06,1,1169.0,0.0,Credit Card,C1692
ORD-007127,01/02/2025,Mansoura,SP07,1,14872.0,0.0,cash,
ORD-007133,01/02/2025,Smouha,AX09,1,1902.0,0.0,Visa/Mastercard,C0864
ORD-007132,01/02/2025,Mansoura,AU05,2,3135.0,0.0,CASH,C0686
ORD-007131,01/02/2025,6th of October,AU02,2,9166.0,0.0,Cash,C1803
ORD-007130,01/02/2025,6th of October,AU04,2,1446.0,0.0,Cash,
ORD-007129,01/02/2025,Maadi,AX09,5,1830.0,0.0,Cash,C0975
ORD-007128,01/02/2025,Heliopolis,AU04,2,1485.0,0.0,Visa/Mastercard,C1570
ORD-007124,01/02/2025,MAADI,AU04,2,1484.0,0.0,credit card,C0632
ORD-007125,01/02/2025,Dokki,AU05,1,3119.0,0.0,Visa/Mastercard,C2032
ORD-007138,01/02/2025,6th of October,TB01,1,24545.0,0.0,credit card,C0476
ORD-007123,01/02/2025,Mansoura,AX12,5,885.0,0.0,mobile wallet,C2440
ORD-007137,01/02/2025,Maadi,KA03,1,6922.0,0.0,CASH,C1083
ORD-007142,01/02/2025,Heliopolis,SP02,1,51166.0,0.0,Cash,C1634
ORD-007135,01/02/2025,Dokki,AU02,2,8751.0,0.0,CASH,C1414
ORD-007140,01/02/2025,Smouha,AU02,1,9001.0,0.0,Valu/Installments,C0687
ORD-007139,01/02/2025,Nasr City,AX04,5,257.0,0.0,credit card,C0216
ORD-007141,01/02/2025,Maadi,TV04,1,40846.0,0.0,Visa/Mastercard,C1901
ORD-007119,01/02/2025,Heliopolis,AX11,2,410.0,0.0,cash,C0136
ORD-007134,01/02/2025,Smouha,AX12,3,874.0,0.0,Cash,C2367
ORD-007120,01/02/2025,Nasr City,KA01,1,4293.0,0.0,cash,C1405
ORD-007121,01/02/2025,Mansoura,AX01,4,974.0,0.0,mobile wallet,C0346
ORD-007122,01/02/2025,Mansoura,AX05,3,2377.0,0.0,credit card,C0595
ORD-007136,01/02/2025,HELIOPOLIS,SP02,1,50631.0,0.0,installments,C0223
ORD-007146,02/02/2025,Dokki,TV04,1,41480.0,0.0,Credit Card,C2182
ORD-007154,02/02/2025,Heliopolis,AX01,2,947.0,0.0,cash,C0595
ORD-007155,02/02/2025,Maadi,SP01,1,16777.0,0.0,VF Cash,C2173
ORD-007156,02/02/2025,Mansoura,TB03,1,9641.0,0.0,Visa/Mastercard,C1781
ORD-007158,02/02/2025,6th of October,TB01,1,23971.0,0.0,mobile wallet,C1183
ORD-007143,02/02/2025,Dokki,AX03,1,558.0,0.0,mobile wallet,C1951
ORD-007144,02/02/2025,Nasr City,AX11,4,392.0,0.0,credit card,C1235
ORD-007145,02/02/2025,Nasr City,SP03,1,59272.0,0.0,Installments,C1951
ORD-007147,02/02/2025,nasr city,KA01,2,4108.0,0.0,CASH,C0958
ORD-007160,02/02/2025,Heliopolis,TV04,1,41816.0,0.0,credit card,C1565
ORD-007149,02/02/2025,Maadi,KA02,1,3596.0,0.0,credit card,C1598
ORD-007148,02/02/2025,6th of October,KA08,2,5287.0,0.0,Cash,C1556
RET-000075,02/02/2025,Heliopolis,TV04,-1,41816.0,0.0,credit card,C1565
ORD-007161,02/02/2025,Dokki,AX09,5,1826.0,0.0,Cash,C1294
ORD-007159,02/02/2025,Maadi,AX05,3,2477.0,0.0,Cash,C1839
RET-000001,02/02/2025,Dokki,AC02,-1,,0.0,Valu/Installments,C2172
ORD-007162,02/02/2025,Dokki,AC02,1,46023.0,0.0,Valu/Installments,C2172
ORD-007153,02/02/2025,6th of October,AX04,3,251.0,0.0,Installments,C1076
ORD-007152,02/02/2025,Heliopolis,LP03,1,30935.0,0.05,Installments,
ORD-007151,02/02/2025,Miami,AX11,1,400.0,0.0,Installments,
ORD-007150,02/02/2025,Heliopolis,AX03,3,544.0,0.0,credit card,C1944
ORD-007157,02/02/2025,Maadi,KA08,2,5450.0,0.05,CASH,C0049
ORD-007180,03/02/2025,Nasr City,KA04,1,23902.0,0.0,installments,C2130
ORD-007173,03/02/2025,Heliopolis,KA05,1,9536.0,0.0,Visa/Mastercard,C1046
ORD-007174,03/02/2025,Miami,AC03,1,25529.0,0.0,mobile wallet,C2393
ORD-007175,03/02/2025,Smouha,TV05,1,24367.0,0.0,Visa/Mastercard,C1603
ORD-007176,03/02/2025,Heliopolis,TV01,1,32024.0,0.0,Cash,C1889
ORD-007177,03/02/2025,Smouha,AU03,1,13257.0,0.0,Credit Card,C0991
ORD-007178,03/02/2025,Heliopolis,AC05,1,38640.0,0.0,Installments,C2412
ORD-007179,03/02/2025,Miami,SP03,1,57612.0,0.0,CASH,C0799
ORD-007181,03/02/2025,6th of October ,TB02,1,13315.0,0.0,CASH,C1383
ORD-007169,03/02/2025,6th of October,AX02,1,346.0,0.0,Installments,C1373
ORD-007170,03/02/2025,Dokki,AX03,5,534.0,0.0,Visa/Mastercard,C1108
ORD-007168,03/02/2025,Maadi,AU02,2,9053.0,0.0,cash,C1117
ORD-007167,03/02/2025,Smouha,TV04,1,41986.0,0.0,Installments,C1769
ORD-007166,03/02/2025,Smouha,LP04,1,76283.0,0.0,Valu/Installments,C1450
ORD-007165,03/02/2025,Nasr City,AX02,1,358.0,0.0,installments,C2177
ORD-007171,03/02/2025,Heliopolis,AX04,5,252.0,0.0,Credit Card,C1094
ORD-007164,03/02/2025,SMOUHA,AX08,5,1314.0,0.0,mobile wallet,C0399
ORD-007163,03/02/2025,Dokki,AX02,1,343.0,0.0,Credit Card,C0169
RET-000122,03/02/2025,6th of October ,TB02,-1,13315.0,0.0,CASH,C1383
ORD-007172,03/02/2025,Heliopolis,TV05,1,24083.0,0.0,Installments,C0403
ORD-007182,03/02/2025,Dokki,AU03,2,13803.0,0.0,credit card,C0737
ORD-007191,04/02/2025,Dokki,AX04,2,255.0,0.0,cash,C0401
ORD-007188,04/02/2025,Smouha,AX06,5,1170.0,0.0,Visa/Mastercard,C0279
ORD-007189,04/02/2025,Mansoura,KA07,2,18917.0,0.0,Visa/Mastercard,C0049
ORD-007190,04/02/2025,dokki,AX05,4,2513.0,0.0,VF Cash,C1685
ORD-007192,04/02/2025,Nasr City,AU01,1,6518.0,0.0,Cash,C2152
ORD-007187,04/02/2025,Smouha,AX07,3,748.0,0.0,Credit Card,
ORD-007194,04/02/2025,Heliopolis,AX08,5,1325.0,0.0,CASH,C1827
ORD-007195,04/02/2025,Heliopolis,TB03,1,9645.0,0.0,cash,C1440
ORD-007196,04/02/2025,Nasr City,TV05,1,24513.0,0.0,installments,C0899
ORD-007184,04/02/2025,Smouha,AU03,2,13755.0,0.0,Valu/Installments,C2244
ORD-007183,04/02/2025,Nasr City,TV02,1,26130.0,0.0,CASH,C1284
ORD-007193,04/02/2025,Dokki,TV05,1,24510.0,0.0,credit card,C0426
ORD-007185,04/02/2025,6th of October,LP04,1,78791.0,0.0,Visa/Mastercard,C0044
ORD-007186,04/02/2025,6th of October,TV04,1,41744.0,0.0,installments,C0035
ORD-007212,05/02/2025,Maadi,AX02,3,350.0,0.0,Visa/Mastercard,C0533
ORD-007213,05/02/2025,Dokki,TB03,1,9457.0,0.05,Credit Card,C1540
ORD-007211,05/02/2025,Maadi,SP05,1,19465.0,0.0,credit card,C2477
ORD-007210,05/02/2025,Maadi,TB01,1,24095.0,0.0,cash,
ORD-007209,05/02/2025,Maadi,AX12,2,901.0,0.0,cash,C0354
ORD-007207,05/02/2025,6th of October,KA03,1,6854.0,0.0,Cash,C0499
ORD-007208,05/02/2025,Maadi,AU04,2,1411.0,0.0,CASH,C0492
ORD-007205,05/02/2025,Mansoura,AU01,1,6645.0,0.0,mobile wallet,C0889
ORD-007200,05/02/2025,Miami,SP08,1,45982.0,0.0,installments,C0140
ORD-007206,05/02/2025,6th of October,AC05,1,38390.0,0.0,installments,C2456
ORD-007197,05/02/2025,Maadi,AX07,5,742.0,0.0,installments,C1161
ORD-007199,05/02/2025,Maadi,TV05,1,23803.0,0.0,credit card,C0791
ORD-007198,05/02/2025,6th of October,AC04,1,60245.0,0.0,credit card,C1032
ORD-007202,05/02/2025,Miami,SP07,1,,0.0,Installments,C0377
ORD-007203,05/02/2025,Nasr City,AX01,4,972.0,0.0,credit card,C0233
ORD-007204,05/02/2025,Dokki,AX01,1,941.0,0.0,Valu/Installments,C2434
ORD-007201,05/02/2025,Mansoura,AX04,1,255.0,0.0,Valu/Installments,C0098
ORD-007218,06/02/2025,Miami,SP05,1,19711.0,0.0,Visa/Mastercard,C0755
ORD-007219,06/02/2025,Dokki,KA06,1,12167.0,0.0,Valu/Installments,C1038
ORD-007228,06/02/2025,Heliopolis,TV06,1,91476.0,0.0,Visa/Mastercard,C0664
ORD-007227,06/02/2025,Smouha,AU02,2,9141.0,0.0,installments,C1055
ORD-007215,06/02/2025,6th of October,SP07,1,14704.0,0.0,Credit Card,
ORD-007216,06/02/2025,6th of October,LP06,1,21498.0,0.0,Valu/Installments,C0757
ORD-007217,06/02/2025,Miami,KA01,1,4095.0,0.0,credit card,C0455
ORD-007226,06/02/2025,Dokki,AX03,4,535.0,0.0,Cash,C1325
ORD-007232,06/02/2025,Nasr City,AU01,2,6670.0,0.0,Cash,
ORD-007220,06/02/2025,Maadi,AU05,1,3264.0,0.0,credit card,C1207
ORD-007214,06/02/2025,6th of October,AX09,5,1832.0,0.0,Visa/Mastercard,C2319
ORD-007233,06/02/2025,Smouha,KA06,2,12725.0,0.0,Cash,C1568
ORD-007230,06/02/2025,Mansoura,AU01,1,6643.0,0.0,Cash,C1136
ORD-007229,06/02/2025,6th of October,AX07,3,757.0,0.0,credit card,C0304
ORD-007231,06/02/2025,Maadi,KA02,2,3535.0,0.0,Visa/Mastercard,C0256
ORD-007224,06/02/2025,Mansoura,AU04,1,1469.0,0.0,Cash,C1133
ORD-007223,06/02/2025,Dokki,AU01,2,6618.0,0.0,CASH,C1858
ORD-007222,06/02/2025,Smouha,AX09,5,1835.0,0.0,Credit Card,C0311
ORD-007221,06/02/2025,6th of October,KA07,1,18887.0,0.05,VF Cash,C1913
ORD-007225,06/02/2025,6th of October,SP06,1,9869.0,0.0,cash,C1749
ORD-007237,07/02/2025,Heliopolis,AX04,4,244.0,0.0,Cash,C0247
ORD-007239,07/02/2025,Miami,SP03,1,58612.0,0.0,Visa/Mastercard,C1085
ORD-007249,07/02/2025,Dokki,SP07,1,14067.0,0.0,Credit Card,
ORD-007234,07/02/2025,Heliopolis,AU02,1,8745.0,0.0,VF Cash,C1592
ORD-007235,07/02/2025,Heliopolis,KA03,1,6801.0,0.0,mobile wallet,C1363
ORD-007236,07/02/2025,Heliopolis,TB02,1,13825.0,0.0,Installments,
ORD-007240,07/02/2025,6th of October,AX06,4,1182.0,0.0,cash,
ORD-007238,07/02/2025,Maadi,KA06,2,12529.0,0.0,Cash,C1058
ORD-007242,07/02/2025,Dokki,AU04,2,,0.0,cash,C1805
ORD-007243,07/02/2025,Dokki,TB01,1,25134.0,0.0,Valu/Installments,C0285
ORD-007244,07/02/2025,Heliopolis,AX12,3,878.0,0.0,Credit Card,C2015
ORD-007245,07/02/2025,Nasr City,AX11,4,403.0,0.0,mobile wallet,C0822
ORD-007246,07/02/2025,Mansoura,AU01,1,6495.0,0.0,VF Cash,C2500
ORD-007248,07/02/2025,Nasr City,AX06,1,1165.0,0.0,Valu/Installments,C0731
RET-000066,07/02/2025,Heliopolis,KA03,-1,6801.0,0.0,mobile wallet,C1363
ORD-007247,07/02/2025,Nasr City,AX10,1,453.0,0.0,mobile wallet,C1609
ORD-007250,07/02/2025,Smouha,KA04,2,24060.0,0.0,Credit Card,C2016
ORD-007241,07/02/2025,6th of October,KA04,1,24117.0,0.0,cash,C0729
ORD-007259,08/02/2025,Nasr City,AX12,1,910.0,0.0,CASH,C0424
ORD-007263,08/02/2025,Maadi,LP02,1,41744.0,0.0,credit card,C2341
ORD-007262,08/02/2025,Nasr City,AU01,2,6576.0,0.0,credit card,C0289
ORD-007265,08/02/2025,Nasr City,AX02,1,349.0,0.0,Cash,C1827
ORD-007261,08/02/2025,Miami,AU05,1,3150.0,0.0,cash,C0299
ORD-007257,08/02/2025,Dokki,KA08,1,5336.0,0.0,Visa/Mastercard,C1809
ORD-007255,08/02/2025,Smouha,AX09,1,1897.0,0.0,cash,C0895
ORD-007254,08/02/2025,Nasr City,LP04,1,79490.0,0.0,CASH,C1767
ORD-007253,08/02/2025,Nasr City,AX01,3,940.0,0.0,CASH,C2215
ORD-007252,08/02/2025,Nasr City,SP04,1,11704.0,0.0,Cash,C0590
ORD-007251,08/02/2025,Heliopolis,AU04,1,1423.0,0.0,Mobile Wallet,C0445
ORD-007264,08/02/2025,Heliopolis,TV04,1,41530.0,0.0,installments,C1027
ORD-007258,08/02/2025,Nasr City,AX03,4,559.0,0.0,installments,C1061
ORD-007260,08/02/2025,Mansoura,AU01,1,6313.0,0.0,Cash,C0143
ORD-007256,08/02/2025,Heliopolis,AU05,2,3119.0,0.0,cash,C0436
ORD-007271,09/02/2025,6th of October,TV03,1,14860.0,0.0,Mobile Wallet,C1600
ORD-007270,09/02/2025,Dokki,KA07,1,18920.0,0.0,credit card,C0155
ORD-007269,09/02/2025,Nasr City,AC03,1,26167.0,0.0,Credit Card,C0004
ORD-007268,09/02/2025,Nasr City,AX01,5,947.0,0.0,installments,C0610
ORD-007267,09/02/2025,Heliopolis,SP01,1,16667.0,0.0,credit card,C2039
ORD-007283,09/02/2025,Smouha,AX02,1,349.0,0.05,mobile wallet,C1655
ORD-007273,09/02/2025,Mansoura,TB03,1,9627.0,0.0,Cash,C0621
ORD-007285,09/02/2025,Smouha,AX08,2,1323.0,0.05,CASH,
ORD-007272,09/02/2025,Nasr City,TV01,1,32941.0,0.0,Cash,C1092
ORD-007282,09/02/2025,Heliopolis,KA04,2,25198.0,0.0,CASH,C1787
ORD-007274,09/02/2025,Dokki,AX04,1,248.0,0.0,CASH,C1351
ORD-007287,09/02/2025,Mansoura,AX01,3,966.0,0.0,Credit Card,C0926
ORD-007275,09/02/2025,Heliopolis,AC01,1,33698.0,0.0,Visa/Mastercard,C1603
ORD-007276,09/02/2025,Dokki,AU02,1,9162.0,0.0,CASH,
ORD-007277,09/02/2025,Nasr City,KA08,1,5437.0,0.0,Mobile Wallet,C2354
ORD-007281,09/02/2025,Smouha,AC01,1,34420.0,0.05,credit card,C1959
ORD-007278,09/02/2025,6th of October,LP05,1,35741.0,0.0,installments,C0016
ORD-007279,09/02/2025,Heliopolis,AX11,1,395.0,0.0,Visa/Mastercard,C2112
ORD-007284,09/02/2025,6th of October,AU04,1,1443.0,0.0,cash,C0288
ORD-007286,09/02/2025,Maadi,AX12,3,902.0,0.0,credit card,C2213
RET-000124,09/02/2025,Smouha,AX08,-2,1323.0,0.05,CASH,
ORD-007266,09/02/2025,Heliopolis,TB04,1,17965.0,0.0,Cash,C0077
ORD-007288,09/02/2025,Smouha,KA01,1,4204.0,0.0,Credit Card,C0014
ORD-007280,09/02/2025,Maadi,KA06,1,12255.0,0.0,Cash,C2010
ORD-007298,10/02/2025,Heliopolis,AX02,3,357.0,0.0,Visa/Mastercard,C0227
ORD-007296,10/02/2025,Maadi,AX01,4,938.0,0.0,cash,C1241
ORD-007301,10/02/2025,Miami,AX10,3,437.0,0.05,Cash,C2190
ORD-007302,10/02/2025,Nasr City,SP01,1,16026.0,0.0,CASH,C1393
ORD-007299,10/02/2025,Heliopolis,TB04,1,17530.0,0.0,mobile wallet,C0372
ORD-007295,10/02/2025,Smouha,AX02,5,349.0,0.0,credit card,C1366
ORD-007297,10/02/2025,Mansoura,SP07,1,14529.0,0.0,cash,C1641
ORD-007293,10/02/2025,mansoura,AU03,2,13876.0,0.0,Installments,C2193
ORD-007292,10/02/2025,Heliopolis,TV05,1,23977.0,0.0,Credit Card,C2324
ORD-007304,10/02/2025,Mansoura,AU02,2,8739.0,0.0,Credit Card,C1883
ORD-007291,10/02/2025,Dokki,AX01,4,965.0,0.0,VF Cash,C0497
ORD-007290,10/02/2025,6th of October,TV03,1,14479.0,0.0,Visa/Mastercard,C1975
ORD-007289,10/02/2025,6th of October,AX12,3,885.0,0.0,Visa/Mastercard,C1575
ORD-007303,10/02/2025,Dokki,TB01,1,,0.0,installments,C0330
RET-000115,10/02/2025,6th of October,AX12,-3,885.0,0.0,Visa/Mastercard,C1575
ORD-007300,10/02/2025,Miami,SP08,1,43813.0,0.0,credit card,C1497
ORD-007294,10/02/2025,Nasr City,KA07,1,18715.0,0.0,cash,C1471
ORD-007310,11/02/2025,Mansoura,SP03,1,57901.0,0.0,Installments,
ORD-007305,11/02/2025,HELIOPOLIS,TV05,1,23867.0,0.0,Cash,
ORD-007307,11/02/2025,Smouha,TB02,1,13271.0,0.0,VF Cash,C0832
ORD-007308,11/02/2025,Nasr City,SP02,1,51121.0,0.0,credit card,C0724
ORD-007309,11/02/2025,Mansoura,AX04,4,253.0,0.0,Installments,C2272
ORD-007311,11/02/2025,Dokki,AX06,5,1179.0,0.0,Mobile Wallet,C0162
ORD-007312,11/02/2025,Dokki,LP02,1,41567.0,0.0,Valu/Installments,C1574
ORD-007313,11/02/2025,Mansoura,SP07,1,14829.0,0.05,Mobile Wallet,C0783
ORD-007314,11/02/2025,Smouha,AX06,1,1124.0,0.0,Credit Card,C1225
ORD-007315,11/02/2025,Nasr City,KA02,2,3559.0,0.0,Credit Card,C1598
ORD-007316,11/02/2025,Smouha,TV03,1,14718.0,0.0,mobile wallet,C0438
ORD-007317,11/02/2025,Dokki,AX02,4,343.0,0.0,cash,C1472
ORD-007318,11/02/2025,Mansoura,AX07,1,770.0,0.0,Visa/Mastercard,C1993
ORD-007319,11/02/2025,Mansoura,TV06,1,88658.0,0.0,installments,C0348
ORD-007306,11/02/2025,6th of October,TV02,1,26446.0,0.0,installments,C1188
ORD-007327,12/02/2025,Nasr City,AX01,4,924.0,0.0,VF Cash,C0977
ORD-007320,12/02/2025,Miami,SP06,1,9533.0,0.0,Visa/Mastercard,C1794
ORD-007321,12/02/2025,Smouha,AX10,3,445.0,0.0,Cash,C0777
ORD-007323,12/02/2025,Miami,AX02,2,345.0,0.0,CASH,C0147
ORD-007324,12/02/2025,Maadi,AX03,1,559.0,0.0,Visa/Mastercard,C0791
ORD-007325,12/02/2025,Heliopolis,AX10,2,460.0,0.0,CASH,C0104
ORD-007326,12/02/2025,6th of October,AX04,3,252.0,0.0,Cash,C2429
ORD-007335,12/02/2025,Nasr City,SP03,1,59051.0,0.0,installments,C2188
ORD-007336,12/02/2025,Heliopolis,SP01,1,16964.0,0.0,Cash,C1841
ORD-007330,12/02/2025,Dokki,AC06,1,40719.0,0.0,CASH,C1593
ORD-007331,12/02/2025,Dokki,AX09,4,1870.0,0.0,cash,C0259
ORD-007332,12/02/2025,Miami,KA05,1,9954.0,0.0,Cash,C2215
ORD-007333,12/02/2025,Nasr City,TV03,1,14314.0,0.0,CASH,C1261
ORD-007334,12/02/2025,Nasr City,TB04,1,17672.0,0.0,credit card,C2047
ORD-007322,12/02/2025,Dokki,AX06,5,1158.0,0.0,Cash,C0574
ORD-007329,12/02/2025,Maadi,LP04,1,78343.0,0.0,Visa/Mastercard,C2004
ORD-007328,12/02/2025,6th of October,SP06,1,9548.0,0.0,Cash,
ORD-007342,13/02/2025,Mansoura,LP05,1,35663.0,0.0,Valu/Installments,C0176
ORD-007338,13/02/2025,Miami,AX11,4,402.0,0.0,CASH,C0152
ORD-007339,13/02/2025,Miami,SP01,1,16635.0,0.0,credit card,C1390
ORD-007340,13/02/2025,Nasr City,AU03,1,13277.0,0.0,credit card,C0230
ORD-007341,13/02/2025,Heliopolis,AU05,1,3230.0,0.0,Cash,C1384
ORD-007351,13/02/2025,Nasr City,AX06,2,1178.0,0.0,mobile wallet,C2374
ORD-007352,13/02/2025,Heliopolis,SP04,1,11332.0,0.05,Visa/Mastercard,C0955
ORD-007350,13/02/2025,6th of October,AX12,3,900.0,0.0,cash,
ORD-007344,13/02/2025,Mansoura,AX04,1,256.0,0.0,Installments,C0485
ORD-007355,13/02/2025,Dokki,LP06,1,21962.0,0.0,installments,C0152
ORD-007337,13/02/2025,Mansoura,AU02,1,9024.0,0.0,cash,C0068
ORD-007353,13/02/2025,Maadi,KA07,2,18158.0,0.0,Valu/Installments,
ORD-007354,13/02/2025,Smouha,AU01,2,6610.0,0.0,VF Cash,C0296
ORD-007343,13/02/2025,6th of October,SP03,1,57565.0,0.0,mobile wallet,C1661
ORD-007348,13/02/2025,Miami,AX09,4,1891.0,0.0,mobile wallet,C2198
ORD-007347,13/02/2025,Nasr City,AX02,3,357.0,0.0,mobile wallet,C1878
ORD-007346,13/02/2025,Nasr City,AX03,3,542.0,0.0,VF Cash,C2143
ORD-007345,13/02/2025,Heliopolis,AU04,2,1461.0,0.05,Cash,C0868
ORD-007349,13/02/2025,Miami,LP03,1,30662.0,0.0,Credit Card,C0611
ORD-007368,14/02/2025,6th of October,AC02,1,47850.0,0.0,VF Cash,C0205
ORD-007356,14/02/2025,Nasr City,AX02,4,352.0,0.0,Cash,
ORD-007365,14/02/2025,Dokki,LP03,1,31782.0,0.0,Credit Card,C0535
ORD-007371,14/02/2025,Mansoura,SP08,1,45367.0,0.0,installments,C0399
ORD-007370,14/02/2025,Maadi,AX08,4,1328.0,0.0,Installments,C1259
ORD-007369,14/02/2025,Maadi,AC05,1,38810.0,0.0,credit card,
ORD-007366,14/02/2025,Smouha,TV04,1,39781.0,0.0,VF Cash,C0059
ORD-007367,14/02/2025,mansoura,TB01,1,23934.0,0.0,Visa/Mastercard,C0706
ORD-007357,14/02/2025,Maadi,TV03,1,14067.0,0.0,Installments,C0580
ORD-007363,14/02/2025,Nasr City,KA01,1,4257.0,0.0,installments,C0995
ORD-007372,14/02/2025,Dokki,AU05,2,3256.0,0.0,Installments,C1869
ORD-007361,14/02/2025,Smouha,TB02,1,13207.0,0.0,Credit Card,C1931
ORD-007360,14/02/2025,Heliopolis,AX02,4,360.0,0.0,Mobile Wallet,
ORD-007359,14/02/2025,6th of October,SP06,1,9727.0,0.0,Credit Card,C0079
ORD-007358,14/02/2025,6th of October,LP04,1,77951.0,0.0,installments,C2003
ORD-007362,14/02/2025,Mansoura,AX04,4,246.0,0.0,Installments,C0188
ORD-007374,14/02/2025,Miami,LP06,1,21387.0,0.0,Valu/Installments,C2421
ORD-007364,14/02/2025,Nasr City,SP06,1,9912.0,0.0,cash,
ORD-007373,14/02/2025,Smouha,AX05,2,2484.0,0.0,Cash,C0700
ORD-007387,15/02/2025,Mansoura,AC06,1,41824.0,0.0,Valu/Installments,
ORD-007388,15/02/2025,6th of October,AU03,2,13846.0,0.0,Credit Card,C1329
ORD-007389,15/02/2025,Maadi,AX01,5,934.0,0.0,credit card,C0495
ORD-007390,15/02/2025,Mansoura,AC05,1,38197.0,0.0,Credit Card,C2360
RET-000022,15/02/2025,Dokki,AU02,-1,8814.0,0.0,Valu/Installments,C0711
ORD-007392,15/02/2025,Maadi,AX03,2,548.0,0.0,credit card,C0563
ORD-007393,15/02/2025,6th of October,SP02,1,52014.0,0.0,Credit Card,C1318
ORD-007384,15/02/2025,Mansoura,SP06,1,10078.0,0.0,credit card,C1746
ORD-007385,15/02/2025,Miami,TV05,1,24288.0,0.0,Installments,C1382
ORD-007391,15/02/2025,6th of October,TV01,1,32334.0,0.0,Cash,C2236
ORD-007383,15/02/2025,Nasr City,AC03,1,25364.0,0.0,Mobile Wallet,C0831
ORD-007394,15/02/2025,Dokki,AX07,5,729.0,0.0,CASH,
ORD-007382,15/02/2025,Heliopolis,AX09,1,1825.0,0.0,Installments,C0259
ORD-007398,15/02/2025,Dokki,AU02,1,8814.0,0.0,Valu/Installments,C0711
ORD-007395,15/02/2025,Maadi,TV06,1,89129.0,0.0,installments,C0874
RET-000111,15/02/2025,Miami,TV05,-1,24288.0,0.0,Installments,C1382
ORD-007396,15/02/2025,Dokki,AX04,4,245.0,0.0,cash,C0187
ORD-007386,15/02/2025,Mansoura,AU04,1,1467.0,0.0,cash,C1647
ORD-007375,15/02/2025,Miami ,KA08,2,5557.0,0.0,CASH,C0262
ORD-007397,15/02/2025,Dokki,TV04,1,40998.0,0.0,Installments,C2430
ORD-007377,15/02/2025,Nasr City,AX05,5,2409.0,0.0,Visa/Mastercard,C0468
ORD-007378,15/02/2025,Heliopolis,AX01,2,929.0,0.0,CASH,
ORD-007379,15/02/2025,Miami,KA01,2,4145.0,0.0,installments,C2037
ORD-007380,15/02/2025,Miami,AX08,5,1345.0,0.0,Installments,C2438
ORD-007381,15/02/2025,Maadi,LP01,1,27786.0,0.0,Mobile Wallet,C0904
ORD-007376,15/02/2025,Dokki ,AX01,3,940.0,0.0,VF Cash,C0436
ORD-007404,16/02/2025,Miami,AC06,1,42648.0,0.0,Credit Card,C1701
ORD-007418,16/02/2025,6th of October,AU01,1,6619.0,0.0,mobile wallet,C1995
ORD-007417,16/02/2025,Smouha,AX03,1,559.0,0.0,CASH,C0065
ORD-007399,16/02/2025,6th of October,AC02,1,45974.0,0.05,Mobile Wallet,C1375
ORD-007400,16/02/2025,Nasr City,TV02,1,26118.0,0.0,VF Cash,C0259
ORD-007401,16/02/2025,Heliopolis,LP01,1,29040.0,0.0,installments,C0495
ORD-007402,16/02/2025,Heliopolis,AX05,1,2381.0,0.0,Cash,C1122
ORD-007403,16/02/2025,Mansoura,TV06,1,88860.0,0.0,Mobile Wallet,C0579
ORD-007406,16/02/2025,Dokki,AU04,2,1434.0,0.0,Valu/Installments,C1516
ORD-007402,16/02/2025,Heliopolis,AX05,1,2381.0,0.0,Cash,C1122
ORD-007408,16/02/2025,6th of October,AU02,2,8779.0,0.0,Credit Card,C0676
ORD-007407,16/02/2025,Nasr City,AC02,1,45988.0,0.0,Mobile Wallet,C2267
ORD-007405,16/02/2025,miami,LP01,1,29296.0,0.0,Credit Card,C0689
ORD-007414,16/02/2025,Dokki,KA06,2,12781.0,0.0,Visa/Mastercard,C0410
ORD-007416,16/02/2025,Smouha,TV06,1,89745.0,0.0,Credit Card,C0647
ORD-007415,16/02/2025,Nasr City,AX07,2,728.0,0.0,Installments,C1541
RET-000038,16/02/2025,Smouha,AX03,-1,559.0,0.0,CASH,C0065
ORD-007412,16/02/2025,Dokki,AU01,1,6542.0,0.0,Mobile Wallet,C0167
ORD-007411,16/02/2025,Dokki,AX03,4,545.0,0.0,Cash,C2384
ORD-007410,16/02/2025,Maadi,TV06,1,91121.0,0.0,Cash,C0998
ORD-007409,16/02/2025,Nasr City,KA03,1,6868.0,0.0,CASH,C1797
ORD-007413,16/02/2025,Dokki,AX10,2,445.0,0.0,Cash,C0547
ORD-007430,17/02/2025,6th of October,AX11,1,397.0,0.05,Mobile Wallet,C0845
ORD-007434,17/02/2025,Nasr City,LP01,1,29124.0,0.0,Mobile Wallet,C1845
ORD-007433,17/02/2025,Mansoura,TB02,1,13617.0,0.0,Credit Card,C2143
ORD-007432,17/02/2025,Miami,KA07,1,18206.0,0.0,CASH,C1110
ORD-007431,17/02/2025,Dokki,AX07,2,741.0,0.0,mobile wallet,C0587
ORD-007429,17/02/2025,Nasr City,AX07,4,738.0,0.0,Cash,C0520
ORD-007427,17/02/2025,Smouha,AX12,4,920.0,0.0,mobile wallet,
ORD-007419,17/02/2025,Miami,SP05,1,19048.0,0.0,mobile wallet,C0331
ORD-007426,17/02/2025,Mansoura,SP05,1,19951.0,0.0,cash,C1705
ORD-007425,17/02/2025,Maadi,SP06,1,10026.0,0.0,Cash,C1163
ORD-007424,17/02/2025,Dokki,SP04,1,11484.0,0.0,Visa/Mastercard,C2432
ORD-007423,17/02/2025,nasr city,AX11,5,404.0,0.0,CASH,C0366
ORD-007422,17/02/2025,Miami,SP01,1,16293.0,0.0,Cash,C0735
ORD-007421,17/02/2025,Maadi,TV02,1,27059.0,0.0,installments,C0030
ORD-007420,17/02/2025,Miami,SP07,1,14858.0,0.0,installments,C0027
ORD-007428,17/02/2025,Miami,LP04,1,77066.0,0.0,credit card,C1950
RET-000117,17/02/2025,Mansoura,TB02,-1,13617.0,0.0,Credit Card,C2143
ORD-007452,18/02/2025,Nasr City,SP02,1,51993.0,0.0,mobile wallet,C0787
ORD-007453,18/02/2025,Smouha,AX10,5,459.0,0.0,Visa/Mastercard,C0482
ORD-007451,18/02/2025,6th of October,AX03,2,561.0,0.0,Visa/Mastercard,C0966
ORD-007448,18/02/2025,6th of October,SP02,1,52683.0,0.0,installments,
ORD-007446,18/02/2025,Maadi,AU05,1,3190.0,0.0,Credit Card,
ORD-007437,18/02/2025,Dokki,SP02,1,52692.0,0.0,Valu/Installments,C0715
ORD-007450,18/02/2025,Nasr City,AU01,1,6506.0,0.0,mobile wallet,C2285
ORD-007436,18/02/2025,Mansoura,SP08,1,45394.0,0.0,Credit Card,C0980
ORD-007447,18/02/2025,6th of October,AX10,2,456.0,0.0,cash,C1716
ORD-007439,18/02/2025,6th of October,TB01,1,23838.0,0.0,CASH,C2443
ORD-007438,18/02/2025,miami,AC06,1,42688.0,0.0,credit card,C0155
ORD-007445,18/02/2025,Mansoura,SP08,1,45763.0,0.0,Installments,C1425
ORD-007444,18/02/2025,Dokki,SP03,1,58283.0,0.0,Visa/Mastercard,C1234
ORD-007443,18/02/2025,Dokki,AX06,5,1160.0,0.0,Cash,
ORD-007442,18/02/2025,MAADI,AU05,2,3124.0,0.0,cash,C0361
ORD-007441,18/02/2025,Nasr City,SP02,1,52402.0,0.0,Installments,C2048
ORD-007449,18/02/2025,Smouha,AX12,1,878.0,0.0,Cash,C0019
ORD-007435,18/02/2025,Miami,AX01,5,978.0,0.0,CASH,C1688
ORD-007440,18/02/2025,Maadi,AX06,4,1147.0,0.0,CASH,C0738
ORD-007468,19/02/2025,Mansoura,AU05,2,3213.0,0.0,Credit Card,
ORD-007469,19/02/2025,Nasr City,AC04,1,58720.0,0.0,Visa/Mastercard,C2038
ORD-007467,19/02/2025,Miami,AC03,1,26391.0,0.0,Cash,C1944
ORD-007464,19/02/2025,MIAMI,AC02,1,45277.0,0.0,credit card,C0794
ORD-007454,19/02/2025,6th of October,AX02,2,340.0,0.0,Valu/Installments,C2172
ORD-007471,19/02/2025,Nasr City,SP05,1,19252.0,0.0,mobile wallet,C0655
ORD-007466,19/02/2025,Maadi,KA02,1,3592.0,0.0,Credit Card,C0612
ORD-007470,19/02/2025,Nasr City,AX12,5,902.0,0.0,installments,C0723
ORD-007463,19/02/2025,Smouha,TV02,1,26395.0,0.0,Credit Card,C0218
ORD-007456,19/02/2025,6th of October,AX10,1,444.0,0.0,Visa/Mastercard,C1483
ORD-007462,19/02/2025,Dokki,SP05,1,,0.0,Credit Card,C1133
RET-000012,19/02/2025,Nasr City,SP05,-1,19252.0,0.0,mobile wallet,C0655
ORD-007461,19/02/2025,Dokki,AX01,5,963.0,0.0,CASH,C0853
ORD-007460,19/02/2025,Miami,AU03,2,13752.0,0.0,installments,C1902
ORD-007459,19/02/2025,Dokki,TV06,1,87340.0,0.0,Visa/Mastercard,C0899
ORD-007455,19/02/2025,Dokki,KA08,1,5263.0,0.0,CASH,C0392
ORD-007465,19/02/2025,Dokki,LP02,1,41424.0,0.0,Cash,C0462
ORD-007457,19/02/2025,Heliopolis,AX06,3,1130.0,0.0,VF Cash,C2211
ORD-007458,19/02/2025,Heliopolis,AX04,2,255.0,0.0,installments,C2079
ORD-007472,20/02/2025,Heliopolis,SP05,1,18977.0,0.0,Cash,C0177
ORD-007474,20/02/2025,Maadi,LP03,1,30243.0,0.0,Valu/Installments,C1492
ORD-007475,20/02/2025,Nasr City,TV05,1,24323.0,0.0,Installments,C1168
ORD-007473,20/02/2025,Miami,AU01,1,6586.0,0.0,credit card,C0222
RET-000086,20/02/2025,Nasr City,TV05,-1,24323.0,0.0,Installments,C1168
ORD-007484,21/02/2025,Dokki,KA03,1,6744.0,0.0,Credit Card,C2202
ORD-007485,21/02/2025,Heliopolis,SP01,1,16495.0,0.0,Cash,C0721
ORD-007492,21/02/2025,Nasr City,AU03,2,13517.0,0.0,mobile wallet,C0964
ORD-007491,21/02/2025,Nasr City,TV04,1,,0.0,Installments,C0291
ORD-007490,21/02/2025,6th of October,AU04,1,1479.0,0.0,cash,C0476
ORD-007489,21/02/2025,6th of October,AX05,3,2430.0,0.0,CASH,C2110
ORD-007488,21/02/2025,Smouha,AU02,1,8958.0,0.0,Cash,C1987
ORD-007482,21/02/2025,MANSOURA,SP04,1,11841.0,0.0,Cash,C0428
ORD-007486,21/02/2025,Maadi,LP02,1,41404.0,0.05,installments,C0648
ORD-007493,21/02/2025,Heliopolis,KA05,1,9582.0,0.0,credit card,C1822
ORD-007483,21/02/2025,Miami,SP03,1,57008.0,0.0,Installments,C0215
ORD-007481,21/02/2025,Smouha,LP03,1,31527.0,0.0,CASH,C0178
ORD-007480,21/02/2025,Nasr City,KA08,2,5551.0,0.0,cash,C1857
ORD-007479,21/02/2025,Maadi,AX02,3,346.0,0.0,installments,C1370
ORD-007478,21/02/2025,Smouha,SP05,1,19576.0,0.0,Cash,C1030
ORD-007477,21/02/2025,Nasr City,SP04,1,11506.0,0.0,cash,C1781
ORD-007476,21/02/2025,Dokki,TB04,1,17411.0,0.0,CASH,C0859
ORD-007487,21/02/2025,Smouha,SP05,1,19079.0,0.0,cash,C0120
ORD-007496,22/02/2025,Maadi,TV05,1,24679.0,0.0,Valu/Installments,C2375
ORD-007499,22/02/2025,Mansoura,SP06,1,9851.0,0.0,Valu/Installments,C0815
ORD-007497,22/02/2025,6th of October,AC04,1,58207.0,0.0,installments,C1336
ORD-007494,22/02/2025,Smouha,TB02,1,13638.0,0.0,Credit Card,
ORD-007495,22/02/2025,Heliopolis,TB02,1,13194.0,0.0,Valu/Installments,C2428
ORD-007501,22/02/2025,Miami,AX02,5,343.0,0.0,VF Cash,C1335
ORD-007502,22/02/2025,Maadi,AU05,1,3109.0,0.0,credit card,C0943
ORD-007500,22/02/2025,Mansoura,AX03,3,535.0,0.0,Visa/Mastercard,
ORD-007504,22/02/2025,Mansoura,TV03,1,14167.0,0.0,Cash,C1336
ORD-007503,22/02/2025,Nasr City,KA06,2,12841.0,0.0,Valu/Installments,C0452
ORD-007498,22/02/2025,Mansoura,AX06,3,1162.0,0.0,Cash,C1717
ORD-007518,23/02/2025,6th of October,SP06,1,9686.0,0.0,Installments,C1786
ORD-007519,23/02/2025,Miami,TB03,1,9602.0,0.0,Visa/Mastercard,C0594
ORD-007520,23/02/2025,Mansoura,AC03,1,26512.0,0.0,Valu/Installments,C0886
ORD-007517,23/02/2025,6th of October,TV04,1,41533.0,0.0,credit card,
ORD-007505,23/02/2025,6th of October,AX06,4,1173.0,0.0,Mobile Wallet,C0933
ORD-007513,23/02/2025,HELIOPOLIS,TV01,1,32830.0,0.0,Installments,C1930
ORD-007515,23/02/2025,Miami,AX04,2,246.0,0.0,Credit Card,C1985
ORD-007511,23/02/2025,Miami,LP01,1,,0.0,Valu/Installments,C0904
ORD-007510,23/02/2025,Miami,AC05,1,37883.0,0.0,Visa/Mastercard,C1539
ORD-007509,23/02/2025,Maadi,AX02,3,340.0,0.0,Valu/Installments,C0820
ORD-007508,23/02/2025,Dokki,SP03,1,58754.0,0.0,mobile wallet,C1690
ORD-007507,23/02/2025,6th of October,SP08,1,45512.0,0.0,Credit Card,C0972
ORD-007506,23/02/2025,6th of October,AX07,2,759.0,0.0,CASH,C0402
ORD-007514,23/02/2025,Mansoura,AC06,1,42382.0,0.0,Cash,C2397
ORD-007516,23/02/2025,Heliopolis,SP02,1,50642.0,0.0,installments,C0223
ORD-007512,23/02/2025,Mansoura,AX11,5,405.0,0.0,installments,C0302
ORD-007525,24/02/2025,6th of october,TV05,1,23709.0,0.05,cash,C1587
ORD-007524,24/02/2025,Smouha,AX06,5,1118.0,0.0,cash,C0730
ORD-007529,24/02/2025,Dokki,AX10,2,439.0,0.0,CASH,C1875
RET-000043,24/02/2025,Maadi,TV04,-1,40335.0,0.0,Cash,C1530
ORD-007527,24/02/2025,Maadi,AX09,2,1857.0,0.0,Valu/Installments,
ORD-007523,24/02/2025,Miami,AX12,1,918.0,0.0,installments,
ORD-007526,24/02/2025,Maadi,TV04,1,40335.0,0.0,Cash,C1530
ORD-007528,24/02/2025,6th of October,TB03,1,9515.0,0.0,CASH,C0559
ORD-007521,24/02/2025,MAADI,SP01,1,16872.0,0.05,CASH,C2497
ORD-007522,24/02/2025,Mansoura,AU03,2,13123.0,0.0,Installments,C1864
ORD-007544,25/02/2025,Smouha,AC05,1,38689.0,0.0,Visa/Mastercard,C1879
ORD-007533,25/02/2025,6th of October,SP08,1,45307.0,0.0,installments,C0829
ORD-007534,25/02/2025,Dokki,AC03,1,25692.0,0.0,credit card,C1376
ORD-007541,25/02/2025,Smouha,AX10,1,446.0,0.0,cash,C0560
ORD-007542,25/02/2025,Dokki,SP05,1,19069.0,0.0,Valu/Installments,C0456
ORD-007543,25/02/2025,Smouha,AU02,2,8741.0,0.0,CASH,C1907
ORD-007545,25/02/2025,Mansoura,AU01,2,6440.0,0.0,CASH,C1714
ORD-007546,25/02/2025,Miami,AX06,2,1118.0,0.0,credit card,C0702
ORD-007547,25/02/2025,MANSOURA,TV05,1,24272.0,0.0,Credit Card,C1408
ORD-007549,25/02/2025,Nasr City,AU05,2,3227.0,0.0,installments,C1209
ORD-007538,25/02/2025,Mansoura,KA01,2,4176.0,0.0,Cash,C0245
ORD-007540,25/02/2025,Nasr City,AU03,1,13802.0,0.0,cash,C1150
ORD-007535,25/02/2025,Maadi,LP05,1,35148.0,0.0,Valu/Installments,C0522
ORD-007536,25/02/2025,6th of October,AX06,3,1139.0,0.0,Visa/Mastercard,C0132
ORD-007537,25/02/2025,Smouha,AU02,1,8714.0,0.0,CASH,C2330
ORD-007532,25/02/2025,Heliopolis,AX11,3,388.0,0.0,credit card,C1105
ORD-007531,25/02/2025,Maadi,AU04,2,1490.0,0.0,CASH,C1469
ORD-007539,25/02/2025,6th of October,AU05,2,3179.0,0.0,Credit Card,
ORD-007530,25/02/2025,Nasr City,LP01,1,28779.0,0.0,installments,C0796
ORD-007548,25/02/2025,6th of October,TB04,1,17590.0,0.0,CASH,C0901
ORD-007563,26/02/2025,Heliopolis,KA06,2,12778.0,0.0,CASH,C2424
ORD-007564,26/02/2025,Miami,AX01,4,931.0,0.0,Cash,C1940
ORD-007565,26/02/2025,Heliopolis,LP02,1,43111.0,0.0,Visa/Mastercard,C1896
ORD-007550,26/02/2025,Smouha,AU01,2,6506.0,0.0,mobile wallet,C2473
ORD-007554,26/02/2025,6th of October,AX03,1,,0.0,credit card,C2368
ORD-007552,26/02/2025,Mansoura,TV03,1,14174.0,0.0,cash,C0643
ORD-007562,26/02/2025,Nasr City,AX07,4,743.0,0.0,credit card,C0887
ORD-007568,26/02/2025,Heliopolis,AX03,2,541.0,0.0,Credit Card,C1754
ORD-007561,26/02/2025,Maadi,TV04,1,40268.0,0.0,Cash,C2004
ORD-007566,26/02/2025,Maadi,LP06,1,22380.0,0.05,Credit Card,C1144
ORD-007559,26/02/2025,Dokki,SP02,1,52887.0,0.0,credit card,C1687
ORD-007558,26/02/2025,6th of October,AX10,2,460.0,0.0,CASH,C0355
ORD-007557,26/02/2025,Miami,AU05,2,3154.0,0.0,cash,C0941
ORD-007556,26/02/2025,6th of October,SP08,1,45225.0,0.05,Installments,
ORD-007555,26/02/2025,Heliopolis,AX07,4,737.0,0.0,VF Cash,C2265
ORD-007553,26/02/2025,Mansoura,AU05,1,3283.0,0.0,Cash,C0697
ORD-007552,26/02/2025,Mansoura,TV03,1,14174.0,0.0,cash,C0643
ORD-007551,26/02/2025,6th of October,AU03,1,13404.0,0.0,mobile wallet,
ORD-007567,26/02/2025,Maadi,SP03,1,58395.0,0.0,cash,C0060
RET-000130,26/02/2025,Nasr City,AX10,-4,456.0,0.0,cash,C2138
ORD-007560,26/02/2025,Nasr City,AX10,4,456.0,0.0,cash,C2138
ORD-007583,27/02/2025,6th of October,AX09,2,1810.0,0.0,CASH,
ORD-007585,27/02/2025,Nasr City,SP06,1,9707.0,0.05,Visa/Mastercard,C1928
ORD-007577,27/02/2025,Miami,AU04,1,1475.0,0.0,Credit Card,C0611
ORD-007582,27/02/2025,6th of October,AU02,2,8924.0,0.0,Installments,C0182
ORD-007576,27/02/2025,6th of October,LP03,1,30804.0,0.05,Installments,C2424
ORD-007581,27/02/2025,Dokki,AU01,1,6397.0,0.0,CASH,C1712
ORD-007584,27/02/2025,Mansoura,AX10,3,457.0,0.0,Valu/Installments,C0165
ORD-007579,27/02/2025,Nasr City,AX12,2,877.0,0.0,mobile wallet,C2350
ORD-007574,27/02/2025,Miami,SP02,1,50630.0,0.0,Installments,C0911
ORD-007575,27/02/2025,6th of October,AX02,2,357.0,0.0,Cash,
ORD-007578,27/02/2025,6th of October,AX08,1,1310.0,0.0,CASH,
ORD-007573,27/02/2025,Nasr City,LP04,1,77301.0,0.0,Credit Card,C2374
ORD-007580,27/02/2025,mansoura,SP02,1,52737.0,0.0,Valu/Installments,C0021
ORD-007571,27/02/2025,Miami,AX07,3,,0.0,Mobile Wallet,C1341
ORD-007570,27/02/2025,Heliopolis,AX07,1,771.0,0.0,Mobile Wallet,C1016
ORD-007586,27/02/2025,Heliopolis,AX03,5,566.0,0.0,CASH,C2066
ORD-007569,27/02/2025,Mansoura,AX02,3,343.0,0.0,credit card,C1011
ORD-007572,27/02/2025,6th of October,AX07,5,746.0,0.0,Credit Card,C1779
ORD-007597,28/02/2025,Heliopolis,SP08,1,45286.0,0.05,Installments,C2288
ORD-007598,28/02/2025,Dokki,AC01,1,32891.0,0.1,Valu/Installments,C0051
ORD-007592,28/02/2025,Nasr City,KA02,1,3691.0,0.05,Valu/Installments,C0402
ORD-007591,28/02/2025,Mansoura,AX03,3,564.0,0.0,CASH,C1964
ORD-007595,28/02/2025,Maadi,SP05,1,19755.0,0.15,Visa/Mastercard,C0986
ORD-007596,28/02/2025,Miami,AX06,3,1151.0,0.05,Installments,C0341
ORD-007599,28/02/2025,Smouha,AU02,1,8725.0,0.0,mobile wallet,C1666
ORD-007598,28/02/2025,Dokki,AC01,1,32891.0,0.1,Valu/Installments,C0051
ORD-007601,28/02/2025,Heliopolis,SP01,1,16455.0,0.0,installments,C0544
ORD-007593,28/02/2025,Miami,AU01,1,6407.0,0.1,mobile wallet,C1854
ORD-007587,28/02/2025,Miami,KA04,1,25102.0,0.15,Valu/Installments,C0138
ORD-007600,28/02/2025,Maadi,TV06,1,88121.0,0.0,VF Cash,C0893
ORD-007589,28/02/2025,Smouha,TV06,1,88823.0,0.15,credit card,C2176
ORD-007590,28/02/2025,Mansoura,TB04,1,17319.0,0.0,cash,C1616
ORD-007594,28/02/2025,Heliopolis,SP04,1,11500.0,0.15,Credit Card,C2029
ORD-007588,28/02/2025,Nasr City,AX10,4,445.0,0.0,Visa/Mastercard,C1744
ORD-007605,28/02/2025,Heliopolis,AX01,3,953.0,0.1,cash,C0372
ORD-007604,28/02/2025,Smouha,KA08,1,5520.0,0.15,Installments,C0980
ORD-007603,28/02/2025,Heliopolis,AX01,4,956.0,0.05,Valu/Installments,C1212
ORD-007602,28/02/2025,Nasr City,KA01,1,4286.0,0.0,cash,C1469
ORD-007606,28/02/2025,Miami,TV02,1,27108.0,0.0,Installments,C0066
ORD-007621,01/03/2025,6th of October,AU03,1,13241.0,0.0,Installments,C1518
ORD-007630,01/03/2025,Dokki,KA08,1,5512.0,0.1,Credit Card,C1745
ORD-007628,01/03/2025,Smouha,AU04,1,1481.0,0.05,installments,C0134
ORD-007627,01/03/2025,Nasr City,KA07,1,19007.0,0.15,Credit Card,C2175
ORD-007626,01/03/2025,Mansoura,LP03,1,30845.0,0.0,Visa/Mastercard,C1364
ORD-007625,01/03/2025,Dokki,AU03,2,13490.0,0.05,credit card,C1577
ORD-007623,01/03/2025,Miami,AX04,2,254.0,0.15,Credit Card,C0006
ORD-007622,01/03/2025,Smouha,AX01,3,952.0,0.0,credit card,C1902
ORD-007620,01/03/2025,mansoura,KA06,2,12436.0,0.0,installments,C0758
ORD-007608,01/03/2025,Mansoura,KA02,2,3536.0,0.1,Mobile Wallet,C1966
ORD-007618,01/03/2025,Dokki,TV03,1,14490.0,0.15,Valu/Installments,C0568
ORD-007624,01/03/2025,Mansoura,SP06,1,9951.0,0.0,Visa/Mastercard,C0290
ORD-007629,01/03/2025,Smouha,AC05,1,39532.0,0.0,Valu/Installments,C1215
ORD-007607,01/03/2025,6th of October,SP05,1,18930.0,0.15,Valu/Installments,
ORD-007609,01/03/2025,Dokki,TV01,1,32033.0,0.0,Valu/Installments,C1249
ORD-007619,01/03/2025,Mansoura,AX09,4,1903.0,0.0,credit card,C1661
ORD-007611,01/03/2025,6th of October,AX06,3,1172.0,0.0,cash,C1882
ORD-007610,01/03/2025,Smouha,AU03,1,13385.0,0.0,Cash,C0663
ORD-007613,01/03/2025,Miami,AX02,4,348.0,0.15,VF Cash,C2391
ORD-007614,01/03/2025,Nasr City,TB03,1,9589.0,0.1,Mobile Wallet,C0100
ORD-007615,01/03/2025,Nasr City,TV05,1,23395.0,0.0,CASH,C1864
ORD-007616,01/03/2025,Mansoura,AX12,2,925.0,0.15,cash,
ORD-007617,01/03/2025,Dokki,LP01,1,29236.0,0.0,credit card,C1900
ORD-007612,01/03/2025,Maadi,SP02,1,51483.0,0.05,Valu/Installments,C2337
ORD-007637,02/03/2025,Smouha,KA06,1,12855.0,0.1,installments,C1376
ORD-007635,02/03/2025,Maadi,SP04,1,11265.0,0.0,Cash,C0849
ORD-007636,02/03/2025,Heliopolis,KA01,2,4316.0,0.1,Cash,C0332
ORD-007634,02/03/2025,Miami,SP07,1,14824.0,0.1,mobile wallet,
ORD-007638,02/03/2025,Maadi,AX11,5,403.0,0.0,Visa/Mastercard,C0225
ORD-007632,02/03/2025,Miami,AX01,5,930.0,0.05,credit card,C2222
ORD-007641,02/03/2025,Heliopolis,SP06,1,,0.0,installments,C0212
ORD-007649,02/03/2025,Mansoura,AX09,5,1825.0,0.0,Mobile Wallet,C0718
ORD-007633,02/03/2025,Maadi,AX10,5,448.0,0.0,installments,C2357
ORD-007639,02/03/2025,6th of October,AX11,4,393.0,0.15,installments,C2109
ORD-007631,02/03/2025,6th of October,AX03,5,555.0,0.15,Credit Card,C1106
ORD-007655,02/03/2025,Heliopolis,AU05,1,3177.0,0.05,Valu/Installments,C0567
ORD-007656,02/03/2025,6th of October,AX12,2,875.0,0.0,cash,C1372
ORD-007651,02/03/2025,Heliopolis,TV06,1,89951.0,0.0,Installments,C0275
ORD-007642,02/03/2025,Nasr City,AX09,5,1853.0,0.0,VF Cash,C0455
ORD-007652,02/03/2025,Mansoura,AX09,4,1883.0,0.0,Valu/Installments,C2297
ORD-007650,02/03/2025,6th of October,AX07,4,734.0,0.0,installments,C2289
ORD-007648,02/03/2025,Maadi,SP03,1,57576.0,0.0,cash,C1501
ORD-007647,02/03/2025,Heliopolis,LP02,1,41718.0,0.0,Installments,C1498
ORD-007649,02/03/2025,Mansoura,AX09,5,1825.0,0.0,Mobile Wallet,C0718
ORD-007646,02/03/2025,Dokki,AX12,3,902.0,0.0,Visa/Mastercard,C0168
ORD-007645,02/03/2025,Maadi,TV02,1,26666.0,0.0,installments,C1907
ORD-007654,02/03/2025,Dokki,TV03,1,14573.0,0.05,Credit Card,
ORD-007644,02/03/2025,Smouha,KA02,2,3556.0,0.15,CASH,C1498
ORD-007643,02/03/2025,Heliopolis,TB04,1,17869.0,0.05,cash,C1569
ORD-007653,02/03/2025,Dokki,TV06,1,87822.0,0.0,Installments,C0839
ORD-007640,02/03/2025,Miami,LP04,1,75666.0,0.0,Installments,C1491
ORD-007660,03/03/2025,Miami,TB02,1,13630.0,0.0,cash,C1960
ORD-007662,03/03/2025,Miami,AX07,3,743.0,0.0,Installments,C2377
ORD-007663,03/03/2025,Dokki,TV03,1,14495.0,0.0,CASH,
ORD-007659,03/03/2025,6th of October,SP02,1,53461.0,0.0,Mobile Wallet,C0466
ORD-007661,03/03/2025,Smouha,AC03,1,26736.0,0.0,Valu/Installments,
ORD-007674,03/03/2025,6th of October,AU01,1,6366.0,0.0,cash,C0260
ORD-007673,03/03/2025,Dokki,AX06,4,1171.0,0.15,cash,C0224
ORD-007657,03/03/2025,Smouha,SP03,1,58554.0,0.0,installments,C0978
ORD-007672,03/03/2025,Dokki,AX07,4,758.0,0.05,VF Cash,
ORD-007664,03/03/2025,Nasr City,AC05,1,39527.0,0.0,Visa/Mastercard,C0860
ORD-007665,03/03/2025,Nasr City ,AX08,4,1386.0,0.0,Credit Card,C0924
ORD-007666,03/03/2025,Smouha,KA02,2,3684.0,0.0,mobile wallet,C1313
ORD-007667,03/03/2025,Miami,TV06,1,89973.0,0.05,Credit Card,C1445
ORD-007668,03/03/2025,Smouha,KA07,2,19023.0,0.05,installments,C1096
ORD-007669,03/03/2025,6th of October,AU04,2,1410.0,0.0,VF Cash,C2063
ORD-007670,03/03/2025,6th of October,TV05,1,24119.0,0.0,Installments,C1733
ORD-007671,03/03/2025,Nasr City,KA03,2,6702.0,0.05,cash,C1136
ORD-007658,03/03/2025,Miami,AU02,1,8901.0,0.1,VF Cash,C2211
ORD-007694,04/03/2025,6th of October,AU04,1,1487.0,0.0,CASH,C1601
ORD-007693,04/03/2025,Miami,AX06,3,1184.0,0.15,cash,C0329
ORD-007690,04/03/2025,Miami,AC05,1,39057.0,0.0,Installments,C0772
ORD-007697,04/03/2025,Maadi,KA01,1,4258.0,0.0,Cash,C0316
ORD-007696,04/03/2025,Maadi,LP05,1,36364.0,0.0,credit card,C1182
ORD-007691,04/03/2025,Nasr City,SP08,1,45623.0,0.15,Credit Card,C1876
ORD-007695,04/03/2025,Maadi,AC03,1,25730.0,0.0,Valu/Installments,C0733
ORD-007694,04/03/2025,6th of October,AU04,1,1487.0,0.0,CASH,C1601
ORD-007684,04/03/2025,Maadi,AX09,2,1857.0,0.0,CASH,
ORD-007678,04/03/2025,Heliopolis,KA02,1,3626.0,0.0,Cash,C1992
ORD-007686,04/03/2025,Mansoura,TB04,1,17299.0,0.0,CASH,C1198
RET-000002,04/03/2025,6th of October,AU03,-1,13671.0,0.15,Credit Card,C1415
ORD-007681,04/03/2025,6th of October,TV05,1,24042.0,0.0,Cash,C0503
ORD-007683,04/03/2025,Dokki,LP06,1,21456.0,0.0,Valu/Installments,C2179
ORD-007685,04/03/2025,Mansoura,AX08,2,1319.0,0.15,CASH,C2183
ORD-007676,04/03/2025,6th of October,AU03,1,13671.0,0.15,Credit Card,C1415
ORD-007677,04/03/2025,Nasr City,KA03,2,6740.0,0.0,CASH,C1854
ORD-007675,04/03/2025,6th of October,SP01,1,16235.0,0.0,Mobile Wallet,C1528
ORD-007679,04/03/2025,Miami,AX12,5,899.0,0.05,credit card,C2054
ORD-007680,04/03/2025,Nasr City,TV03,1,14816.0,0.0,cash,C2158
ORD-007688,04/03/2025,Nasr City,SP08,1,45396.0,0.0,Mobile Wallet,C1508
ORD-007689,04/03/2025,6th of October,KA03,1,6795.0,0.0,Mobile Wallet,C0269
ORD-007692,04/03/2025,6th of October,KA01,1,4262.0,0.1,Valu/Installments,C0358
ORD-007687,04/03/2025,Mansoura,TV02,1,26605.0,0.05,installments,C1852
ORD-007682,04/03/2025,Nasr City,TV06,1,88108.0,0.0,Valu/Installments,C1926
ORD-007714,05/03/2025,Mansoura,AX02,2,348.0,0.15,Credit Card,
ORD-007698,05/03/2025,Maadi,TV02,1,26312.0,0.05,Valu/Installments,
ORD-007699,05/03/2025,Dokki,SP03,1,56551.0,0.05,credit card,C0448
ORD-007710,05/03/2025,Nasr City,AX06,2,1184.0,0.0,Visa/Mastercard,C1707
ORD-007711,05/03/2025,Miami,LP02,1,42325.0,0.0,Installments,C2218
ORD-007712,05/03/2025,Maadi,AU02,1,8978.0,0.0,CASH,C0541
ORD-007713,05/03/2025,6th of October,KA07,1,18003.0,0.0,CASH,C1942
ORD-007715,05/03/2025,Miami,AU01,1,6456.0,0.0,cash,C1421
ORD-007716,05/03/2025,Maadi,KA05,2,10022.0,0.0,installments,
ORD-007717,05/03/2025,Nasr City,TV04,1,41482.0,0.0,VF Cash,C1721
ORD-007710,05/03/2025,Nasr City,AX06,2,1184.0,0.0,Visa/Mastercard,C1707
ORD-007706,05/03/2025,Nasr City,KA03,2,6842.0,0.0,Credit Card,C0837
ORD-007705,05/03/2025,6th of October,TV03,1,14130.0,0.0,credit card,C0617
ORD-007704,05/03/2025,Smouha,AU03,2,13386.0,0.0,Visa/Mastercard,C2033
ORD-007703,05/03/2025,Mansoura,AU03,2,13534.0,0.05,cash,C0607
ORD-007702,05/03/2025,Heliopolis,AC01,1,33878.0,0.0,VF Cash,C0459
ORD-007700,05/03/2025,Dokki,LP06,1,21612.0,0.0,Valu/Installments,C0675
ORD-007701,05/03/2025,Nasr City,KA03,2,6949.0,0.0,Installments,C1131
ORD-007709,05/03/2025,Maadi,AX01,1,928.0,0.0,mobile wallet,C1201
ORD-007707,05/03/2025,dokki,KA06,1,12639.0,0.0,CASH,C2133
ORD-007721,05/03/2025,Mansoura,KA03,1,6648.0,0.0,CASH,C0775
ORD-007720,05/03/2025,Heliopolis,AX09,3,1796.0,0.0,CASH,C1195
ORD-007719,05/03/2025,Mansoura,AX06,1,1148.0,0.0,Mobile Wallet,C0088
ORD-007718,05/03/2025,Dokki,LP03,1,31085.0,0.0,Mobile Wallet,C1819
ORD-007708,05/03/2025,Smouha,AX02,1,350.0,0.0,CASH,C0093
ORD-007737,06/03/2025,Smouha,AX03,5,535.0,0.0,Credit Card,C1824
ORD-007722,06/03/2025,Nasr City,SP04,1,11542.0,0.0,Credit Card,
ORD-007723,06/03/2025,Heliopolis,KA02,1,3552.0,0.05,cash,C0258
ORD-007724,06/03/2025,Smouha,KA01,1,4155.0,0.0,cash,C0091
ORD-007725,06/03/2025,Heliopolis,SP08,1,45229.0,0.0,Installments,C0952
ORD-007735,06/03/2025,Heliopolis,AX11,3,410.0,0.15,cash,C2172
ORD-007736,06/03/2025,Heliopolis,TV01,1,32247.0,0.0,Installments,C2247
ORD-007733,06/03/2025,Miami,AX06,3,1184.0,0.05,Installments,
ORD-007732,06/03/2025,Nasr City,KA05,1,9697.0,0.0,Visa/Mastercard,C1992
ORD-007731,06/03/2025,Nasr City,TB03,1,9365.0,0.1,Visa/Mastercard,C1337
ORD-007734,06/03/2025,Smouha,TB02,1,13689.0,0.0,Installments,C2431
ORD-007729,06/03/2025,6th of October,AX08,2,1314.0,0.0,Valu/Installments,C2371
ORD-007728,06/03/2025,Mansoura,AC03,1,26300.0,0.0,Visa/Mastercard,C1687
ORD-007727,06/03/2025,Dokki,AU04,2,1453.0,0.0,mobile wallet,C1376
ORD-007726,06/03/2025,Dokki,AX03,3,545.0,0.0,credit card,C2129
ORD-007730,06/03/2025,6th of October,AX02,4,346.0,0.0,Cash,C1405
ORD-007744,07/03/2025,nasr city,AX12,4,921.0,0.0,Visa/Mastercard,C0704
ORD-007738,07/03/2025,Heliopolis,SP03,1,57742.0,0.0,credit card,C1876
ORD-007739,07/03/2025,Maadi,KA06,1,12156.0,0.0,mobile wallet,
ORD-007740,07/03/2025,Nasr City,AX10,2,447.0,0.0,Cash,C1246
ORD-007741,07/03/2025,HELIOPOLIS,LP04,1,76614.0,0.0,Visa/Mastercard,C2324
ORD-007743,07/03/2025,Heliopolis,KA05,2,9580.0,0.0,Mobile Wallet,C1256
ORD-007745,07/03/2025,Miami,LP06,1,21771.0,0.0,VF Cash,C1065
ORD-007753,07/03/2025,6th of October,TV03,1,14284.0,0.05,cash,C1165
ORD-007747,07/03/2025,Heliopolis,AX08,2,1390.0,0.0,cash,C1984
ORD-007755,07/03/2025,Maadi,TV05,1,23611.0,0.05,installments,C0682
ORD-007742,07/03/2025,6th of October,KA07,1,18164.0,0.0,Credit Card,C0541
ORD-007761,07/03/2025,Nasr City,LP02,1,41717.0,0.15,Credit Card,C0629
ORD-007760,07/03/2025,Maadi,SP07,1,14683.0,0.15,cash,C0719
ORD-007746,07/03/2025,6th of October,AX10,3,451.0,0.0,cash,C0929
ORD-007758,07/03/2025,Smouha,KA05,1,9892.0,0.0,Credit Card,C1169
ORD-007757,07/03/2025,Nasr City,AX08,4,,0.05,cash,C2193
ORD-007759,07/03/2025,Smouha,KA05,2,9832.0,0.1,Valu/Installments,C0747
ORD-007754,07/03/2025,Nasr City,SP08,1,45716.0,0.0,Valu/Installments,C1868
ORD-007752,07/03/2025,Mansoura,KA08,1,5398.0,0.15,Credit Card,C1447
ORD-007751,07/03/2025,6th of October,AX10,2,444.0,0.15,CASH,C0608
ORD-007750,07/03/2025,Dokki,LP02,1,42560.0,0.0,Valu/Installments,C0194
ORD-007749,07/03/2025,6th of October,AC04,1,58347.0,0.1,Valu/Installments,C1181
ORD-007748,07/03/2025,Nasr City,SP06,1,9889.0,0.1,Valu/Installments,C1524
ORD-007756,07/03/2025,Mansoura,LP02,1,41660.0,0.0,Mobile Wallet,C0659
ORD-007769,08/03/2025,Nasr City,AX05,3,2501.0,0.0,CASH,C2354
ORD-007769,08/03/2025,Nasr City,AX05,3,2501.0,0.0,CASH,C2354
ORD-007778,08/03/2025,Nasr City,AC04,1,59930.0,0.05,Installments,C2304
ORD-007774,08/03/2025,Nasr City,SP02,1,52170.0,0.0,Valu/Installments,
ORD-007765,08/03/2025,Dokki,AX03,4,544.0,0.0,VF Cash,C0479
ORD-007766,08/03/2025,Mansoura,KA07,2,18171.0,0.0,Credit Card,
ORD-007767,08/03/2025,Smouha,TV04,1,41589.0,0.0,installments,C0169
ORD-007768,08/03/2025,Maadi,SP04,1,11487.0,0.0,credit card,C1297
ORD-007770,08/03/2025,Heliopolis,AU05,1,3279.0,0.15,Visa/Mastercard,C0519
ORD-007787,08/03/2025,6th of October,AX12,2,913.0,0.0,installments,
ORD-007772,08/03/2025,Heliopolis,SP08,1,44728.0,0.0,credit card,C1067
ORD-007771,08/03/2025,Nasr City,AC05,1,38058.0,0.05,installments,C1806
ORD-007782,08/03/2025,Smouha,AX12,2,908.0,0.0,installments,C0606
ORD-007776,08/03/2025,Heliopolis,SP04,1,11558.0,0.0,Visa/Mastercard,C0756
ORD-007777,08/03/2025,Heliopolis,SP06,1,10019.0,0.0,Cash,C0841
ORD-007780,08/03/2025,Nasr City,TV05,1,,0.1,CASH,C1299
ORD-007781,08/03/2025,Nasr City,KA07,2,18585.0,0.05,cash,C1409
ORD-007764,08/03/2025,miami,AX01,4,934.0,0.0,Credit Card,C0975
ORD-007763,08/03/2025,Dokki,SP06,1,9705.0,0.1,CASH,C0661
ORD-007762,08/03/2025,Heliopolis ,KA06,1,12640.0,0.0,Cash,
RET-000032,08/03/2025,6th of october,LP01,-1,29343.0,0.0,installments,
ORD-007783,08/03/2025,MANSOURA,AU04,1,1440.0,0.05,installments,C1528
ORD-007784,08/03/2025,6th of october,LP01,1,29343.0,0.0,installments,
ORD-007785,08/03/2025,6th of October,LP02,1,42541.0,0.0,installments,C1837
ORD-007786,08/03/2025,Heliopolis,LP05,1,35778.0,0.0,Installments,C2212
ORD-007779,08/03/2025,Smouha,AX11,5,403.0,0.1,cash,C0143
ORD-007775,08/03/2025,Nasr City,AU01,1,6561.0,0.05,Credit Card,C1515
ORD-007773,08/03/2025,Nasr City,AX03,4,556.0,0.15,Mobile Wallet,
ORD-007796,09/03/2025,Heliopolis,AX01,2,940.0,0.0,Cash,C0596
ORD-007792,09/03/2025,Maadi,AX04,4,245.0,0.0,Valu/Installments,C0103
ORD-007793,09/03/2025,6th of October,SP07,1,14781.0,0.0,VF Cash,
ORD-007794,09/03/2025,6th of October,AX02,2,346.0,0.0,VF Cash,C1658
ORD-007791,09/03/2025,Nasr City,AC02,1,46758.0,0.1,Valu/Installments,C0498
ORD-007788,09/03/2025,6th of October,LP03,1,31661.0,0.15,Installments,C0666
ORD-007801,09/03/2025,Miami,TV04,1,41899.0,0.0,cash,C2238
ORD-007800,09/03/2025,Dokki ,KA08,2,5542.0,0.05,Cash,C0018
ORD-007790,09/03/2025,Nasr City,SP07,1,14547.0,0.0,Cash,C1236
ORD-007798,09/03/2025,6th of October,AX10,3,463.0,0.1,mobile wallet,C1312
ORD-007797,09/03/2025,Maadi,AU05,1,3282.0,0.05,Mobile Wallet,C1877
ORD-007789,09/03/2025,Nasr City,AU01,1,6603.0,0.15,CASH,C2186
ORD-007795,09/03/2025,Miami,TV06,1,86519.0,0.0,Valu/Installments,C2046
ORD-007799,09/03/2025,6th of October,KA08,1,5451.0,0.0,Visa/Mastercard,C0640
ORD-007807,10/03/2025,Nasr City,KA06,1,12335.0,0.0,cash,C2350
ORD-007814,10/03/2025,Nasr City,TB02,1,13180.0,0.0,Cash,C1962
ORD-007802,10/03/2025,Mansoura,TV05,1,24628.0,0.15,credit card,C2079
ORD-007803,10/03/2025,Dokki,AX07,1,772.0,0.05,Cash,C1357
ORD-007804,10/03/2025,Miami,AX12,3,906.0,0.0,mobile wallet,C1211
ORD-007805,10/03/2025,mansoura,AX02,5,347.0,0.15,cash,C1942
ORD-007806,10/03/2025,Mansoura,TV01,1,31150.0,0.05,Installments,C1188
ORD-007809,10/03/2025,Mansoura,TB02,1,13176.0,0.15,Valu/Installments,C2316
ORD-007821,10/03/2025,6th of October,AU05,1,3284.0,0.0,credit card,C1646
ORD-007811,10/03/2025,6th of October,AX12,4,919.0,0.05,mobile wallet,
RET-000102,10/03/2025,Nasr City,TB02,-1,13180.0,0.0,Cash,C1962
ORD-007815,10/03/2025,Nasr City,TB03,1,9229.0,0.0,Valu/Installments,C0165
ORD-007808,10/03/2025,Dokki,AC01,1,33265.0,0.1,Valu/Installments,C0603
ORD-007827,10/03/2025,Dokki,TV02,1,27191.0,0.0,installments,C0379
ORD-007826,10/03/2025,Miami,KA08,2,5475.0,0.0,VF Cash,
ORD-007825,10/03/2025,6th of October,KA05,1,9826.0,0.15,Installments,C1464
ORD-007810,10/03/2025,Dokki,AX08,2,1317.0,0.15,Valu/Installments,C1811
ORD-007823,10/03/2025,Dokki,AX07,2,754.0,0.15,CASH,C1827
ORD-007824,10/03/2025,DOKKI,TV01,1,31101.0,0.0,Visa/Mastercard,
ORD-007820,10/03/2025,Maadi,TV03,1,14308.0,0.05,mobile wallet,C0102
ORD-007819,10/03/2025,MANSOURA,AU02,2,8866.0,0.05,Cash,C1262
ORD-007818,10/03/2025,Maadi,SP01,1,16562.0,0.0,credit card,C0479
ORD-007817,10/03/2025,Maadi,TB01,1,24044.0,0.0,Valu/Installments,C2257
ORD-007816,10/03/2025,Dokki,AU05,1,3167.0,0.0,CASH,C0572
ORD-007813,10/03/2025,Nasr City,KA04,1,25002.0,0.0,Installments,C0461
ORD-007812,10/03/2025,Mansoura,AX08,1,1349.0,0.0,cash,C1388
ORD-007822,10/03/2025,Nasr City,KA08,1,5364.0,0.1,VF Cash,C0903
ORD-007833,11/03/2025,Mansoura,AX07,1,754.0,0.0,Credit Card,C2157
ORD-007840,11/03/2025,Heliopolis,AC06,1,42554.0,0.0,credit card,C1825
ORD-007838,11/03/2025,MANSOURA,SP02,1,52650.0,0.05,installments,C0343
ORD-007832,11/03/2025,Miami,AU04,1,1419.0,0.0,Visa/Mastercard,C2390
ORD-007834,11/03/2025,Dokki,AX02,3,343.0,0.0,CASH,C0910
ORD-007837,11/03/2025,Smouha,TB03,1,9550.0,0.0,CASH,C0093
ORD-007836,11/03/2025,Heliopolis,LP02,1,42134.0,0.0,Cash,C0802
ORD-007828,11/03/2025,Heliopolis,AU02,1,9095.0,0.0,Cash,C1337
ORD-007829,11/03/2025,Smouha,AX06,2,1118.0,0.0,Visa/Mastercard,C0226
ORD-007830,11/03/2025,Nasr City,AX06,1,1154.0,0.0,CASH,C2491
ORD-007843,11/03/2025,Maadi,AX01,4,969.0,0.0,Valu/Installments,C1616
ORD-007842,11/03/2025,Miami,KA08,2,5468.0,0.15,credit card,C2097
ORD-007835,11/03/2025,Nasr City,AX04,2,246.0,0.15,Valu/Installments,C1139
ORD-007831,11/03/2025,Dokki,KA02,1,3562.0,0.0,VF Cash,C0800
ORD-007844,11/03/2025,Miami,TV06,1,91114.0,0.1,Cash,C0797
ORD-007845,11/03/2025,Heliopolis,TV01,1,32178.0,0.0,Mobile Wallet,C2009
ORD-007846,11/03/2025,Smouha,AU04,2,1444.0,0.0,Installments,C1302
ORD-007841,11/03/2025,6th of October,AU03,1,13272.0,0.05,Mobile Wallet,C0358
ORD-007847,11/03/2025,Maadi,AX09,1,1879.0,0.15,Cash,C2471
ORD-007839,11/03/2025,Dokki,AX10,4,463.0,0.0,cash,C2206
ORD-007865,12/03/2025,Dokki,AX04,1,246.0,0.0,Visa/Mastercard,C2298
ORD-007859,12/03/2025,6th of October,AC02,1,45674.0,0.0,Valu/Installments,C0050
ORD-007864,12/03/2025,6th of October,SP05,1,19703.0,0.15,Visa/Mastercard,C1826
ORD-007863,12/03/2025,Smouha,TV06,1,86985.0,0.0,cash,C1262
ORD-007852,12/03/2025,Nasr City,KA05,2,9594.0,0.0,VF Cash,C1629
ORD-007861,12/03/2025,Heliopolis,TB02,1,13771.0,0.0,installments,C1413
ORD-007860,12/03/2025,Smouha,AX03,2,554.0,0.0,CASH,C1166
ORD-007857,12/03/2025,Heliopolis,KA05,1,9557.0,0.15,Visa/Mastercard,C1582
ORD-007855,12/03/2025,Dokki,SP08,1,45450.0,0.0,installments,
ORD-007856,12/03/2025,Mansoura,LP02,1,43058.0,0.1,installments,C1515
ORD-007854,12/03/2025,Miami,SP08,1,44675.0,0.05,Installments,C1752
ORD-007853,12/03/2025,Maadi,AC01,1,33081.0,0.0,Installments,C0606
ORD-007862,12/03/2025,Mansoura,LP05,1,36425.0,0.0,Mobile Wallet,C1440
ORD-007851,12/03/2025,Nasr City,TB04,1,17806.0,0.0,cash,C1479
ORD-007850,12/03/2025,SMOUHA,TV06,1,89974.0,0.0,credit card,C0230
ORD-007849,12/03/2025,Smouha,TB01,1,24021.0,0.05,cash,C2096
ORD-007848,12/03/2025,Mansoura,LP06,1,21619.0,0.05,Installments,C2479
ORD-007858,12/03/2025,Heliopolis,AC01,1,33131.0,0.0,Cash,C1528
ORD-007882,13/03/2025,6th of October,AX05,4,2441.0,0.0,Visa/Mastercard,C1243
ORD-007881,13/03/2025,Miami,AX01,2,948.0,0.15,Mobile Wallet,C0852
ORD-007874,13/03/2025,Dokki,AU05,1,3116.0,0.0,Valu/Installments,C1737
ORD-007884,13/03/2025,smouha,KA07,1,18804.0,0.0,CASH,C2152
ORD-007880,13/03/2025,Miami,KA01,1,4214.0,0.05,Credit Card,C0589
ORD-007872,13/03/2025,6th of October,TB01,1,25112.0,0.0,Mobile Wallet,C1183
ORD-007878,13/03/2025,Smouha,AC06,1,41762.0,0.0,credit card,C2450
ORD-007871,13/03/2025,Heliopolis,SP07,1,14139.0,0.0,CASH,C1813
ORD-007866,13/03/2025,Mansoura,AX07,4,753.0,0.0,CASH,C0359
ORD-007879,13/03/2025,6th of October,AC06,1,42586.0,0.0,installments,C0353
ORD-007868,13/03/2025,Miami,TV06,1,89526.0,0.0,Valu/Installments,
ORD-007869,13/03/2025,Smouha,TV05,1,23902.0,0.05,credit card,C1820
ORD-007870,13/03/2025,Nasr City,AX08,3,1383.0,0.0,VF Cash,C1703
ORD-007867,13/03/2025,Nasr City,KA03,1,7000.0,0.0,installments,C0884
ORD-007873,13/03/2025,Mansoura,SP03,1,58059.0,0.0,Mobile Wallet,C0671
ORD-007874,13/03/2025,Dokki,AU05,1,3116.0,0.0,Valu/Installments,C1737
ORD-007875,13/03/2025,Dokki,AU01,2,6319.0,0.0,Installments,C1697
ORD-007876,13/03/2025,nasr city,SP08,1,44550.0,0.05,Credit Card,C0572
ORD-007877,13/03/2025,6th of October,KA04,1,,0.0,credit card,C2406
ORD-007883,13/03/2025,Dokki,KA06,2,12226.0,0.0,Credit Card,C1945
ORD-007906,14/03/2025,MAADI,AX07,2,732.0,0.0,installments,C2010
ORD-007890,14/03/2025,6th of October,KA07,1,18632.0,0.0,Cash,C0028
ORD-007901,14/03/2025,Dokki,AU02,2,8741.0,0.15,cash,C1564
ORD-007910,14/03/2025,6th of October,TV02,1,26852.0,0.0,Installments,C2398
ORD-007909,14/03/2025,Smouha,AX10,1,458.0,0.0,CASH,C1237
ORD-007908,14/03/2025,Heliopolis,KA06,2,12353.0,0.0,Installments,
ORD-007905,14/03/2025,Nasr City,SP07,1,14505.0,0.05,Credit Card,
ORD-007907,14/03/2025,Miami,KA08,1,5498.0,0.0,credit card,C0173
ORD-007903,14/03/2025,6th of October,AC06,1,40360.0,0.15,Installments,
ORD-007897,14/03/2025,Maadi,AX10,5,440.0,0.0,Visa/Mastercard,C2327
ORD-007896,14/03/2025,Mansoura,AX01,4,957.0,0.0,mobile wallet,C1893
ORD-007895,14/03/2025,Heliopolis,KA07,1,18534.0,0.15,Visa/Mastercard,C2277
ORD-007894,14/03/2025,Maadi,AX10,4,438.0,0.1,Visa/Mastercard,C0717
ORD-007893,14/03/2025,Heliopolis,TV02,1,25792.0,0.1,installments,C1698
ORD-007891,14/03/2025,6th of October,SP01,1,16815.0,0.0,Credit Card,C1678
ORD-007887,14/03/2025,Mansoura,AX02,1,344.0,0.1,credit card,C2420
ORD-007889,14/03/2025,6th of October,SP05,1,19193.0,0.0,credit card,C0363
ORD-007892,14/03/2025,Maadi,LP04,1,79562.0,0.0,Valu/Installments,C1120
ORD-007885,14/03/2025,Heliopolis,AX12,2,885.0,0.0,cash,C1374
ORD-007898,14/03/2025,Heliopolis,KA01,2,4298.0,0.0,Credit Card,C0561
ORD-007899,14/03/2025,6th of October,KA05,2,9772.0,0.0,Mobile Wallet,C0817
ORD-007888,14/03/2025,6th of October,TB02,1,13485.0,0.0,Cash,C1540
ORD-007900,14/03/2025,6th of October,AX07,2,771.0,0.05,CASH,C0762
ORD-007902,14/03/2025,Maadi,KA07,1,18340.0,0.0,cash,C1186
ORD-007886,14/03/2025,Smouha,KA02,2,3525.0,0.1,Visa/Mastercard,C0271
ORD-007904,14/03/2025,Heliopolis,AX08,2,1389.0,0.15,mobile wallet,C2269
ORD-007932,15/03/2025,Nasr City,SP01,1,16959.0,0.0,credit card,C1136
ORD-007912,15/03/2025,Heliopolis,LP03,1,30425.0,0.15,Mobile Wallet,C2024
ORD-007913,15/03/2025,Dokki,KA03,2,6619.0,0.15,Visa/Mastercard,C2291
ORD-007925,15/03/2025,Maadi,AC03,1,26012.0,0.15,CASH,C1709
ORD-007934,15/03/2025,Nasr City,TV05,1,23545.0,0.0,VF Cash,C0274
ORD-007933,15/03/2025,Mansoura,AX05,4,2433.0,0.0,credit card,C2020
ORD-007931,15/03/2025,Nasr City,LP05,1,35577.0,0.0,cash,C0489
ORD-007928,15/03/2025,6th of October,TV01,1,31064.0,0.0,Valu/Installments,C1003
ORD-007929,15/03/2025,Nasr City,AC06,1,40998.0,0.0,Credit Card,C0117
ORD-007912,15/03/2025,Heliopolis,LP03,1,30425.0,0.15,Mobile Wallet,C2024
ORD-007914,15/03/2025,Heliopolis,AX03,1,536.0,0.0,installments,C1899
ORD-007935,15/03/2025,Dokki,TV05,1,23612.0,0.0,VF Cash,C2454
ORD-007915,15/03/2025,Nasr City,AX11,4,396.0,0.0,Visa/Mastercard,C0920
ORD-007916,15/03/2025,Smouha,AX12,2,879.0,0.15,CASH,C0110
ORD-007917,15/03/2025,Miami,TV06,1,86462.0,0.0,Cash,C0011
ORD-007918,15/03/2025,Heliopolis,KA06,1,12413.0,0.05,cash,C0631
ORD-007930,15/03/2025,Mansoura,AU01,1,6686.0,0.0,Cash,
ORD-007919,15/03/2025,Nasr City,AX11,1,391.0,0.0,Valu/Installments,C1076
ORD-007921,15/03/2025,Dokki,KA04,2,24300.0,0.0,Visa/Mastercard,C1936
ORD-007922,15/03/2025,Mansoura,SP07,1,14521.0,0.1,Credit Card,
ORD-007923,15/03/2025,Dokki,SP08,1,44728.0,0.0,Mobile Wallet,C0509
ORD-007911,15/03/2025,Smouha,AX11,5,400.0,0.15,VF Cash,C1245
ORD-007924,15/03/2025,Smouha,KA08,2,5475.0,0.05,Visa/Mastercard,C1179
ORD-007926,15/03/2025,6th of October,TV03,1,14179.0,0.05,Visa/Mastercard,C0735
ORD-007927,15/03/2025,Nasr City,KA08,1,5449.0,0.05,Credit Card,C2015
ORD-007920,15/03/2025,Mansoura,TV01,1,31876.0,0.0,cash,C1230
ORD-007936,16/03/2025,DOKKI,AX11,5,399.0,0.0,Valu/Installments,C1482
ORD-007943,16/03/2025,Nasr City,AU01,2,6332.0,0.15,Visa/Mastercard,C1057
ORD-007937,16/03/2025,Mansoura,AX08,4,1318.0,0.15,Visa/Mastercard,
ORD-007948,16/03/2025,nasr city,KA06,2,12425.0,0.0,Cash,
ORD-007939,16/03/2025,Mansoura,TV03,1,14853.0,0.05,Installments,C1969
ORD-007953,16/03/2025,Heliopolis,SP02,1,50702.0,0.0,Installments,C0072
ORD-007954,16/03/2025,6th of October,KA05,2,9964.0,0.1,CASH,C1064
ORD-007952,16/03/2025,DOKKI,KA02,1,3560.0,0.0,credit card,
ORD-007951,16/03/2025,6th of October ,LP03,1,31359.0,0.0,cash,C2357
ORD-007938,16/03/2025,Nasr City,SP02,1,52005.0,0.1,Installments,C2381
ORD-007949,16/03/2025,Nasr City,LP03,1,30911.0,0.1,cash,
ORD-007950,16/03/2025,Nasr City,SP01,1,16659.0,0.1,mobile wallet,
ORD-007946,16/03/2025,6th of October,AX11,4,407.0,0.05,Cash,C1529
ORD-007944,16/03/2025,Nasr City,TB01,1,24438.0,0.0,VF Cash,C1950
ORD-007945,16/03/2025,6th of October,AX09,4,1849.0,0.0,CASH,C0490
ORD-007942,16/03/2025,NASR CITY,LP04,1,80048.0,0.0,Mobile Wallet,
ORD-007941,16/03/2025,Heliopolis,SP06,1,9928.0,0.15,Credit Card,C1787
ORD-007940,16/03/2025,6th of October,AX10,1,441.0,0.15,CASH,C2317
ORD-007947,16/03/2025,Dokki,AX03,1,565.0,0.0,credit card,C2100
ORD-007972,17/03/2025,dokki,AX05,2,2411.0,0.0,Credit Card,
ORD-007974,17/03/2025,Nasr City,KA03,1,6689.0,0.05,installments,C1195
ORD-007973,17/03/2025,Dokki,KA01,1,4273.0,0.05,credit card,C1188
ORD-007971,17/03/2025,Mansoura,AX01,5,923.0,0.0,cash,C0200
ORD-007962,17/03/2025,Nasr City,SP05,1,19906.0,0.0,CASH,
ORD-007969,17/03/2025,6th of October,AX10,4,460.0,0.0,Cash,C1719
ORD-007960,17/03/2025,Smouha,SP08,1,44965.0,0.15,Credit Card,C1310
ORD-007958,17/03/2025,MIAMI,TV01,1,32815.0,0.15,Credit Card,C0240
ORD-007964,17/03/2025,Maadi,AC02,1,47046.0,0.1,installments,C1464
ORD-007956,17/03/2025,nasr city,AC02,1,45529.0,0.0,cash,C2383
ORD-007955,17/03/2025,Mansoura,TV02,1,25709.0,0.05,installments,C0668
ORD-007970,17/03/2025,Nasr City,TV05,1,23693.0,0.0,Mobile Wallet,C1459
ORD-007961,17/03/2025,Dokki,AX08,3,1358.0,0.0,cash,C1889
ORD-007963,17/03/2025,Nasr City,AX12,4,875.0,0.0,installments,C0555
ORD-007967,17/03/2025,Smouha,KA01,2,4144.0,0.0,VF Cash,C1117
ORD-007965,17/03/2025,Nasr City ,KA02,2,3565.0,0.05,Credit Card,C0669
ORD-007966,17/03/2025,Miami,AX12,4,903.0,0.0,Mobile Wallet,C0217
ORD-007959,17/03/2025,Heliopolis,AX05,3,2420.0,0.15,VF Cash,C0599
ORD-007968,17/03/2025,Miami,AX06,3,1120.0,0.0,installments,C1480
ORD-007957,17/03/2025,Mansoura,KA07,2,18627.0,0.05,Mobile Wallet,
ORD-007993,18/03/2025,Maadi,AC03,1,26464.0,0.0,Cash,C2376
ORD-007992,18/03/2025,6th of October,KA08,2,5365.0,0.0,Mobile Wallet,C2189
ORD-007991,18/03/2025,6th of October,AU02,2,8876.0,0.15,Cash,C0393
RET-000019,18/03/2025,Maadi,TV01,-1,31295.0,0.0,CASH,
ORD-007989,18/03/2025,Mansoura,AU01,1,,0.0,cash,C1112
ORD-007988,18/03/2025,Dokki,AX04,5,244.0,0.0,cash,C1234
ORD-007990,18/03/2025,Mansoura,SP03,1,59449.0,0.1,Valu/Installments,C1485
ORD-007975,18/03/2025,Dokki,AX08,5,1346.0,0.1,CASH,
ORD-007976,18/03/2025,Maadi,AU02,2,9106.0,0.1,installments,C2170
ORD-007977,18/03/2025,Heliopolis,SP02,1,52180.0,0.0,Cash,C0315
ORD-007978,18/03/2025,Heliopolis,AU02,2,9092.0,0.1,Installments,C2105
ORD-007979,18/03/2025,6th of October,KA04,1,24572.0,0.1,CASH,C0794
ORD-007980,18/03/2025,Miami,KA06,2,12773.0,0.15,credit card,C0751
ORD-007982,18/03/2025,NASR CITY,SP07,1,14635.0,0.0,cash,C2453
ORD-007983,18/03/2025,Smouha,TB02,1,13755.0,0.0,Mobile Wallet,C0685
ORD-007984,18/03/2025,Dokki,SP01,1,16954.0,0.0,cash,C2228
ORD-007985,18/03/2025,Heliopolis,TV05,1,23878.0,0.1,Installments,C1322
ORD-007986,18/03/2025,Nasr City,LP02,1,41279.0,0.05,credit card,C1296
ORD-007987,18/03/2025,Maadi,TV01,1,31295.0,0.0,CASH,
ORD-007981,18/03/2025,Heliopolis,AC01,1,33660.0,0.0,Installments,C0388
ORD-008000,19/03/2025,Heliopolis,TV01,1,32610.0,0.1,mobile wallet,C1528
ORD-007994,19/03/2025,Nasr City,TV06,1,89996.0,0.05,Visa/Mastercard,C1441
ORD-008003,19/03/2025,6th of October,AU03,2,13684.0,0.0,CASH,
ORD-007996,19/03/2025,Smouha,LP01,1,28463.0,0.0,Cash,C0053
ORD-008008,19/03/2025,Miami,AU04,1,1465.0,0.05,CASH,C0634
ORD-007995,19/03/2025,Nasr City,KA03,2,6636.0,0.15,installments,C0589
ORD-008009,19/03/2025,6th of October,AX03,2,539.0,0.0,CASH,C2062
ORD-008007,19/03/2025,6th of October,AX02,2,349.0,0.0,CASH,C0893
ORD-008005,19/03/2025,Dokki,AX10,4,445.0,0.0,Visa/Mastercard,C0668
ORD-008006,19/03/2025,6th of October,SP06,1,9937.0,0.1,installments,C0420
ORD-008001,19/03/2025,Smouha,AX08,5,1330.0,0.1,Installments,C1987
ORD-008002,19/03/2025,MAADI,KA07,1,18610.0,0.05,CASH,C1688
ORD-007999,19/03/2025,Miami,TV02,1,26247.0,0.0,Cash,C1153
ORD-007998,19/03/2025,Mansoura,SP06,1,9553.0,0.0,credit card,C2123
ORD-007997,19/03/2025,Mansoura,AX04,4,250.0,0.0,cash,C0561
ORD-008004,19/03/2025,Nasr City,SP07,1,14558.0,0.0,mobile wallet,C1394
ORD-008030,20/03/2025,Dokki,KA04,2,24003.0,0.05,VF Cash,C1811
ORD-008038,20/03/2025,Nasr City,TV03,1,14321.0,0.1,Cash,C0118
ORD-008024,20/03/2025,Nasr City,LP02,1,41495.0,0.0,Installments,C1427
ORD-008026,20/03/2025,Dokki,SP05,1,19102.0,0.0,cash,C1277
ORD-008025,20/03/2025,Heliopolis,AU01,1,6543.0,0.0,Installments,
ORD-008028,20/03/2025,Miami,AX07,5,756.0,0.15,cash,C1486
ORD-008029,20/03/2025,Heliopolis,LP04,1,80128.0,0.05,Cash,C0570
ORD-008031,20/03/2025,Miami,SP04,1,11280.0,0.15,CASH,C2448
ORD-008027,20/03/2025,Heliopolis,TV04,1,40081.0,0.05,mobile wallet,
ORD-008034,20/03/2025,Nasr City,SP06,1,9664.0,0.1,Mobile Wallet,C1402
ORD-008014,20/03/2025,Nasr City,AC02,1,47119.0,0.0,Credit Card,C2180
ORD-008020,20/03/2025,Dokki,TV02,1,27040.0,0.0,Cash,C0478
ORD-008010,20/03/2025,6th of October,SP07,1,14341.0,0.0,Valu/Installments,C0906
ORD-008011,20/03/2025,Smouha,SP08,1,43760.0,0.1,Cash,C0772
ORD-008012,20/03/2025,Maadi,KA02,1,3548.0,0.0,Credit Card,C2289
ORD-008013,20/03/2025,Miami,TV02,1,26696.0,0.15,cash,C2154
ORD-008023,20/03/2025,Dokki,SP02,1,51084.0,0.0,Mobile Wallet,C1965
ORD-008017,20/03/2025,Mansoura,SP08,1,45064.0,0.0,credit card,C1710
ORD-008018,20/03/2025,Dokki,SP02,1,52346.0,0.0,credit card,C1887
ORD-008015,20/03/2025,Mansoura,KA02,2,3508.0,0.0,mobile wallet,C2258
ORD-008032,20/03/2025,Miami,AX08,2,1311.0,0.0,cash,
ORD-008021,20/03/2025,Nasr City,KA06,1,12610.0,0.0,VF Cash,C0538
ORD-008022,20/03/2025,Smouha,LP04,1,76048.0,0.1,Credit Card,C0072
ORD-008033,20/03/2025,Miami,TB04,1,17925.0,0.0,cash,C2143
ORD-008037,20/03/2025,Smouha,SP08,1,44790.0,0.15,Valu/Installments,C1248
ORD-008016,20/03/2025,Miami,LP04,1,79821.0,0.05,Installments,C0467
ORD-008036,20/03/2025,Dokki,AU05,1,3228.0,0.0,Mobile Wallet,C0706
ORD-008035,20/03/2025,Nasr City,AU01,2,6571.0,0.0,Mobile Wallet,
ORD-008019,20/03/2025,Dokki,SP05,1,19427.0,0.0,Valu/Installments,C0313
ORD-008056,21/03/2025,Nasr City,AU04,1,1420.0,0.0,cash,C0805
ORD-008039,21/03/2025,Nasr City,AX12,5,914.0,0.15,CASH,C0486
ORD-008053,21/03/2025,Maadi,SP07,1,14919.0,0.0,Valu/Installments,C1984
ORD-008054,21/03/2025,Heliopolis,AU04,2,1435.0,0.05,CASH,C1767
ORD-008055,21/03/2025,6th of October,KA07,1,17959.0,0.0,installments,C0175
ORD-008058,21/03/2025,Heliopolis ,AU03,2,13314.0,0.0,credit card,C0135
ORD-008057,21/03/2025,6th of October,LP01,1,28726.0,0.1,Installments,C0442
ORD-008044,21/03/2025,Dokki,TV06,1,90667.0,0.0,Installments,C1260
ORD-008040,21/03/2025,Dokki,KA08,2,5258.0,0.05,Valu/Installments,C0911
ORD-008042,21/03/2025,Maadi,SP01,1,16849.0,0.0,Cash,C0584
ORD-008043,21/03/2025,Dokki,AX12,1,924.0,0.0,Credit Card,C0929
ORD-008059,21/03/2025,Miami,TV02,1,26952.0,0.1,installments,C2104
ORD-008045,21/03/2025,Miami,AU03,1,13259.0,0.05,credit card,C0514
ORD-008046,21/03/2025,Dokki ,AX07,3,750.0,0.0,Installments,C0860
ORD-008047,21/03/2025,6th of October,TV05,1,23362.0,0.0,CASH,C0534
ORD-008048,21/03/2025,Maadi,AX11,2,389.0,0.1,Cash,C0322
ORD-008041,21/03/2025,Mansoura,AX01,5,932.0,0.0,Visa/Mastercard,C0528
ORD-008050,21/03/2025,Maadi,KA06,2,12449.0,0.0,mobile wallet,C0458
ORD-008051,21/03/2025,6th of October,SP01,1,16015.0,0.0,VF Cash,C0319
ORD-008052,21/03/2025,miami,TB03,1,9644.0,0.0,Cash,C0078
RET-000078,21/03/2025,Heliopolis ,AU03,-2,13314.0,0.0,credit card,C0135
ORD-008062,21/03/2025,Nasr City,AU05,2,3161.0,0.0,installments,C1922
ORD-008061,21/03/2025,6th of October,AX02,2,350.0,0.0,Cash,C0243
ORD-008060,21/03/2025,Mansoura,TV05,1,23325.0,0.0,cash,C2430
ORD-008049,21/03/2025,Nasr City,TV01,1,32260.0,0.0,credit card,C1741
ORD-008066,22/03/2025,6th of October ,TV05,1,24100.0,0.0,credit card,C0272
ORD-008068,22/03/2025,Dokki,AC04,1,59965.0,0.05,Valu/Installments,
ORD-008067,22/03/2025,Smouha,KA01,2,4238.0,0.0,Visa/Mastercard,C1236
ORD-008065,22/03/2025,Dokki,KA08,2,5525.0,0.0,installments,C0178
ORD-008069,22/03/2025,Maadi,TV06,1,90899.0,0.0,installments,C0043
ORD-008063,22/03/2025,Heliopolis,AU03,1,13801.0,0.05,cash,C0488
ORD-008092,22/03/2025,Nasr City,TV03,1,14635.0,0.15,credit card,C0406
ORD-008074,22/03/2025,Smouha,AX06,4,1180.0,0.0,Cash,C2407
ORD-008094,22/03/2025,Miami,AX05,4,2402.0,0.1,credit card,C0058
ORD-008064,22/03/2025,Mansoura,AX06,5,1136.0,0.0,VF Cash,C1037
ORD-008070,22/03/2025,Dokki,AX11,5,407.0,0.0,Valu/Installments,C0396
ORD-008085,22/03/2025,Smouha,TV04,1,41099.0,0.0,Valu/Installments,C1443
ORD-008071,22/03/2025,Dokki,LP04,1,76470.0,0.0,Valu/Installments,C0508
ORD-008096,22/03/2025,Smouha,TV02,1,26514.0,0.0,credit card,C0889
ORD-008095,22/03/2025,Mansoura,AX09,1,1870.0,0.1,Installments,C2167
ORD-008090,22/03/2025,Dokki,AX06,5,1136.0,0.0,cash,C2336
ORD-008093,22/03/2025,Maadi,AX01,2,962.0,0.0,Credit Card,C2369
ORD-008088,22/03/2025,Heliopolis,AU04,1,1410.0,0.0,Cash,C0991
ORD-008087,22/03/2025,Maadi,KA06,1,12207.0,0.1,credit card,C2051
ORD-008086,22/03/2025,SMOUHA,KA05,2,9759.0,0.0,Mobile Wallet,C0658
ORD-008084,22/03/2025,Nasr City,KA03,2,6911.0,0.0,credit card,C1425
ORD-008091,22/03/2025,Maadi,AX09,5,1797.0,0.0,Credit Card,C0280
ORD-008082,22/03/2025,Smouha,TV02,1,26480.0,0.15,Mobile Wallet,
ORD-008083,22/03/2025,Dokki,KA03,1,6886.0,0.0,cash,C2375
ORD-008080,22/03/2025,Dokki,AC05,1,39611.0,0.0,Credit Card,C0597
ORD-008079,22/03/2025,Dokki,AX11,4,409.0,0.1,Cash,C0372
ORD-008078,22/03/2025,Nasr City,KA03,2,6964.0,0.1,Installments,C0120
ORD-008077,22/03/2025,Mansoura ,AX11,5,404.0,0.0,CASH,C1440
ORD-008076,22/03/2025,Mansoura,LP02,1,40851.0,0.05,Cash,C0757
ORD-008089,22/03/2025,Smouha,KA03,2,6671.0,0.0,cash,C2069
ORD-008075,22/03/2025,Dokki,TB04,1,17368.0,0.1,Valu/Installments,C0820
ORD-008073,22/03/2025,Dokki,SP02,1,51769.0,0.0,Credit Card,C0842
ORD-008072,22/03/2025,6th of October,AX02,4,356.0,0.15,Visa/Mastercard,C2465
ORD-008081,22/03/2025,Maadi,LP01,1,29345.0,0.0,Valu/Installments,C1137
ORD-008111,23/03/2025,6th of October,AX06,5,1157.0,0.0,Mobile Wallet,C1801
ORD-008110,23/03/2025,Dokki,LP05,1,36418.0,0.0,mobile wallet,C0759
ORD-008097,23/03/2025,Heliopolis,TV01,1,31557.0,0.0,Credit Card,C0785
ORD-008105,23/03/2025,Nasr City,KA04,1,25023.0,0.0,Valu/Installments,C2066
ORD-008099,23/03/2025,miami,KA01,1,4109.0,0.0,Credit Card,C0704
ORD-008100,23/03/2025,Smouha,KA08,1,5479.0,0.0,Mobile Wallet,C2201
ORD-008101,23/03/2025,nasr city,AX12,5,896.0,0.0,CASH,
ORD-008102,23/03/2025,6th of October,KA07,2,18373.0,0.0,Visa/Mastercard,C0018
ORD-008103,23/03/2025,Dokki,AX04,3,243.0,0.0,credit card,C0405
ORD-008098,23/03/2025,Dokki,AU01,2,6627.0,0.15,Credit Card,C1155
ORD-008104,23/03/2025,Smouha,AU02,1,8837.0,0.0,Visa/Mastercard,C0877
ORD-008106,23/03/2025,Dokki,AX06,5,1176.0,0.0,Visa/Mastercard,C1945
ORD-008107,23/03/2025,Dokki,KA03,1,6684.0,0.05,Visa/Mastercard,C1502
ORD-008108,23/03/2025,6th of October,LP01,1,28862.0,0.05,Cash,C2415
ORD-008115,23/03/2025,Smouha,AU05,2,3174.0,0.0,installments,C1555
ORD-008114,23/03/2025,Smouha,KA03,1,6832.0,0.0,credit card,C1454
ORD-008113,23/03/2025,Nasr City,TV06,1,90244.0,0.15,installments,C0741
ORD-008109,23/03/2025,6th of October,AX01,3,974.0,0.0,cash,
ORD-008112,23/03/2025,mansoura,KA06,1,12269.0,0.0,Cash,C0440
ORD-008126,24/03/2025,Dokki,AX09,2,1850.0,0.0,Visa/Mastercard,C2129
ORD-008119,24/03/2025,6th of October,AX02,5,342.0,0.0,VF Cash,C0933
ORD-008128,24/03/2025,Miami,KA03,1,6799.0,0.05,Credit Card,C2031
ORD-008129,24/03/2025,Nasr City,TV05,1,24013.0,0.0,Cash,C1480
ORD-008124,24/03/2025,Smouha,TV05,1,23290.0,0.0,Valu/Installments,C1909
ORD-008123,24/03/2025,6th of October,TV05,1,23450.0,0.0,credit card,C0507
ORD-008122,24/03/2025,Smouha,LP01,1,29314.0,0.0,Valu/Installments,C1288
ORD-008121,24/03/2025,Miami,AX12,3,918.0,0.1,Credit Card,C0463
ORD-008120,24/03/2025,Miami,SP07,1,14611.0,0.0,Cash,C1670
ORD-008125,24/03/2025,Heliopolis,AC06,1,40267.0,0.0,installments,C0452
ORD-008118,24/03/2025,6th of October,TV02,1,25924.0,0.0,Credit Card,C2107
ORD-008117,24/03/2025,Mansoura,KA07,2,18177.0,0.0,installments,C0878
ORD-008116,24/03/2025,Mansoura,LP06,1,,0.0,Visa/Mastercard,C1738
ORD-008127,24/03/2025,Dokki,LP01,1,28719.0,0.0,VF Cash,C0557
ORD-008131,25/03/2025,Mansoura,TB04,1,17829.0,0.0,Credit Card,C2283
ORD-008132,25/03/2025,Dokki,KA01,2,4101.0,0.0,credit card,C0167
ORD-008139,25/03/2025,6th of October,KA08,1,5362.0,0.0,cash,C1872
ORD-008130,25/03/2025,6th of October,AX04,1,247.0,0.0,cash,C1181
ORD-008133,25/03/2025,Dokki,AX09,1,1808.0,0.15,CASH,C0337
ORD-008142,25/03/2025,Nasr City ,LP06,1,21446.0,0.0,installments,C1819
ORD-008135,25/03/2025,Heliopolis,AC03,1,25553.0,0.0,credit card,C2023
ORD-008144,25/03/2025,Smouha,AC05,1,37864.0,0.0,Valu/Installments,C2269
ORD-008143,25/03/2025,6th of October,SP07,1,14636.0,0.15,Credit Card,C0926
ORD-008151,25/03/2025,Miami,SP06,1,9535.0,0.0,CASH,C0286
ORD-008150,25/03/2025,Nasr City,TB03,1,9729.0,0.15,Cash,
ORD-008149,25/03/2025,Heliopolis,SP04,1,11610.0,0.0,Valu/Installments,C0774
ORD-008148,25/03/2025,Maadi,TV01,1,32259.0,0.0,CASH,
ORD-008134,25/03/2025,Dokki,KA07,2,18118.0,0.0,installments,C1344
ORD-008147,25/03/2025,Smouha,AX07,1,754.0,0.1,Cash,C1753
ORD-008145,25/03/2025,6th of October,SP05,1,19629.0,0.15,credit card,C1669
ORD-008141,25/03/2025,Nasr City,AX06,3,1175.0,0.0,Cash,C1278
ORD-008140,25/03/2025,6th of October,TB04,1,17122.0,0.1,cash,C2460
ORD-008138,25/03/2025,Miami,KA06,2,12355.0,0.0,CASH,C1162
ORD-008137,25/03/2025,Dokki,SP08,1,43769.0,0.05,installments,C1577
ORD-008136,25/03/2025,Dokki,AX10,1,446.0,0.1,Visa/Mastercard,C0474
ORD-008146,25/03/2025,Dokki,KA02,1,3551.0,0.15,CASH,C1191
ORD-008161,26/03/2025,Smouha,AX06,1,1183.0,0.0,Installments,C2141
ORD-008167,26/03/2025,Smouha,KA01,2,4268.0,0.0,CASH,C1618
ORD-008156,26/03/2025,Nasr City,TV05,1,24269.0,0.0,installments,C0053
ORD-008165,26/03/2025,Smouha,TV01,1,32512.0,0.0,Installments,
ORD-008164,26/03/2025,Nasr City,AX10,5,463.0,0.05,Visa/Mastercard,C0588
ORD-008163,26/03/2025,6th of October,AU03,2,13415.0,0.0,Valu/Installments,C0489
ORD-008162,26/03/2025,Miami,AC01,1,34110.0,0.0,Visa/Mastercard,C0349
ORD-008158,26/03/2025,MIAMI,TV03,1,14928.0,0.0,CASH,C0431
ORD-008159,26/03/2025,Heliopolis,LP02,1,40844.0,0.0,credit card,C1624
ORD-008153,26/03/2025,Smouha,SP07,1,14739.0,0.0,cash,C1949
ORD-008157,26/03/2025,Miami,LP02,1,43239.0,0.05,cash,C2014
ORD-008166,26/03/2025,Dokki,SP05,1,19138.0,0.1,Visa/Mastercard,
ORD-008152,26/03/2025,Nasr City,TV03,1,14512.0,0.05,Mobile Wallet,
ORD-008160,26/03/2025,Miami,AU03,1,13673.0,0.0,mobile wallet,C1795
ORD-008154,26/03/2025,Smouha,KA06,1,12347.0,0.0,mobile wallet,C1506
ORD-008155,26/03/2025,Smouha,KA04,1,24524.0,0.0,Installments,C0735
ORD-008185,27/03/2025,6th of October,AU05,1,3128.0,0.05,CASH,C2432
ORD-008183,27/03/2025,6th of October,AX08,4,1388.0,0.05,VF Cash,C1141
ORD-008182,27/03/2025,Miami,TV02,1,27046.0,0.0,Credit Card,C2045
ORD-008184,27/03/2025,Nasr City,TV05,1,23961.0,0.0,mobile wallet,C2384
ORD-008180,27/03/2025,Dokki,AX01,1,950.0,0.1,Credit Card,C0954
ORD-008174,27/03/2025,nasr city,AX04,2,249.0,0.0,credit card,C0816
ORD-008168,27/03/2025,Heliopolis,AX02,4,357.0,0.0,Cash,C1641
ORD-008169,27/03/2025,Smouha,TV01,1,32367.0,0.05,Credit Card,C2419
ORD-008170,27/03/2025,6th of October,AX07,1,770.0,0.15,Credit Card,C0417
ORD-008171,27/03/2025,Dokki,KA01,2,4118.0,0.0,Cash,C0692
ORD-008181,27/03/2025,Dokki,AX07,4,770.0,0.05,CASH,C1740
ORD-008173,27/03/2025,Smouha,KA02,1,3628.0,0.0,CASH,C1490
ORD-008172,27/03/2025,Miami,KA01,2,4304.0,0.1,CASH,C0266
ORD-008175,27/03/2025,Dokki,KA01,2,4131.0,0.05,Visa/Mastercard,C1388
ORD-008176,27/03/2025,Miami,TV04,1,40389.0,0.0,Valu/Installments,C0821
ORD-008177,27/03/2025,Heliopolis,AX08,2,1325.0,0.0,cash,C2437
ORD-008178,27/03/2025,6th of October,KA03,2,6727.0,0.0,Mobile Wallet,C1656
ORD-008179,27/03/2025,Nasr City,SP07,1,14823.0,0.1,VF Cash,C0503
ORD-008186,27/03/2025,Maadi,AC04,1,59221.0,0.0,installments,C1119
ORD-008193,28/03/2025,Maadi,AX12,1,924.0,0.15,Credit Card,
ORD-008202,28/03/2025,Maadi,AX10,4,452.0,0.15,Valu/Installments,C1027
ORD-008203,28/03/2025,Mansoura,AC04,1,57031.0,0.0,Installments,C2005
ORD-008192,28/03/2025,MIAMI,KA05,2,9540.0,0.05,CASH,C1657
ORD-008194,28/03/2025,Mansoura,TV02,1,26273.0,0.0,mobile wallet,
ORD-008201,28/03/2025,Dokki,AX11,2,400.0,0.0,Credit Card,C0501
ORD-008196,28/03/2025,Smouha,SP01,1,16396.0,0.0,CASH,C2095
RET-000050,28/03/2025,MIAMI,KA05,-2,9540.0,0.05,CASH,C1657
ORD-008188,28/03/2025,Maadi ,KA01,2,4165.0,0.0,CASH,C1459
ORD-008189,28/03/2025,Maadi,AU04,2,1455.0,0.0,cash,C1949
RET-000071,28/03/2025,Miami,AX10,-4,,0.1,CASH,C0946
ORD-008190,28/03/2025,Dokki,AX06,1,1136.0,0.0,installments,C2471
ORD-008195,28/03/2025,DOKKI,TV06,1,88095.0,0.1,CASH,C1985
ORD-008204,28/03/2025,6th of October,KA01,2,4266.0,0.0,cash,C2037
ORD-008191,28/03/2025,Mansoura,LP02,1,42090.0,0.0,cash,
ORD-008187,28/03/2025,Maadi,AU01,2,6596.0,0.0,VF Cash,C1640
ORD-008205,28/03/2025,Miami,AX10,4,449.0,0.1,CASH,C0946
ORD-008206,28/03/2025,Mansoura,AU03,2,13873.0,0.05,Visa/Mastercard,C0552
ORD-008207,28/03/2025,Nasr City,AU02,1,8704.0,0.0,Valu/Installments,C0122
ORD-008200,28/03/2025,6th of October,TV04,1,40178.0,0.0,Installments,C0443
ORD-008199,28/03/2025,Dokki,TV02,1,27007.0,0.0,installments,C1863
ORD-008198,28/03/2025,Maadi,KA05,2,9751.0,0.0,Mobile Wallet,C0604
ORD-008197,28/03/2025,Miami,KA01,2,4252.0,0.15,Cash,C1143
ORD-008231,29/03/2025,Miami,AX10,2,438.0,0.0,credit card,C1072
ORD-008237,29/03/2025,Mansoura,AX05,4,2393.0,0.05,Valu/Installments,C0130
ORD-008236,29/03/2025,Maadi,AX08,5,1372.0,0.0,installments,C0073
ORD-008235,29/03/2025,Heliopolis,AX08,1,1364.0,0.0,VF Cash,C2239
ORD-008234,29/03/2025,Nasr City,KA04,1,24175.0,0.05,Valu/Installments,C2215
ORD-008233,29/03/2025,Nasr City,TV03,1,14742.0,0.0,credit card,C1408
ORD-008232,29/03/2025,Nasr City,AX06,1,1138.0,0.0,credit card,C2222
ORD-008223,29/03/2025,Mansoura,SP03,1,58771.0,0.15,installments,C2017
ORD-008230,29/03/2025,6th of October,AU05,2,3130.0,0.0,Credit Card,C2068
ORD-008229,29/03/2025,Nasr City,AX01,2,952.0,0.0,Credit Card,C2009
ORD-008220,29/03/2025,DOKKI,AX11,3,390.0,0.15,Credit Card,C0395
ORD-008221,29/03/2025,6th of October,TB01,1,24261.0,0.0,Visa/Mastercard,C0314
ORD-008209,29/03/2025,NASR CITY,KA04,1,24467.0,0.0,installments,C0217
ORD-008210,29/03/2025,Nasr City,KA04,2,24790.0,0.0,cash,C0280
ORD-008211,29/03/2025,Heliopolis,TV04,1,39779.0,0.0,installments,
ORD-008222,29/03/2025,Smouha,KA07,2,18093.0,0.05,installments,C2130
ORD-008228,29/03/2025,Smouha,TV06,1,89732.0,0.0,installments,
ORD-008212,29/03/2025,6th of October,LP06,1,22081.0,0.0,Visa/Mastercard,C2041
ORD-008213,29/03/2025,Maadi,AX02,2,353.0,0.0,cash,C0110
ORD-008214,29/03/2025,Smouha,AX10,3,444.0,0.1,CASH,C0734
ORD-008215,29/03/2025,Nasr City,KA03,2,7004.0,0.0,cash,C1568
ORD-008216,29/03/2025,6th of October,TV06,1,89002.0,0.0,Valu/Installments,C2477
ORD-008217,29/03/2025,Nasr City,TV03,1,14359.0,0.0,Visa/Mastercard,C1340
ORD-008208,29/03/2025,Heliopolis,TV02,1,26717.0,0.0,installments,C0408
ORD-008218,29/03/2025,6th of October,AX11,4,397.0,0.05,Visa/Mastercard,C0626
ORD-008219,29/03/2025,Heliopolis,AC06,1,41615.0,0.05,Cash,C1241
ORD-008238,29/03/2025,Nasr City,SP07,1,14157.0,0.05,CASH,C1763
ORD-008223,29/03/2025,Mansoura,SP03,1,58771.0,0.15,installments,C2017
ORD-008224,29/03/2025,Smouha,TV06,1,91414.0,0.0,Installments,C1909
ORD-008225,29/03/2025,Dokki,AX02,3,355.0,0.0,Cash,C0828
ORD-008226,29/03/2025,Nasr City,AX05,3,2433.0,0.1,Installments,C1203
ORD-008227,29/03/2025,Mansoura,TB01,1,24478.0,0.0,Credit Card,C2040
ORD-008254,30/03/2025,Nasr City,AC06,1,42146.0,0.1,installments,C1765
ORD-008245,30/03/2025,Nasr City,AX01,5,954.0,0.15,Cash,C1883
ORD-008241,30/03/2025,Smouha,AU04,1,1479.0,0.0,mobile wallet,C1844
ORD-008240,30/03/2025,Mansoura,SP08,1,44981.0,0.0,Valu/Installments,C1572
ORD-008252,30/03/2025,6th of October,AU03,2,13677.0,0.05,Valu/Installments,C0673
ORD-008239,30/03/2025,Nasr City,AU01,2,6649.0,0.05,CASH,C0488
ORD-008255,30/03/2025,6th of October,AU03,1,13418.0,0.0,installments,C0551
ORD-008251,30/03/2025,Dokki,AX02,3,344.0,0.0,Visa/Mastercard,C1242
ORD-008250,30/03/2025,Nasr City,TV03,1,14574.0,0.0,Mobile Wallet,C2281
RET-000052,30/03/2025,6th of October,AU03,-1,13418.0,0.0,installments,C0551
ORD-008248,30/03/2025,Maadi,TV01,1,31951.0,0.15,Credit Card,C0135
ORD-008249,30/03/2025,Maadi,TV06,1,90571.0,0.15,installments,C0725
ORD-008253,30/03/2025,Smouha,AU05,2,3257.0,0.0,Visa/Mastercard,C2014
ORD-008246,30/03/2025,Nasr City,AX02,4,355.0,0.05,VF Cash,C0148
ORD-008244,30/03/2025,Dokki,AX11,2,412.0,0.0,Visa/Mastercard,C1813
ORD-008243,30/03/2025,Heliopolis,KA08,2,5298.0,0.15,credit card,C1542
ORD-008242,30/03/2025,Smouha,AU05,2,3251.0,0.15,cash,C1289
ORD-008247,30/03/2025,Maadi,KA06,2,12221.0,0.05,Installments,
ORD-008274,31/03/2025,Dokki,AX08,3,1341.0,0.0,Cash,
ORD-008278,31/03/2025,Heliopolis,AX02,2,353.0,0.0,Visa/Mastercard,C2027
ORD-008260,31/03/2025,Smouha,TV02,1,25943.0,0.0,Cash,C2331
ORD-008275,31/03/2025,Smouha,SP02,1,52126.0,0.0,cash,C1604
ORD-008256,31/03/2025,Heliopolis,KA07,1,18927.0,0.0,VF Cash,C1280
ORD-008270,31/03/2025,Maadi,AX10,5,443.0,0.0,VF Cash,C0641
ORD-008258,31/03/2025,6th of October,SP08,1,45345.0,0.0,installments,C1997
ORD-008276,31/03/2025,Smouha,AU01,2,6473.0,0.0,cash,
ORD-008277,31/03/2025,6th of October,SP02,1,53402.0,0.0,installments,C1079
ORD-008273,31/03/2025,Smouha,AX10,5,439.0,0.0,Visa/Mastercard,C0229
ORD-008272,31/03/2025,Mansoura,AX02,1,352.0,0.0,Credit Card,C2076
ORD-008269,31/03/2025,NASR CITY,AX12,1,896.0,0.0,Visa/Mastercard,C2303
ORD-008268,31/03/2025,6th of October,KA08,2,5253.0,0.0,cash,C1950
ORD-008257,31/03/2025,Miami,LP06,1,22132.0,0.0,Installments,C1594
ORD-008267,31/03/2025,Smouha,AX07,3,743.0,0.0,Installments,C1925
ORD-008265,31/03/2025,Smouha,AU05,2,3177.0,0.0,Cash,C2210
ORD-008264,31/03/2025,Heliopolis,AU04,2,1416.0,0.0,credit card,C2269
ORD-008263,31/03/2025,Mansoura,SP04,1,11184.0,0.0,Credit Card,
ORD-008262,31/03/2025,Mansoura,AX01,3,944.0,0.0,credit card,C2010
ORD-008261,31/03/2025,Nasr City,TV04,1,40725.0,0.0,Valu/Installments,
ORD-008259,31/03/2025,Maadi,AC06,1,42633.0,0.0,VF Cash,C0449
ORD-008266,31/03/2025,6th of October,AU03,1,13494.0,0.0,cash,C2344
ORD-008271,31/03/2025,Dokki,AU02,2,8702.0,0.0,cash,
ORD-008287,01/04/2025,Nasr City,AX02,2,,0.0,Cash,C0185
ORD-008289,01/04/2025,Maadi,KA04,2,24252.0,0.0,Visa/Mastercard,C0526
ORD-008279,01/04/2025,Smouha,AX03,2,535.0,0.0,VF Cash,C2421
ORD-008294,01/04/2025,Nasr City,SP03,1,58362.0,0.0,Credit Card,C0111
ORD-008281,01/04/2025,Heliopolis,AU05,2,3136.0,0.0,CASH,C1445
ORD-008284,01/04/2025,Maadi,LP03,1,30378.0,0.0,Cash,C0252
ORD-008285,01/04/2025,6th of October,AX09,5,1874.0,0.0,Cash,C0116
ORD-008286,01/04/2025,6th of October,AX01,4,975.0,0.0,Valu/Installments,C2419
ORD-008298,01/04/2025,Heliopolis,LP03,1,31316.0,0.0,Installments,C0399
ORD-008288,01/04/2025,Nasr City,SP07,1,14569.0,0.05,cash,
ORD-008297,01/04/2025,Maadi,SP02,1,53532.0,0.0,Visa/Mastercard,C1559
ORD-008296,01/04/2025,Maadi,TV04,1,40297.0,0.0,installments,
ORD-008295,01/04/2025,6th of October,KA05,1,9513.0,0.0,Cash,C1398
ORD-008293,01/04/2025,Heliopolis,SP06,1,9981.0,0.0,Mobile Wallet,C2392
ORD-008292,01/04/2025,6th of October,AX04,1,248.0,0.0,mobile wallet,C1429
ORD-008291,01/04/2025,6th of October,LP02,1,41458.0,0.0,installments,
ORD-008290,01/04/2025,Smouha,AU05,1,3250.0,0.0,CASH,C1501
ORD-008280,01/04/2025,Maadi,KA04,1,25160.0,0.0,CASH,C1548
ORD-008282,01/04/2025,Miami,KA07,2,18957.0,0.0,Mobile Wallet,C1166
ORD-008283,01/04/2025,Dokki,AX01,3,970.0,0.0,Credit Card,C1313
ORD-008306,02/04/2025,6th of October,LP05,1,35206.0,0.0,Valu/Installments,C1015
ORD-008311,02/04/2025,Nasr City,AC04,1,59092.0,0.0,Visa/Mastercard,
ORD-008310,02/04/2025,Maadi,AC04,1,57926.0,0.0,credit card,C0348
ORD-008312,02/04/2025,Heliopolis,AX08,2,1319.0,0.0,CASH,C0269
ORD-008313,02/04/2025,Miami,AU02,2,8790.0,0.0,Cash,C1249
ORD-008315,02/04/2025,Heliopolis,AU05,1,3236.0,0.0,mobile wallet,C1383
ORD-008316,02/04/2025,Nasr City,AC01,1,32562.0,0.0,Credit Card,C0696
ORD-008317,02/04/2025,Smouha,AC05,1,37549.0,0.0,Visa/Mastercard,C0081
ORD-008318,02/04/2025,Mansoura,AX01,3,973.0,0.0,Valu/Installments,C2206
ORD-008314,02/04/2025,Nasr City,AU04,2,1492.0,0.0,Valu/Installments,C0469
ORD-008309,02/04/2025,Miami,TB01,1,24682.0,0.0,Valu/Installments,C2428
ORD-008307,02/04/2025,Heliopolis,AX04,5,252.0,0.0,cash,C0962
ORD-008299,02/04/2025,Nasr City,SP04,1,11610.0,0.0,Cash,C1754
ORD-008300,02/04/2025,Smouha,SP08,1,45618.0,0.0,Valu/Installments,C1414
ORD-008301,02/04/2025,6th of October,LP02,1,40918.0,0.0,VF Cash,C1464
ORD-008302,02/04/2025,Mansoura,AX10,1,454.0,0.05,cash,C1688
ORD-008303,02/04/2025,Heliopolis,AX04,2,253.0,0.0,CASH,C1439
ORD-008304,02/04/2025,6th of October,AU02,2,8694.0,0.0,CASH,C0232
ORD-008305,02/04/2025,Miami,AX12,1,909.0,0.0,Visa/Mastercard,C1001
ORD-008308,02/04/2025,Smouha,KA01,2,4112.0,0.0,Credit Card,C1279
ORD-008333,03/04/2025,6th of October,TV04,1,42169.0,0.0,cash,C2337
ORD-008330,03/04/2025,6th of October,AC01,1,32963.0,0.0,Credit Card,C0092
ORD-008324,03/04/2025,Mansoura,AX10,3,440.0,0.0,installments,C2109
ORD-008331,03/04/2025,Mansoura,AX05,1,2428.0,0.0,VF Cash,C1297
ORD-008323,03/04/2025,Miami,SP06,1,9913.0,0.0,Valu/Installments,C2327
ORD-008319,03/04/2025,Miami,SP04,1,11396.0,0.0,CASH,C1336
ORD-008320,03/04/2025,Nasr City,AX05,3,2381.0,0.0,CASH,C0154
ORD-008321,03/04/2025,Smouha,AX01,3,940.0,0.0,cash,C1888
ORD-008322,03/04/2025,Nasr City,TB01,1,24523.0,0.0,Installments,C1731
ORD-008332,03/04/2025,Smouha,AX09,2,1877.0,0.0,installments,C1548
ORD-008325,03/04/2025,Miami,AC03,1,25698.0,0.0,installments,C1726
ORD-008328,03/04/2025,Dokki,LP02,1,42551.0,0.0,Cash,C1924
ORD-008329,03/04/2025,Miami,AX07,1,735.0,0.0,Valu/Installments,C2409
ORD-008326,03/04/2025,nasr city,TB01,1,24887.0,0.0,installments,C1093
ORD-008334,03/04/2025,Smouha,AU01,2,6355.0,0.0,credit card,C1599
ORD-008327,03/04/2025,Dokki,AX08,1,1364.0,0.0,Mobile Wallet,C0084
ORD-008349,04/04/2025,Miami,SP05,1,19292.0,0.0,credit card,C1786
ORD-008343,04/04/2025,Miami,AU03,2,13243.0,0.0,installments,C2035
ORD-008351,04/04/2025,Smouha,AX11,4,403.0,0.0,Visa/Mastercard,C0827
ORD-008348,04/04/2025,Maadi,KA02,1,3664.0,0.0,credit card,C1489
ORD-008346,04/04/2025,Maadi,KA05,2,9755.0,0.0,CASH,C0683
ORD-008345,04/04/2025,Nasr City,TB01,1,24888.0,0.0,credit card,C1391
ORD-008344,04/04/2025,Heliopolis,SP04,1,11273.0,0.0,credit card,C2060
ORD-008335,04/04/2025,Nasr City,AX07,5,768.0,0.0,cash,C1321
ORD-008336,04/04/2025,Maadi,AU03,1,13600.0,0.0,Cash,C2346
ORD-008350,04/04/2025,Miami,AC04,1,59633.0,0.0,cash,
ORD-008337,04/04/2025,Nasr City,AC01,1,32739.0,0.0,Installments,C0401
ORD-008338,04/04/2025,Smouha,AC03,1,25972.0,0.0,Installments,C2001
ORD-008340,04/04/2025,Smouha,AX11,2,395.0,0.0,Cash,C0844
ORD-008341,04/04/2025,Smouha,TV02,1,25944.0,0.0,Credit Card,
ORD-008339,04/04/2025,Mansoura,KA05,2,10021.0,0.0,CASH,C0410
ORD-008347,04/04/2025,Heliopolis,AX02,5,357.0,0.05,Cash,C1227
ORD-008342,04/04/2025,Heliopolis,AX02,5,350.0,0.0,Visa/Mastercard,C1377
ORD-008366,05/04/2025,Dokki,KA07,1,18033.0,0.0,credit card,C0389
ORD-008352,05/04/2025,Miami,AX02,4,347.0,0.0,mobile wallet,C2036
ORD-008353,05/04/2025,Nasr City,AU01,2,6554.0,0.05,credit card,C0309
ORD-008354,05/04/2025,Mansoura,AU02,1,8752.0,0.0,Valu/Installments,C2195
ORD-008355,05/04/2025,Mansoura,AX08,2,1327.0,0.0,Cash,C0877
ORD-008356,05/04/2025,Miami,AU05,1,3186.0,0.0,installments,C1178
ORD-008357,05/04/2025,Smouha,AX09,3,1838.0,0.0,Cash,C1087
ORD-008358,05/04/2025,Nasr City,AC05,1,38691.0,0.0,Credit Card,C0195
ORD-008362,05/04/2025,Miami,AU02,2,8751.0,0.0,Credit Card,C1647
ORD-008364,05/04/2025,Nasr City,AC05,1,37477.0,0.0,Visa/Mastercard,C0377
ORD-008359,05/04/2025,Maadi,KA07,2,18129.0,0.0,credit card,C1218
ORD-008360,05/04/2025,Miami,AX01,5,973.0,0.0,CASH,
ORD-008361,05/04/2025,Smouha,LP04,1,,0.0,installments,C2350
ORD-008370,05/04/2025,SMOUHA,SP02,1,52148.0,0.0,Cash,C1120
ORD-008369,05/04/2025,Heliopolis,KA02,2,3503.0,0.0,Mobile Wallet,C1380
ORD-008365,05/04/2025,Heliopolis,SP08,1,44324.0,0.0,Installments,C2369
ORD-008367,05/04/2025,Nasr City,TV06,1,89489.0,0.0,Visa/Mastercard,
ORD-008363,05/04/2025,Maadi,AX07,5,738.0,0.0,Cash,C0926
ORD-008368,05/04/2025,Heliopolis,SP05,1,19601.0,0.0,Cash,C2425
ORD-008377,06/04/2025,Miami,LP01,1,28658.0,0.0,installments,
ORD-008375,06/04/2025,Maadi,AC05,1,39495.0,0.0,installments,
ORD-008371,06/04/2025,maadi,SP03,1,57439.0,0.0,Credit Card,C0276
ORD-008372,06/04/2025,6th of October,SP08,1,45138.0,0.05,mobile wallet,C2321
ORD-008374,06/04/2025,Heliopolis,AX04,1,245.0,0.0,Visa/Mastercard,C1947
ORD-008383,06/04/2025,Heliopolis,SP05,1,18961.0,0.0,Credit Card,C1229
ORD-008376,06/04/2025,Miami,SP08,1,45872.0,0.0,Mobile Wallet,C1750
ORD-008373,06/04/2025,Nasr City,SP01,1,16143.0,0.0,Valu/Installments,C2176
ORD-008379,06/04/2025,MAADI,AX06,4,1160.0,0.0,CASH,C1423
ORD-008380,06/04/2025,Smouha,KA02,1,3630.0,0.0,Cash,C0315
ORD-008381,06/04/2025,Heliopolis,AX11,3,396.0,0.0,Credit Card,C1237
ORD-008382,06/04/2025,Heliopolis,SP07,1,14847.0,0.0,Mobile Wallet,C2068
ORD-008378,06/04/2025,Smouha,SP08,1,,0.0,CASH,C0860
ORD-008386,07/04/2025,Dokki,KA03,1,6627.0,0.0,cash,C1284
ORD-008400,07/04/2025,Dokki,AX10,2,457.0,0.0,mobile wallet,C0873
ORD-008394,07/04/2025,Heliopolis,TV01,1,32618.0,0.0,mobile wallet,C0740
ORD-008384,07/04/2025,Nasr City,TB01,1,24571.0,0.0,installments,C1774
ORD-008385,07/04/2025,Miami,LP05,1,36336.0,0.0,VF Cash,C2212
ORD-008387,07/04/2025,6th of October,SP06,1,10005.0,0.0,CASH,C0820
ORD-008401,07/04/2025,Smouha,TV01,1,32620.0,0.0,installments,C1915
ORD-008389,07/04/2025,MANSOURA,LP06,1,22364.0,0.0,Valu/Installments,C1648
ORD-008404,07/04/2025,Dokki,KA02,2,3636.0,0.0,Cash,C1777
ORD-008402,07/04/2025,6th of October,LP06,1,22144.0,0.0,Cash,C1098
ORD-008403,07/04/2025,Mansoura,AX07,4,744.0,0.0,mobile wallet,C2183
ORD-008399,07/04/2025,Nasr City,AX06,2,1149.0,0.0,Visa/Mastercard,C2045
ORD-008405,07/04/2025,Dokki,AX08,1,1311.0,0.0,Cash,C2319
ORD-008406,07/04/2025,6th of October,SP07,1,14827.0,0.0,Visa/Mastercard,C0246
ORD-008388,07/04/2025,Nasr City,TV02,1,26532.0,0.0,Valu/Installments,C1698
ORD-008407,07/04/2025,Mansoura,TV04,1,40355.0,0.0,Credit Card,C2140
ORD-008408,07/04/2025,Miami,LP02,1,40795.0,0.0,Visa/Mastercard,C0822
ORD-008409,07/04/2025,Maadi,AX04,3,248.0,0.0,Visa/Mastercard,C1493
ORD-008398,07/04/2025,nasr city,LP06,1,22219.0,0.0,Visa/Mastercard,C2363
ORD-008397,07/04/2025,6th of October,AX05,3,2495.0,0.0,Cash,C0765
ORD-008396,07/04/2025,Dokki,AX08,5,1379.0,0.0,Cash,C2115
ORD-008393,07/04/2025,Smouha,AC04,1,59713.0,0.0,Credit Card,C2243
ORD-008392,07/04/2025,6th of October,SP07,1,14296.0,0.05,cash,C1857
ORD-008391,07/04/2025,Heliopolis,AX12,2,907.0,0.0,Visa/Mastercard,C2111
ORD-008390,07/04/2025,Smouha,TV06,1,88695.0,0.0,Valu/Installments,C1030
ORD-008395,07/04/2025,Mansoura,KA03,2,6608.0,0.0,cash,C0077
ORD-008411,08/04/2025,Heliopolis,TV01,1,31346.0,0.0,Visa/Mastercard,C0606
ORD-008418,08/04/2025,Mansoura,TB02,1,13334.0,0.05,CASH,C1306
ORD-008414,08/04/2025,Smouha,TB04,1,17896.0,0.0,Mobile Wallet,C1230
ORD-008419,08/04/2025,Smouha,LP04,1,77563.0,0.0,Credit Card,
ORD-008420,08/04/2025,Maadi,AX11,3,396.0,0.0,Credit Card,C0264
ORD-008421,08/04/2025,Dokki,KA05,1,10075.0,0.0,mobile wallet,C0834
ORD-008422,08/04/2025,Nasr City,AX08,5,1370.0,0.0,Installments,C1690
ORD-008423,08/04/2025,Dokki,KA04,2,24526.0,0.0,installments,C1094
ORD-008424,08/04/2025,Smouha,AX04,5,252.0,0.0,Credit Card,C1176
ORD-008425,08/04/2025,Mansoura,AX09,2,1875.0,0.0,Valu/Installments,C0658
ORD-008415,08/04/2025,Nasr City,LP02,1,42052.0,0.0,Mobile Wallet,
ORD-008416,08/04/2025,Nasr City,AX01,2,947.0,0.0,Visa/Mastercard,C1784
ORD-008413,08/04/2025,Maadi,AX06,1,1116.0,0.0,cash,C0617
ORD-008412,08/04/2025,Smouha,SP08,1,45352.0,0.0,credit card,C0985
ORD-008410,08/04/2025,Heliopolis,KA01,2,4228.0,0.0,Cash,C1895
ORD-008417,08/04/2025,Nasr City,LP04,1,79089.0,0.0,credit card,C1681
ORD-008427,09/04/2025,6TH OF OCTOBER,SP07,1,14128.0,0.0,installments,C2463
ORD-008428,09/04/2025,6th of October,AX03,4,550.0,0.0,mobile wallet,C0968
ORD-008434,09/04/2025,Mansoura,TV04,1,42041.0,0.0,credit card,C0787
ORD-008447,09/04/2025,Dokki,AC06,1,40927.0,0.0,Valu/Installments,C0559
ORD-008429,09/04/2025,Mansoura,SP08,1,44480.0,0.0,Valu/Installments,C1663
ORD-008426,09/04/2025,6th of October,AX11,1,411.0,0.0,Cash,C1051
ORD-008431,09/04/2025,Maadi,AX04,4,253.0,0.0,Visa/Mastercard,C0466
RET-000013,09/04/2025,Mansoura,TV04,-1,42041.0,0.0,credit card,C0787
ORD-008435,09/04/2025,Dokki,KA01,1,4132.0,0.0,Installments,C0114
ORD-008441,09/04/2025,Heliopolis,AX08,5,1333.0,0.0,cash,C1787
ORD-008437,09/04/2025,Smouha,AX09,5,1801.0,0.0,CASH,C1272
ORD-008438,09/04/2025,Maadi ,AX08,5,1353.0,0.0,Visa/Mastercard,C1902
ORD-008439,09/04/2025,Maadi,AU03,1,13589.0,0.0,VF Cash,C1989
ORD-008440,09/04/2025,Nasr City,SP05,1,19988.0,0.0,Visa/Mastercard,C2294
ORD-008430,09/04/2025,Smouha,KA05,1,9942.0,0.0,Visa/Mastercard,C0977
ORD-008442,09/04/2025,Mansoura,SP07,1,14553.0,0.0,Visa/Mastercard,C1729
ORD-008444,09/04/2025,6th of october,AX06,2,1177.0,0.0,mobile wallet,C0828
ORD-008445,09/04/2025,Nasr City,AU05,2,3151.0,0.0,Visa/Mastercard,C0653
ORD-008436,09/04/2025,Smouha,AC06,1,42484.0,0.0,VF Cash,C1006
ORD-008446,09/04/2025,Smouha,SP08,1,45524.0,0.0,Cash,C1118
ORD-008448,09/04/2025,6th of October,SP03,1,57515.0,0.0,installments,C0120
ORD-008433,09/04/2025,Nasr City,LP02,1,41618.0,0.0,CASH,
ORD-008432,09/04/2025,Mansoura,AU04,2,1483.0,0.0,cash,C0615
ORD-008443,09/04/2025,Smouha,TV03,1,14855.0,0.0,VF Cash,C0152
ORD-008461,10/04/2025,6th of October,KA03,2,6780.0,0.0,Mobile Wallet,C0261
ORD-008462,10/04/2025,Heliopolis,AC02,1,45731.0,0.0,Installments,
ORD-008453,10/04/2025,Smouha,AX09,1,1849.0,0.0,Installments,C0173
ORD-008459,10/04/2025,6th of October,AX04,4,246.0,0.0,CASH,C2465
ORD-008457,10/04/2025,Miami,SP08,1,45950.0,0.0,credit card,C0344
ORD-008449,10/04/2025,Heliopolis,AC03,1,25766.0,0.0,installments,C1059
ORD-008456,10/04/2025,Dokki,SP06,1,9954.0,0.05,credit card,C0227
ORD-008455,10/04/2025,Heliopolis,KA05,1,,0.05,CASH,C0082
ORD-008463,10/04/2025,Mansoura,TV06,1,89717.0,0.05,Mobile Wallet,C1668
ORD-008454,10/04/2025,Mansoura,TB01,1,23961.0,0.0,cash,C1991
ORD-008452,10/04/2025,Dokki ,TV02,1,26141.0,0.0,CASH,C0721
ORD-008451,10/04/2025,MIAMI,SP01,1,16286.0,0.0,credit card,C2256
ORD-008450,10/04/2025,Heliopolis,AX11,5,410.0,0.0,Visa/Mastercard,C1138
ORD-008460,10/04/2025,Nasr City,AX11,4,409.0,0.0,CASH,C1221
ORD-008458,10/04/2025,Heliopolis,KA07,2,18739.0,0.0,Valu/Installments,C1286
ORD-008469,11/04/2025,6th of October ,AX03,4,556.0,0.05,cash,C0459
ORD-008476,11/04/2025,Smouha,LP04,1,78169.0,0.0,Installments,C1032
ORD-008479,11/04/2025,Heliopolis,TB01,1,24218.0,0.0,Credit Card,C0976
ORD-008465,11/04/2025,6th of October,KA03,1,6673.0,0.0,Credit Card,C0370
ORD-008464,11/04/2025,Nasr City,AC04,1,58208.0,0.0,credit card,C1489
ORD-008468,11/04/2025,Dokki,AX09,2,1831.0,0.0,Valu/Installments,C0967
ORD-008472,11/04/2025,Heliopolis,SP05,1,18990.0,0.0,Credit Card,C0495
ORD-008473,11/04/2025,Nasr City,TB01,1,24277.0,0.0,Credit Card,C2138
ORD-008474,11/04/2025,Miami,KA02,2,3568.0,0.0,Credit Card,C2378
ORD-008475,11/04/2025,Mansoura,KA07,2,18265.0,0.0,mobile wallet,C2152
ORD-008477,11/04/2025,Nasr City,AX05,3,2427.0,0.0,CASH,C2034
ORD-008466,11/04/2025,Dokki,TB04,1,17384.0,0.05,Installments,C1626
ORD-008471,11/04/2025,Maadi,SP03,1,57183.0,0.0,installments,C2050
ORD-008478,11/04/2025,Maadi,TB04,1,17403.0,0.0,VF Cash,C0370
ORD-008470,11/04/2025,NASR CITY,LP01,1,29116.0,0.0,credit card,C2339
ORD-008481,11/04/2025,Heliopolis,AU04,2,1480.0,0.0,Installments,C0501
ORD-008482,11/04/2025,Mansoura,AX04,3,,0.0,Cash,C1284
ORD-008483,11/04/2025,Smouha,AX03,5,556.0,0.0,Mobile Wallet,C1349
ORD-008484,11/04/2025,Miami,LP01,1,27957.0,0.0,cash,C2394
ORD-008467,11/04/2025,Dokki,AX04,5,243.0,0.0,Cash,C0576
ORD-008480,11/04/2025,Nasr City,KA05,1,9507.0,0.0,Cash,C2457
ORD-008504,12/04/2025,Dokki,KA03,1,6763.0,0.0,CASH,C1297
ORD-008495,12/04/2025,Smouha,TV04,1,39787.0,0.05,cash,C1801
ORD-008505,12/04/2025,Heliopolis,AU05,2,3198.0,0.0,Cash,C2236
ORD-008496,12/04/2025,Dokki,AC05,1,38532.0,0.0,mobile wallet,C1673
ORD-008492,12/04/2025,Mansoura,SP02,1,52098.0,0.0,Visa/Mastercard,C0718
ORD-008498,12/04/2025,Dokki,AU02,1,9057.0,0.0,Visa/Mastercard,C2415
ORD-008494,12/04/2025,Dokki,LP03,1,31257.0,0.05,installments,C1125
ORD-008485,12/04/2025,Nasr City,AC04,1,58410.0,0.0,CASH,C1598
ORD-008486,12/04/2025,Dokki,AX04,1,257.0,0.0,CASH,C0967
ORD-008487,12/04/2025,Smouha,AX10,1,448.0,0.0,mobile wallet,C1733
ORD-008488,12/04/2025,Dokki,LP06,1,22190.0,0.0,installments,C0893
ORD-008489,12/04/2025,Dokki,AX02,2,348.0,0.0,cash,
ORD-008490,12/04/2025,6th of October,AU01,2,6540.0,0.0,VF Cash,C0591
ORD-008491,12/04/2025,Dokki,AX12,5,895.0,0.0,Cash,C0438
ORD-008493,12/04/2025,Nasr City,SP08,1,44220.0,0.0,Credit Card,C0877
ORD-008501,12/04/2025,Smouha,TV04,1,42035.0,0.0,Installments,C2186
ORD-008503,12/04/2025,Maadi,AU04,1,1410.0,0.0,CASH,C0463
ORD-008502,12/04/2025,Dokki,AX08,2,1382.0,0.0,Visa/Mastercard,C1535
ORD-008506,12/04/2025,Dokki,AX06,5,1179.0,0.0,credit card,C1736
ORD-008500,12/04/2025,Dokki,SP02,1,52758.0,0.0,installments,C2009
ORD-008499,12/04/2025,6th of October,TB04,1,17512.0,0.05,credit card,C0230
ORD-008497,12/04/2025,Dokki,LP02,1,40880.0,0.0,Installments,C1042
ORD-008511,13/04/2025,Smouha,LP02,1,42620.0,0.0,installments,C1487
ORD-008507,13/04/2025,Smouha,SP02,1,51865.0,0.0,Installments,C1946
ORD-008514,13/04/2025,Maadi,SP01,1,16651.0,0.0,Credit Card,
ORD-008523,13/04/2025,Heliopolis,AU03,1,13594.0,0.0,installments,C1576
ORD-008513,13/04/2025,Maadi,SP07,1,14270.0,0.0,cash,C1507
ORD-008522,13/04/2025,Nasr City,TV02,1,27055.0,0.05,installments,C2264
ORD-008520,13/04/2025,Maadi,AX07,4,751.0,0.0,VF Cash,C0982
ORD-008519,13/04/2025,Heliopolis,AC02,1,47828.0,0.0,Cash,C0224
ORD-008518,13/04/2025,Heliopolis,LP03,1,30534.0,0.0,Visa/Mastercard,C0143
ORD-008521,13/04/2025,Miami,AX04,3,,0.0,Cash,C1037
ORD-008517,13/04/2025,dokki,TB03,1,9520.0,0.0,VF Cash,C2482
ORD-008516,13/04/2025,Smouha,AU04,1,1493.0,0.0,VF Cash,C0087
ORD-008508,13/04/2025,Dokki,SP03,1,56420.0,0.0,credit card,C1010
ORD-008509,13/04/2025,Smouha,AX11,4,400.0,0.0,CASH,C1138
ORD-008512,13/04/2025,Heliopolis,AX03,1,539.0,0.0,mobile wallet,C1947
ORD-008515,13/04/2025,Mansoura,AX07,4,736.0,0.0,cash,C1263
ORD-008510,13/04/2025,Smouha,TV03,1,14141.0,0.0,Credit Card,C0594
ORD-008544,14/04/2025,Maadi,AX01,3,943.0,0.0,Cash,
ORD-008525,14/04/2025,6th of October,AX08,2,1360.0,0.0,Cash,C1267
ORD-008524,14/04/2025,6th of October,AX07,1,768.0,0.0,CASH,
ORD-008547,14/04/2025,6th of October,AU01,1,6563.0,0.0,mobile wallet,C1123
ORD-008546,14/04/2025,Dokki,AU05,1,3220.0,0.0,VF Cash,C0139
ORD-008545,14/04/2025,6th of October,AU05,2,3288.0,0.0,VF Cash,C1665
ORD-008542,14/04/2025,Heliopolis,AX04,4,246.0,0.0,Visa/Mastercard,C1798
ORD-008541,14/04/2025,Mansoura,KA06,2,12443.0,0.0,installments,C0657
ORD-008526,14/04/2025,Smouha,KA06,2,12349.0,0.0,CASH,C1487
RET-000114,14/04/2025,Maadi,AX01,-3,943.0,0.0,Cash,
ORD-008527,14/04/2025,6th of October,KA05,1,10018.0,0.0,Mobile Wallet,C0500
ORD-008528,14/04/2025,Nasr City,AU01,2,6391.0,0.0,credit card,C2191
ORD-008548,14/04/2025,Miami,AU02,1,9004.0,0.0,credit card,C0329
ORD-008529,14/04/2025,nasr city,SP03,1,59038.0,0.0,Installments,C0969
ORD-008530,14/04/2025,Nasr City ,AX01,4,967.0,0.0,Cash,
ORD-008531,14/04/2025,Dokki,TV02,1,25876.0,0.0,cash,C1813
ORD-008532,14/04/2025,Smouha,AX07,2,757.0,0.0,Cash,C1592
ORD-008533,14/04/2025,heliopolis,AU02,2,8814.0,0.0,mobile wallet,C0033
ORD-008534,14/04/2025,miami,KA06,1,12226.0,0.0,cash,C1610
ORD-008535,14/04/2025,Heliopolis,AU03,1,13877.0,0.0,Cash,C1047
ORD-008536,14/04/2025,Dokki,AX10,2,441.0,0.0,credit card,C1233
ORD-008537,14/04/2025,6th of October,SP08,1,45438.0,0.0,Cash,C0370
ORD-008538,14/04/2025,Mansoura,KA05,2,9592.0,0.0,installments,C0965
ORD-008539,14/04/2025,Dokki,AU01,1,6570.0,0.0,cash,C1219
ORD-008540,14/04/2025,Smouha,AX11,2,411.0,0.0,VF Cash,C0862
ORD-008543,14/04/2025,6th of October,AX06,1,1153.0,0.0,Credit Card,C1300
ORD-008555,15/04/2025,Miami,AX12,3,882.0,0.0,CASH,C0657
ORD-008554,15/04/2025,Dokki,AU05,2,3272.0,0.0,Credit Card,C0412
ORD-008550,15/04/2025,6th of October,AX03,3,540.0,0.0,mobile wallet,C1930
ORD-008551,15/04/2025,6th of October,SP05,1,19792.0,0.0,Valu/Installments,C1692
ORD-008552,15/04/2025,DOKKI,AX10,3,449.0,0.0,mobile wallet,C1363
ORD-008553,15/04/2025,Dokki,KA05,1,9714.0,0.0,Installments,C1731
ORD-008556,15/04/2025,miami,KA01,2,4126.0,0.0,CASH,C1069
ORD-008557,15/04/2025,Maadi,TV02,1,26849.0,0.0,credit card,C2074
ORD-008558,15/04/2025,Maadi,TB04,1,17978.0,0.0,cash,C0272
ORD-008560,15/04/2025,Smouha,AX10,2,452.0,0.0,Visa/Mastercard,C1724
ORD-008561,15/04/2025,Smouha,AU03,1,13288.0,0.0,Cash,C2467
ORD-008563,15/04/2025,Smouha,SP06,1,9634.0,0.0,cash,C1339
ORD-008564,15/04/2025,Miami,TV06,1,89394.0,0.0,Mobile Wallet,C1857
ORD-008559,15/04/2025,6th of October,TV06,1,89636.0,0.05,Credit Card,C1442
ORD-008549,15/04/2025,Nasr City,AX05,4,2457.0,0.0,installments,C2014
ORD-008562,15/04/2025,Nasr City,KA06,2,12736.0,0.0,credit card,C2244
ORD-008578,16/04/2025,Heliopolis,AX12,1,887.0,0.0,installments,C0647
ORD-008577,16/04/2025,Nasr City,AX06,4,1133.0,0.0,installments,C0454
ORD-008576,16/04/2025,Smouha,SP05,1,19694.0,0.0,CASH,C0337
ORD-008575,16/04/2025,Smouha,LP01,1,28156.0,0.0,CASH,C2359
ORD-008574,16/04/2025,Smouha,AX11,1,400.0,0.0,Installments,C1286
ORD-008573,16/04/2025,Maadi,AU03,2,13200.0,0.0,Credit Card,C1252
ORD-008579,16/04/2025,Heliopolis,TB01,1,24941.0,0.0,Valu/Installments,C1023
ORD-008571,16/04/2025,dokki,AX09,1,1799.0,0.0,cash,C1642
ORD-008566,16/04/2025,6th of October,TB02,1,13396.0,0.05,credit card,C0214
ORD-008570,16/04/2025,smouha,AX01,5,949.0,0.0,Visa/Mastercard,C0013
ORD-008565,16/04/2025,6th of October,TV05,1,24672.0,0.0,Installments,C0113
ORD-008572,16/04/2025,Miami,AX12,2,883.0,0.0,cash,C0820
ORD-008567,16/04/2025,6th of October,TV04,1,42052.0,0.0,Credit Card,C0753
ORD-008569,16/04/2025,nasr city,AU04,1,1483.0,0.0,cash,C0558
ORD-008568,16/04/2025,6th of October,TB04,1,17398.0,0.0,credit card,C1817
ORD-008578,16/04/2025,Heliopolis,AX12,1,887.0,0.0,installments,C0647
ORD-008584,17/04/2025,Nasr City,SP06,1,9560.0,0.0,Cash,C1309
ORD-008593,17/04/2025,Dokki,TB04,1,17192.0,0.0,cash,C1155
ORD-008586,17/04/2025,Miami,LP01,1,27745.0,0.0,Valu/Installments,C1960
ORD-008581,17/04/2025,Heliopolis,TV03,1,14078.0,0.0,cash,C0533
ORD-008582,17/04/2025,Nasr City,KA08,2,5423.0,0.0,Cash,C2434
ORD-008597,17/04/2025,Mansoura,AX11,2,408.0,0.0,Cash,C1506
ORD-008596,17/04/2025,6th of October,KA06,2,12540.0,0.0,cash,C1698
ORD-008583,17/04/2025,Heliopolis,AX09,4,1863.0,0.0,VF Cash,C1681
ORD-008594,17/04/2025,Nasr City,AX09,1,1867.0,0.0,credit card,C0814
ORD-008580,17/04/2025,6th of October,AX08,5,1352.0,0.0,mobile wallet,C2116
ORD-008595,17/04/2025,Miami,AX01,1,950.0,0.0,CASH,C0346
ORD-008591,17/04/2025,Heliopolis,TV01,1,31891.0,0.0,cash,C2430
ORD-008590,17/04/2025,Smouha,AX06,3,1135.0,0.0,Cash,C0711
ORD-008589,17/04/2025,miami,AU03,2,13231.0,0.0,Credit Card,
ORD-008588,17/04/2025,Dokki,AX01,1,,0.0,cash,C1068
ORD-008587,17/04/2025,Nasr City,AX03,4,561.0,0.0,installments,C0547
ORD-008585,17/04/2025,dokki,AC05,1,39628.0,0.0,Valu/Installments,C1850
ORD-008592,17/04/2025,6th of October,AX07,1,748.0,0.0,Cash,C1342
ORD-008606,18/04/2025,Mansoura,AU03,1,13566.0,0.0,cash,C2288
ORD-008598,18/04/2025,Mansoura,AU05,1,3157.0,0.0,Valu/Installments,C0746
ORD-008600,18/04/2025,MAADI,AC01,1,32828.0,0.0,Credit Card,C1612
ORD-008599,18/04/2025,Maadi,TV03,1,,0.0,VF Cash,
ORD-008602,18/04/2025,Heliopolis,AX05,2,2437.0,0.0,CASH,C2337
ORD-008616,18/04/2025,Maadi,TV02,1,26551.0,0.0,CASH,C2460
ORD-008613,18/04/2025,Miami,LP04,1,77206.0,0.0,Visa/Mastercard,C0204
ORD-008618,18/04/2025,6th of October,KA05,2,9875.0,0.0,cash,C0612
ORD-008617,18/04/2025,Nasr City,AU02,1,8846.0,0.0,Cash,C1066
ORD-008615,18/04/2025,HELIOPOLIS,TB03,1,9625.0,0.0,cash,C1757
ORD-008614,18/04/2025,Maadi,TB01,1,24841.0,0.0,Valu/Installments,C1643
ORD-008601,18/04/2025,Mansoura,KA06,1,12776.0,0.0,Visa/Mastercard,C1546
ORD-008612,18/04/2025,Mansoura,SP05,1,19907.0,0.0,credit card,C0692
ORD-008610,18/04/2025,Miami,AX06,5,1144.0,0.0,Cash,C0813
ORD-008609,18/04/2025,Heliopolis,KA04,1,24949.0,0.0,Valu/Installments,C1895
ORD-008607,18/04/2025,Mansoura,AU05,1,3264.0,0.0,Cash,C0937
ORD-008608,18/04/2025,Maadi,AX12,5,881.0,0.0,Credit Card,C0365
ORD-008605,18/04/2025,Maadi,TV06,1,89736.0,0.0,installments,C0095
ORD-008604,18/04/2025,6th of October,KA02,1,3503.0,0.0,VF Cash,C0085
ORD-008603,18/04/2025,Smouha,SP01,1,16884.0,0.0,mobile wallet,C0920
ORD-008611,18/04/2025,Smouha,KA04,2,24693.0,0.0,Valu/Installments,C1073
ORD-008646,19/04/2025,6th of October,AX04,3,253.0,0.05,credit card,C1714
ORD-008647,19/04/2025,Mansoura,AU02,2,8703.0,0.0,Credit Card,C0739
ORD-008648,19/04/2025,Dokki,AX09,2,1868.0,0.0,Valu/Installments,C1674
ORD-008645,19/04/2025,Nasr City,SP04,1,11718.0,0.0,Cash,C0776
ORD-008641,19/04/2025,Dokki,AC01,1,33670.0,0.05,Valu/Installments,C0847
ORD-008642,19/04/2025,Nasr City ,AX05,5,2467.0,0.0,credit card,C2458
ORD-008644,19/04/2025,6th of October,LP01,1,28641.0,0.05,Visa/Mastercard,C1160
ORD-008649,19/04/2025,Maadi,AX10,4,451.0,0.0,CASH,C0598
ORD-008644,19/04/2025,6th of October,LP01,1,28641.0,0.05,Visa/Mastercard,C1160
ORD-008622,19/04/2025,Nasr City,SP06,1,9861.0,0.0,Credit Card,C2324
ORD-008634,19/04/2025,6th of October,TB04,1,17749.0,0.0,Credit Card,
RET-000103,19/04/2025,Nasr City,KA07,-1,19054.0,0.0,Cash,C0486
ORD-008630,19/04/2025,Nasr City,AU03,1,13850.0,0.0,mobile wallet,C0920
ORD-008619,19/04/2025,Mansoura,KA08,2,5389.0,0.0,Valu/Installments,C0365
ORD-008620,19/04/2025,Miami,KA04,0,24812.0,0.0,Installments,C1508
ORD-008621,19/04/2025,Dokki,AC02,1,46993.0,0.0,Credit Card,C0697
ORD-008631,19/04/2025,Nasr City,AX07,5,737.0,0.0,Credit Card,C0833
ORD-008624,19/04/2025,Mansoura,AU04,1,1475.0,0.0,Cash,C0058
ORD-008643,19/04/2025,Miami,LP01,1,28849.0,0.0,Credit Card,C0883
ORD-008626,19/04/2025,Nasr City,LP05,1,34587.0,0.0,Visa/Mastercard,C1783
ORD-008627,19/04/2025,Heliopolis,AX01,4,938.0,0.0,mobile wallet,C1859
ORD-008628,19/04/2025,Heliopolis,AX04,4,257.0,0.0,cash,C2025
ORD-008625,19/04/2025,Mansoura,SP08,1,45058.0,0.0,Valu/Installments,C2154
ORD-008629,19/04/2025,Nasr City,KA07,1,19054.0,0.0,Cash,C0486
ORD-008623,19/04/2025,Dokki,AX07,1,758.0,0.0,Valu/Installments,C0481
ORD-008632,19/04/2025,Miami,AC05,1,37517.0,0.0,Cash,C0781
ORD-008635,19/04/2025,Smouha,SP05,1,19474.0,0.0,credit card,C1091
ORD-008636,19/04/2025,Mansoura,LP03,1,31880.0,0.05,cash,C1180
ORD-008637,19/04/2025,Miami,KA07,2,18180.0,0.0,Valu/Installments,C2025
ORD-008638,19/04/2025,6th of October,SP01,1,16578.0,0.0,Credit Card,C1565
ORD-008640,19/04/2025,Dokki,AX12,1,921.0,0.0,credit card,C1767
ORD-008639,19/04/2025,6th of October,AX11,3,411.0,0.0,Credit Card,C0534
ORD-008633,19/04/2025,Maadi,AX05,4,2463.0,0.05,VF Cash,
ORD-008657,20/04/2025,Mansoura,TV02,1,27210.0,0.0,Valu/Installments,C2388
ORD-008653,20/04/2025,Miami,SP05,1,,0.0,Cash,C0965
ORD-008663,20/04/2025,Heliopolis,AX04,1,251.0,0.0,installments,C1325
ORD-008655,20/04/2025,6th of October,AX06,3,1172.0,0.0,Cash,C1018
ORD-008662,20/04/2025,Miami,AU01,2,6360.0,0.0,Visa/Mastercard,C0546
ORD-008661,20/04/2025,Mansoura,AX11,1,406.0,0.0,cash,C1921
ORD-008660,20/04/2025,Mansoura,SP04,1,11317.0,0.0,cash,C0043
ORD-008652,20/04/2025,Nasr City,AX03,4,540.0,0.0,Credit Card,C1073
ORD-008658,20/04/2025,Smouha,AU04,2,1435.0,0.0,Credit Card,C1877
ORD-008650,20/04/2025,Nasr City,KA06,2,12641.0,0.0,CASH,C0118
ORD-008654,20/04/2025,Nasr City,TB03,1,9711.0,0.0,credit card,C1848
ORD-008659,20/04/2025,Smouha,TB01,1,24816.0,0.0,Credit Card,C0352
ORD-008656,20/04/2025,Mansoura,AX03,2,549.0,0.05,Cash,C1515
ORD-008651,20/04/2025,Heliopolis,AX01,2,972.0,0.0,Cash,C1189
ORD-008676,21/04/2025,Smouha,SP05,1,19847.0,0.0,CASH,
ORD-008678,21/04/2025,6th of October,SP04,1,11794.0,0.0,Cash,C1364
ORD-008679,21/04/2025,Maadi,SP07,1,14173.0,0.0,credit card,C0962
ORD-008665,21/04/2025,Heliopolis,AX05,5,2398.0,0.0,Visa/Mastercard,C0870
ORD-008668,21/04/2025,Mansoura,SP02,1,51710.0,0.05,CASH,C1734
ORD-008669,21/04/2025,Smouha,LP06,1,21617.0,0.0,VF Cash,C2447
ORD-008670,21/04/2025,Dokki,AX04,5,256.0,0.0,mobile wallet,C1050
ORD-008671,21/04/2025,Heliopolis,TB03,1,9491.0,0.0,credit card,C0300
ORD-008672,21/04/2025,Dokki,AX05,1,2466.0,0.0,CASH,C0391
ORD-008673,21/04/2025,Mansoura,AX01,2,966.0,0.0,cash,C2282
ORD-008674,21/04/2025,Maadi,LP06,1,22048.0,0.0,cash,
ORD-008675,21/04/2025,Heliopolis,AC03,1,25721.0,0.0,installments,C0241
ORD-008676,21/04/2025,Smouha,SP05,1,19847.0,0.0,CASH,
ORD-008677,21/04/2025,Heliopolis,LP01,1,29211.0,0.0,CASH,C0214
ORD-008667,21/04/2025,Dokki,AX11,5,397.0,0.0,CASH,
ORD-008664,21/04/2025,Smouha,AX02,2,349.0,0.0,CASH,C1629
ORD-008666,21/04/2025,Miami,SP08,1,45617.0,0.0,Credit Card,C1571
ORD-008682,22/04/2025,Maadi,AU03,1,13262.0,0.0,cash,C2484
ORD-008693,22/04/2025,Mansoura,AC02,1,47723.0,0.0,Installments,C1520
ORD-008692,22/04/2025,Mansoura,AX06,3,1134.0,0.05,Cash,C1617
ORD-008691,22/04/2025,Maadi,SP05,1,19841.0,0.0,Credit Card,C1240
ORD-008690,22/04/2025,Smouha,AC04,1,59272.0,0.0,Valu/Installments,C1561
ORD-008689,22/04/2025,Maadi,AU01,2,6480.0,0.0,Valu/Installments,C2067
ORD-008688,22/04/2025,Mansoura,AX01,4,923.0,0.0,CASH,
ORD-008687,22/04/2025,Mansoura,AU02,2,8844.0,0.0,CASH,C1039
ORD-008686,22/04/2025,Nasr City,LP01,1,29191.0,0.0,Valu/Installments,
ORD-008685,22/04/2025,Smouha,AX04,5,255.0,0.0,mobile wallet,C0022
ORD-008684,22/04/2025,Maadi,AX08,2,1317.0,0.0,credit card,C0187
ORD-008683,22/04/2025,mansoura,AX11,4,391.0,0.0,Cash,C2451
ORD-008681,22/04/2025,Nasr City,AC06,1,41271.0,0.0,credit card,C1452
ORD-008680,22/04/2025,Heliopolis,AX03,2,550.0,0.0,installments,C1929
ORD-008694,23/04/2025,Mansoura,LP02,1,41157.0,0.0,Valu/Installments,
ORD-008714,23/04/2025,Heliopolis,SP01,1,16562.0,0.0,Valu/Installments,C1284
ORD-008695,23/04/2025,smouha,KA04,1,24494.0,0.0,Credit Card,C0542
ORD-008707,23/04/2025,Dokki,KA05,1,10059.0,0.0,credit card,C0368
ORD-008697,23/04/2025,Mansoura,AX12,1,910.0,0.0,VF Cash,C0169
ORD-008696,23/04/2025,smouha,AX10,5,,0.0,CASH,C2292
ORD-008699,23/04/2025,Nasr City,SP02,1,51915.0,0.0,Valu/Installments,C0735
ORD-008700,23/04/2025,Mansoura,TV06,1,90592.0,0.0,installments,C1067
ORD-008701,23/04/2025,Nasr City,AU05,1,3171.0,0.0,Mobile Wallet,C0696
ORD-008702,23/04/2025,Nasr City,LP05,1,36448.0,0.0,Valu/Installments,C2064
ORD-008712,23/04/2025,Miami,AX04,2,256.0,0.0,CASH,C1067
ORD-008704,23/04/2025,Heliopolis,AX08,5,1366.0,0.0,credit card,C1390
ORD-008706,23/04/2025,6th of October,AX12,5,911.0,0.0,Cash,C0541
ORD-008705,23/04/2025,Nasr City,AX07,3,765.0,0.0,Visa/Mastercard,C1918
ORD-008709,23/04/2025,Smouha,SP04,1,11286.0,0.0,Credit Card,C2173
ORD-008710,23/04/2025,Dokki,AX08,5,1363.0,0.0,mobile wallet,C1774
ORD-008711,23/04/2025,Mansoura,KA02,1,3674.0,0.0,Installments,C0581
ORD-008713,23/04/2025,6th of October,AX12,3,891.0,0.0,Visa/Mastercard,C0479
ORD-008703,23/04/2025,Mansoura,KA04,2,24755.0,0.0,credit card,C2019
RET-000003,23/04/2025,Dokki,KA05,-1,10059.0,0.0,credit card,C0368
ORD-008698,23/04/2025,Mansoura,AX06,5,1167.0,0.0,credit card,C2378
ORD-008708,23/04/2025,Dokki,AX12,5,875.0,0.0,cash,C1300
ORD-008716,24/04/2025,Nasr City,AX02,1,343.0,0.0,cash,C0181
ORD-008721,24/04/2025,Miami,AX09,1,1899.0,0.0,cash,
ORD-008717,24/04/2025,Maadi,LP05,1,,0.0,Visa/Mastercard,C0524
ORD-008725,24/04/2025,Nasr City,AU03,1,,0.0,credit card,C1081
ORD-008719,24/04/2025,Heliopolis,LP01,1,28406.0,0.0,Mobile Wallet,C1151
RET-000110,24/04/2025,Maadi,LP05,-1,35574.0,0.0,Visa/Mastercard,C0524
ORD-008731,24/04/2025,Mansoura,LP02,1,41676.0,0.0,installments,C1293
ORD-008715,24/04/2025,Maadi,AU03,1,13329.0,0.0,Valu/Installments,
ORD-008732,24/04/2025,Dokki,LP03,1,30590.0,0.0,Installments,C2013
ORD-008733,24/04/2025,6th of October,AU03,1,13148.0,0.0,credit card,C0620
ORD-008734,24/04/2025,Smouha,LP02,1,40819.0,0.0,Valu/Installments,C2277
ORD-008718,24/04/2025,Smouha,AU04,1,1419.0,0.0,Credit Card,C2045
ORD-008736,24/04/2025,Dokki,LP01,1,28810.0,0.0,Mobile Wallet,C0218
ORD-008735,24/04/2025,Miami,AX02,5,348.0,0.0,installments,C1803
ORD-008728,24/04/2025,Miami,AX09,4,1809.0,0.0,Mobile Wallet,
ORD-008727,24/04/2025,Miami,AC02,1,46945.0,0.0,installments,C1283
ORD-008730,24/04/2025,6th of October,AU03,2,13638.0,0.0,Valu/Installments,C0676
ORD-008726,24/04/2025,Heliopolis,SP05,1,19156.0,0.05,CASH,C2118
ORD-008724,24/04/2025,Heliopolis,AX11,4,402.0,0.0,VF Cash,C1079
ORD-008723,24/04/2025,Heliopolis,AU03,2,13761.0,0.0,Valu/Installments,C1159
ORD-008722,24/04/2025,Nasr City,LP05,1,35640.0,0.0,Cash,C1762
ORD-008720,24/04/2025,Smouha,TB04,1,18007.0,0.0,installments,C1477
ORD-008729,24/04/2025,Smouha,AX08,1,1319.0,0.0,Installments,C1785
ORD-008742,25/04/2025,Maadi,AX06,2,1144.0,0.0,CASH,C0751
ORD-008744,25/04/2025,Nasr City,KA08,2,5306.0,0.0,Valu/Installments,C1927
ORD-008745,25/04/2025,MIAMI,AX06,1,1131.0,0.0,Mobile Wallet,C1066
ORD-008738,25/04/2025,Smouha,AX05,3,,0.0,CASH,C0609
ORD-008739,25/04/2025,Nasr City,AU01,2,6469.0,0.0,Valu/Installments,C0224
ORD-008740,25/04/2025,Nasr City,AX07,2,751.0,0.0,installments,
ORD-008767,25/04/2025,Smouha,AC01,1,34050.0,0.0,Credit Card,C0740
ORD-008743,25/04/2025,Nasr City,TB02,1,13291.0,0.0,Cash,C0147
ORD-008765,25/04/2025,6th of October,AU04,2,1429.0,0.0,cash,C0835
ORD-008756,25/04/2025,Dokki,AX07,3,758.0,0.0,Credit Card,C2298
ORD-008755,25/04/2025,Mansoura,AX10,4,438.0,0.0,Mobile Wallet,
ORD-008737,25/04/2025,Heliopolis,AX03,3,538.0,0.0,credit card,C0774
ORD-008753,25/04/2025,Miami,TV02,1,26663.0,0.0,Credit Card,C1809
ORD-008752,25/04/2025,Nasr City,AX06,2,1124.0,0.0,CASH,
ORD-008766,25/04/2025,6th of October,AU05,2,3145.0,0.0,CASH,C1164
ORD-008751,25/04/2025,Miami,TV06,1,87753.0,0.0,Credit Card,C0168
ORD-008750,25/04/2025,6th of october,AU03,2,13881.0,0.0,Visa/Mastercard,C2028
ORD-008749,25/04/2025,6th of October,TV03,1,14129.0,0.0,credit card,C0476
ORD-008748,25/04/2025,Miami,AX04,3,248.0,0.0,Visa/Mastercard,C1788
ORD-008747,25/04/2025,Maadi,AX09,2,1856.0,0.0,Credit Card,C1914
ORD-008746,25/04/2025,Nasr City,AX07,3,730.0,0.0,credit card,C0670
ORD-008754,25/04/2025,Mansoura,AX10,5,438.0,0.0,cash,C1461
ORD-008741,25/04/2025,Maadi,KA05,1,9693.0,0.0,VF Cash,C0942
ORD-008757,25/04/2025,Smouha,SP02,1,51364.0,0.0,Valu/Installments,C1988
ORD-008758,25/04/2025,HELIOPOLIS,AX09,5,1869.0,0.0,cash,C1875
ORD-008760,25/04/2025,Miami,SP04,1,11417.0,0.0,cash,C0461
ORD-008764,25/04/2025,SMOUHA,LP05,1,35365.0,0.0,installments,C0384
ORD-008763,25/04/2025,Mansoura,AX10,4,458.0,0.0,CASH,C1432
ORD-008762,25/04/2025,6th of October,AX09,4,1888.0,0.0,credit card,C0507
ORD-008761,25/04/2025,Miami,SP07,1,14758.0,0.0,Visa/Mastercard,C0607
ORD-008759,25/04/2025,Mansoura,TV06,1,87969.0,0.0,Credit Card,C2020
ORD-008771,26/04/2025,6th of October,TV02,1,26249.0,0.0,credit card,C2084
ORD-008777,26/04/2025,Dokki,AX01,2,941.0,0.0,Valu/Installments,C0870
ORD-008770,26/04/2025,Miami,AU01,2,6467.0,0.0,credit card,
ORD-008769,26/04/2025,Heliopolis,AX07,3,764.0,0.0,Cash,
ORD-008768,26/04/2025,Dokki,TV04,1,41541.0,0.0,Installments,C0690
ORD-008773,26/04/2025,Miami,LP05,1,35091.0,0.0,Visa/Mastercard,
ORD-008778,26/04/2025,Dokki,AX03,3,537.0,0.0,credit card,C2391
ORD-008772,26/04/2025,Heliopolis,AC03,1,25224.0,0.0,Credit Card,C1118
ORD-008774,26/04/2025,Miami,SP06,1,9621.0,0.0,credit card,C2308
ORD-008776,26/04/2025,Nasr City,AX08,2,1345.0,0.0,Credit Card,C2399
ORD-008780,26/04/2025,Mansoura,TV02,1,26363.0,0.0,Visa/Mastercard,C2155
ORD-008779,26/04/2025,NASR CITY,AU04,1,1418.0,0.0,mobile wallet,C0017
ORD-008775,26/04/2025,Mansoura,AX03,3,556.0,0.0,Cash,
RET-000028,26/04/2025,Miami,LP05,-1,35091.0,0.0,Visa/Mastercard,
ORD-008781,27/04/2025,Dokki,AX12,3,918.0,0.0,Cash,C2338
ORD-008782,27/04/2025,Maadi,LP04,1,76230.0,0.0,Installments,C0740
ORD-008783,27/04/2025,6th of October,AX07,5,736.0,0.0,Visa/Mastercard,C1706
ORD-008784,27/04/2025,6th of October,LP02,1,43169.0,0.0,Valu/Installments,C0315
ORD-008786,27/04/2025,Mansoura,SP03,1,57279.0,0.0,Valu/Installments,C2041
ORD-008792,27/04/2025,Mansoura,AX06,2,1159.0,0.0,Cash,C1615
ORD-008788,27/04/2025,Miami,KA07,2,18621.0,0.0,Credit Card,C1347
ORD-008789,27/04/2025,Dokki,AX04,4,252.0,0.0,Mobile Wallet,C0107
ORD-008791,27/04/2025,Nasr City,SP06,1,9820.0,0.0,mobile wallet,C0500
ORD-008794,27/04/2025,Dokki,AC04,1,60180.0,0.0,cash,C2419
ORD-008793,27/04/2025,Maadi,KA04,1,24494.0,0.0,installments,C1531
ORD-008785,27/04/2025,6th of October,SP07,1,14156.0,0.0,cash,C1009
ORD-008787,27/04/2025,Miami,AU05,1,3275.0,0.0,Cash,C0387
ORD-008790,27/04/2025,Smouha,KA02,1,3600.0,0.0,credit card,C1165
ORD-008795,28/04/2025,6th of October,AC05,1,37499.0,0.0,credit card,C0435
ORD-008798,28/04/2025,Nasr City,AX03,2,547.0,0.0,Visa/Mastercard,C0119
ORD-008811,28/04/2025,Maadi,AX07,3,730.0,0.0,cash,C2332
ORD-008810,28/04/2025,Maadi,AX12,2,914.0,0.0,Mobile Wallet,C1331
ORD-008796,28/04/2025,Maadi,SP08,1,44950.0,0.0,CASH,C1326
ORD-008809,28/04/2025,Maadi,SP04,1,11456.0,0.0,Mobile Wallet,C1856
ORD-008808,28/04/2025,Smouha,AX08,3,1390.0,0.0,Valu/Installments,C0180
ORD-008807,28/04/2025,Miami,SP05,1,20035.0,0.0,cash,C1350
ORD-008806,28/04/2025,Nasr City,AU01,2,6558.0,0.05,credit card,
ORD-008805,28/04/2025,6th of October,AC04,1,57335.0,0.0,Credit Card,C0024
ORD-008804,28/04/2025,Heliopolis,TV02,1,27119.0,0.0,Visa/Mastercard,C2434
ORD-008802,28/04/2025,Mansoura,AU01,2,6684.0,0.0,Credit Card,C1860
ORD-008801,28/04/2025,Mansoura,SP08,1,44790.0,0.0,Valu/Installments,C1966
ORD-008800,28/04/2025,Smouha,LP01,1,29220.0,0.05,VF Cash,C1886
ORD-008799,28/04/2025,Smouha,SP05,1,19222.0,0.0,Visa/Mastercard,C0333
ORD-008803,28/04/2025,6th of October,SP04,1,11833.0,0.0,VF Cash,C1104
ORD-008797,28/04/2025,Heliopolis,LP01,1,27766.0,0.05,Credit Card,C0630
ORD-008812,29/04/2025,Heliopolis,SP04,1,11242.0,0.0,Cash,C0530
ORD-008821,29/04/2025,Mansoura ,AC02,1,47132.0,0.0,CASH,C2467
ORD-008813,29/04/2025,Nasr City,KA06,1,12769.0,0.0,cash,C0866
ORD-008814,29/04/2025,6th of October,AX12,1,892.0,0.0,cash,C0200
ORD-008815,29/04/2025,Miami,AX09,2,1890.0,0.0,Credit Card,C1159
ORD-008827,29/04/2025,Nasr City,AX05,1,2443.0,0.0,VF Cash,C0984
ORD-008826,29/04/2025,Mansoura,AX06,4,1160.0,0.0,Mobile Wallet,C0730
ORD-008825,29/04/2025,Maadi,AU04,2,1414.0,0.0,Visa/Mastercard,C1046
ORD-008823,29/04/2025,Nasr City,AU02,2,8721.0,0.0,credit card,C0380
ORD-008822,29/04/2025,6th of October,TB04,1,17122.0,0.0,credit card,C1563
ORD-008824,29/04/2025,Nasr City,AX08,1,1365.0,0.0,CASH,C1634
ORD-008820,29/04/2025,Maadi,AC03,1,26006.0,0.0,Credit Card,C2242
ORD-008819,29/04/2025,Heliopolis,AX01,3,937.0,0.0,installments,C0290
ORD-008818,29/04/2025,Mansoura,AC04,1,59841.0,0.0,Cash,
ORD-008817,29/04/2025,SMOUHA,KA08,2,5409.0,0.0,Cash,C0228
ORD-008816,29/04/2025,DOKKI,AX02,4,344.0,0.0,mobile wallet,C1324
ORD-008841,30/04/2025,Mansoura,AU05,1,3234.0,0.0,cash,C1271
ORD-008831,30/04/2025,6th of October,SP06,1,9741.0,0.0,installments,C0853
ORD-008836,30/04/2025,Nasr City,TB01,1,24163.0,0.0,CASH,C0632
ORD-008831,30/04/2025,6th of October,SP06,1,9741.0,0.0,installments,C0853
ORD-008838,30/04/2025,Maadi,AC02,1,45939.0,0.0,Installments,C1223
ORD-008829,30/04/2025,6th of October,AX03,4,560.0,0.0,Mobile Wallet,C0366
ORD-008830,30/04/2025,6th of October,KA05,2,9656.0,0.0,cash,C0085
ORD-008833,30/04/2025,Nasr City,SP01,1,16153.0,0.0,Cash,C1592
ORD-008835,30/04/2025,Miami,KA07,2,18343.0,0.0,cash,C1168
ORD-008848,30/04/2025,Mansoura,AX05,2,2460.0,0.0,cash,
ORD-008847,30/04/2025,Smouha,TV03,1,14145.0,0.0,credit card,C1506
ORD-008828,30/04/2025,Smouha,TV03,1,14657.0,0.0,installments,C1634
ORD-008846,30/04/2025,6th of October,SP03,1,58791.0,0.0,Credit Card,C0394
ORD-008845,30/04/2025,Maadi,LP03,1,31302.0,0.0,Installments,
ORD-008844,30/04/2025,6th of October,AU03,1,13114.0,0.0,credit card,C1471
ORD-008834,30/04/2025,Miami,SP04,1,11287.0,0.0,credit card,C1649
ORD-008842,30/04/2025,6th of October,AX06,2,1132.0,0.0,Valu/Installments,C2472
ORD-008843,30/04/2025,Smouha,TV02,1,26815.0,0.0,Cash,C0538
ORD-008840,30/04/2025,Heliopolis,LP01,1,28660.0,0.0,installments,C1771
ORD-008839,30/04/2025,Dokki,SP01,1,16327.0,0.0,cash,C2011
ORD-008832,30/04/2025,Smouha,LP04,1,79100.0,0.0,installments,C0668
ORD-008837,30/04/2025,Dokki,AX09,3,1826.0,0.0,CASH,C0494
ORD-008864,01/05/2025,Miami,TV01,1,32012.0,0.0,credit card,C1745
ORD-008852,01/05/2025,Miami,AX12,1,879.0,0.05,Mobile Wallet,C1825
ORD-008849,01/05/2025,Nasr City,TV06,1,90401.0,0.0,Installments,C2100
ORD-008850,01/05/2025,Heliopolis,KA05,2,9975.0,0.0,Mobile Wallet,C0819
ORD-008853,01/05/2025,6th of October,LP03,1,30109.0,0.0,Valu/Installments,C1590
RET-000127,01/05/2025,Heliopolis,KA05,-2,9975.0,0.0,Mobile Wallet,C0819
ORD-008861,01/05/2025,Maadi,KA07,2,17997.0,0.0,VF Cash,C1509
ORD-008851,01/05/2025,Nasr City,AC01,1,32729.0,0.0,Mobile Wallet,C2006
ORD-008863,01/05/2025,Dokki,LP01,1,28249.0,0.0,CASH,C1779
ORD-008860,01/05/2025,Miami,AC05,1,37567.0,0.0,mobile wallet,C1731
ORD-008859,01/05/2025,Nasr City,KA07,2,18318.0,0.0,Credit Card,C0370
ORD-008858,01/05/2025,Mansoura,KA01,1,4264.0,0.0,Cash,C1733
ORD-008857,01/05/2025,Mansoura,AC01,1,33078.0,0.0,Credit Card,C2459
ORD-008856,01/05/2025,mansoura,SP06,1,9849.0,0.0,Cash,C2307
ORD-008865,01/05/2025,6th of October,TB01,1,23983.0,0.0,installments,C0381
ORD-008862,01/05/2025,NASR CITY,AX08,4,1319.0,0.0,CASH,C0764
ORD-008855,01/05/2025,Miami,AX06,5,1165.0,0.0,installments,C1100
ORD-008854,01/05/2025,Dokki,LP01,1,29190.0,0.0,Visa/Mastercard,C1952
ORD-008872,02/05/2025,Nasr City,AX09,3,1824.0,0.05,Visa/Mastercard,C0636
ORD-008889,02/05/2025,Mansoura,AC06,1,41848.0,0.0,Installments,C1211
ORD-008888,02/05/2025,6th of October,AX10,3,457.0,0.0,Valu/Installments,C1752
ORD-008866,02/05/2025,Smouha,KA07,2,18601.0,0.0,credit card,C0166
ORD-008887,02/05/2025,Heliopolis,AX04,1,245.0,0.0,Cash,C2143
ORD-008886,02/05/2025,Maadi,AC03,1,26610.0,0.0,Valu/Installments,C1019
ORD-008892,02/05/2025,Nasr City,AX08,4,1340.0,0.0,CASH,C2257
ORD-008879,02/05/2025,Heliopolis,AC05,1,37717.0,0.0,Credit Card,C1792
ORD-008867,02/05/2025,Heliopolis,SP03,1,58693.0,0.0,Installments,C2103
ORD-008884,02/05/2025,Dokki,AC04,1,58894.0,0.0,Mobile Wallet,C0524
ORD-008870,02/05/2025,6th of October,AU02,1,9153.0,0.0,mobile wallet,
ORD-008883,02/05/2025,Heliopolis,AC05,1,37418.0,0.05,Credit Card,C0609
ORD-008882,02/05/2025,Maadi,AX01,1,951.0,0.0,Installments,C1231
RET-000091,02/05/2025,Nasr City,AX08,-4,1340.0,0.0,CASH,C2257
ORD-008868,02/05/2025,Nasr City,AC05,1,39175.0,0.0,Valu/Installments,C1400
ORD-008885,02/05/2025,Nasr City,KA01,2,4232.0,0.0,CASH,C1231
ORD-008869,02/05/2025,Dokki,AX10,5,460.0,0.0,Installments,C1899
ORD-008871,02/05/2025,Mansoura,AX10,2,452.0,0.05,mobile wallet,C0919
ORD-008873,02/05/2025,Smouha ,AX12,3,917.0,0.0,CASH,C2029
ORD-008881,02/05/2025,Smouha,AX05,2,2441.0,0.0,CASH,C1957
ORD-008874,02/05/2025,6th of October,AU02,2,8993.0,0.0,VF Cash,C2160
RET-000119,02/05/2025,Dokki,AX10,-5,460.0,0.0,Installments,C1899
ORD-008891,02/05/2025,6th of October,AC03,1,25628.0,0.0,Mobile Wallet,C0196
ORD-008894,02/05/2025,miami,KA01,1,4134.0,0.0,Visa/Mastercard,C0185
ORD-008890,02/05/2025,HELIOPOLIS,KA08,1,5332.0,0.0,credit card,C2329
ORD-008893,02/05/2025,Nasr City,AX02,4,344.0,0.0,credit card,C0314
ORD-008875,02/05/2025,Mansoura,AX11,1,405.0,0.0,Mobile Wallet,C2150
ORD-008880,02/05/2025,Heliopolis,SP01,1,16572.0,0.0,cash,C0325
ORD-008878,02/05/2025,Maadi,AX03,5,535.0,0.0,Mobile Wallet,C1918
ORD-008877,02/05/2025,Maadi,AX06,2,1147.0,0.0,CASH,C1191
ORD-008876,02/05/2025,Smouha,TB02,1,13288.0,0.0,CASH,C0344
ORD-008898,03/05/2025,Miami,AX11,5,406.0,0.0,Installments,C2092
ORD-008916,03/05/2025,Maadi,TV04,1,,0.0,installments,C0736
ORD-008895,03/05/2025,HELIOPOLIS,TV06,1,87376.0,0.0,Valu/Installments,
ORD-008906,03/05/2025,Heliopolis,AU03,2,13612.0,0.0,credit card,C1456
ORD-008897,03/05/2025,Mansoura,SP03,1,58297.0,0.0,Cash,C0441
ORD-008905,03/05/2025,Nasr City,SP03,1,58567.0,0.0,installments,C1038
ORD-008914,03/05/2025,Heliopolis,AX10,3,445.0,0.0,Credit Card,
ORD-008899,03/05/2025,Mansoura,AC01,1,33129.0,0.0,Installments,C1741
ORD-008900,03/05/2025,mansoura,LP03,1,30583.0,0.0,Installments,C1692
ORD-008901,03/05/2025,6th of October,TV01,1,32545.0,0.0,Installments,
ORD-008902,03/05/2025,Mansoura,AU05,2,3196.0,0.0,Visa/Mastercard,C0388
ORD-008903,03/05/2025,Mansoura,AX05,3,2515.0,0.0,CASH,C1904
ORD-008917,03/05/2025,Smouha,AX03,2,566.0,0.0,Mobile Wallet,C0747
ORD-008904,03/05/2025,MIAMI,SP05,1,19648.0,0.0,cash,C2329
RET-000109,03/05/2025,Maadi,SP05,-1,19778.0,0.0,Cash,C0067
ORD-008907,03/05/2025,Nasr City,AX04,3,248.0,0.0,Credit Card,C1044
ORD-008908,03/05/2025,6th of October,KA08,2,5244.0,0.0,installments,C2399
ORD-008909,03/05/2025,Mansoura,TV04,1,41866.0,0.0,credit card,C0335
ORD-008910,03/05/2025,Maadi,AX09,5,1856.0,0.05,installments,C2063
ORD-008911,03/05/2025,Maadi,SP05,1,19778.0,0.0,Cash,C0067
ORD-008912,03/05/2025,Mansoura,AX05,4,2468.0,0.0,Credit Card,
ORD-008913,03/05/2025,6th of October,SP06,1,9777.0,0.0,Cash,C0467
ORD-008915,03/05/2025,Heliopolis,TV05,1,24483.0,0.0,Valu/Installments,C1896
ORD-008896,03/05/2025,Mansoura,SP02,1,52476.0,0.05,Valu/Installments,C2103
ORD-008918,04/05/2025,Heliopolis,AX12,3,883.0,0.0,cash,C1610
ORD-008929,04/05/2025,Mansoura,SP05,1,,0.0,cash,C1843
ORD-008921,04/05/2025,6th of October,AX07,1,746.0,0.0,CASH,C0342
ORD-008922,04/05/2025,Maadi,AX07,4,759.0,0.0,cash,C1705
ORD-008923,04/05/2025,Mansoura,SP03,1,56282.0,0.0,Credit Card,C1220
ORD-008924,04/05/2025,Smouha,AX01,1,934.0,0.0,installments,C1286
ORD-008928,04/05/2025,Smouha,LP04,1,79028.0,0.0,Valu/Installments,C1864
ORD-008926,04/05/2025,Nasr City,KA08,2,5244.0,0.0,Visa/Mastercard,C2406
ORD-008927,04/05/2025,Maadi,TV02,1,27234.0,0.0,CASH,
ORD-008925,04/05/2025,Miami,AX12,5,,0.0,mobile wallet,
ORD-008919,04/05/2025,Dokki,KA04,1,25138.0,0.0,Mobile Wallet,
ORD-008930,04/05/2025,Nasr City,AC02,1,46409.0,0.0,VF Cash,
ORD-008931,04/05/2025,6th of October,TB04,1,17084.0,0.0,Cash,C1086
ORD-008935,04/05/2025,6th of October,AX10,4,456.0,0.0,Credit Card,C0865
ORD-008932,04/05/2025,6th of October,AX10,1,443.0,0.0,mobile wallet,C1399
ORD-008934,04/05/2025,6th of October,AC02,1,45421.0,0.0,Cash,
ORD-008933,04/05/2025,Heliopolis,AX08,4,1359.0,0.0,Mobile Wallet,C0767
ORD-008920,04/05/2025,Miami,AC05,1,37952.0,0.0,installments,C0186
ORD-008942,05/05/2025,Heliopolis ,KA06,2,12269.0,0.0,Cash,C2189
ORD-008941,05/05/2025,Nasr City,AC01,1,32956.0,0.0,Mobile Wallet,C1777
ORD-008944,05/05/2025,6th of October,TV01,1,31680.0,0.05,mobile wallet,C0024
ORD-008936,05/05/2025,Miami,AC04,1,57892.0,0.0,Valu/Installments,C0759
ORD-008937,05/05/2025,Miami,AX10,3,444.0,0.0,Installments,C0321
ORD-008938,05/05/2025,Mansoura,KA01,2,4084.0,0.0,credit card,C2475
ORD-008939,05/05/2025,Nasr City,AU04,2,1439.0,0.0,mobile wallet,C1063
ORD-008940,05/05/2025,Mansoura,AX04,4,249.0,0.0,cash,C0436
ORD-008943,05/05/2025,Smouha,SP02,1,50892.0,0.0,CASH,C0074
ORD-008945,05/05/2025,Dokki,AU01,2,6479.0,0.0,Credit Card,C1618
ORD-008946,05/05/2025,maadi,TV02,1,26435.0,0.0,Mobile Wallet,
ORD-008947,05/05/2025,Miami,AX12,2,921.0,0.0,Mobile Wallet,C0478
ORD-008948,05/05/2025,Miami,AC01,1,33653.0,0.0,Installments,C0055
ORD-008949,05/05/2025,Smouha,AX04,5,252.0,0.0,mobile wallet,C0704
ORD-008950,05/05/2025,Miami,SP07,1,14426.0,0.0,credit card,C1955
ORD-008952,05/05/2025,Maadi,SP05,1,20031.0,0.0,Installments,C1660
ORD-008951,05/05/2025,6th of October,TB03,1,9740.0,0.0,Mobile Wallet,C1885
ORD-008969,06/05/2025,Nasr City,AX04,1,250.0,0.0,Cash,
ORD-008962,06/05/2025,Heliopolis,AU04,1,1451.0,0.0,Installments,C0554
ORD-008954,06/05/2025,Miami,KA04,1,23954.0,0.0,credit card,C2466
ORD-008963,06/05/2025,Smouha,TB03,1,9641.0,0.0,cash,C0057
ORD-008964,06/05/2025,Dokki,SP02,1,52647.0,0.0,installments,
ORD-008965,06/05/2025,Dokki,SP01,1,16658.0,0.0,Cash,C0782
ORD-008966,06/05/2025,Smouha,KA06,1,12535.0,0.0,mobile wallet,C0459
ORD-008967,06/05/2025,Heliopolis ,AU01,2,6458.0,0.0,Valu/Installments,C0066
ORD-008968,06/05/2025,Heliopolis,AX09,4,1816.0,0.0,cash,C0771
ORD-008960,06/05/2025,Miami,AX06,3,1182.0,0.05,Cash,C0359
ORD-008961,06/05/2025,Maadi,AX02,5,348.0,0.0,Visa/Mastercard,C0513
ORD-008959,06/05/2025,Nasr City,AX12,4,907.0,0.0,Valu/Installments,C1240
ORD-008958,06/05/2025,Nasr City,AC01,1,34060.0,0.0,cash,C1618
ORD-008957,06/05/2025,Smouha,LP04,1,78145.0,0.0,credit card,C1478
ORD-008956,06/05/2025,Miami,AX01,2,959.0,0.0,credit card,C1241
ORD-008955,06/05/2025,nasr city,AC05,1,39158.0,0.0,Valu/Installments,C1994
ORD-008953,06/05/2025,Dokki,SP03,1,59693.0,0.0,Valu/Installments,
ORD-008977,07/05/2025,Heliopolis,SP01,1,16662.0,0.0,CASH,C0782
ORD-008984,07/05/2025,Mansoura,AU03,1,13705.0,0.0,mobile wallet,C1729
ORD-008975,07/05/2025,6th of October,KA06,1,12390.0,0.0,Installments,C1785
ORD-008982,07/05/2025,Heliopolis,AX12,5,874.0,0.0,CASH,C0607
ORD-008971,07/05/2025,Smouha,LP05,1,36540.0,0.0,Visa/Mastercard,C0858
ORD-008972,07/05/2025,Dokki,AX07,5,767.0,0.0,Visa/Mastercard,C1971
ORD-008973,07/05/2025,Heliopolis,AU02,2,8944.0,0.0,Installments,C0595
ORD-008974,07/05/2025,Maadi,AU03,1,13759.0,0.0,mobile wallet,C0991
ORD-008978,07/05/2025,Maadi ,AX11,2,395.0,0.0,Cash,
ORD-008986,07/05/2025,6th of October,AX03,1,559.0,0.0,Installments,C0478
ORD-008979,07/05/2025,Dokki,AX08,2,1334.0,0.0,Installments,C0353
ORD-008981,07/05/2025,Nasr City,KA04,2,23966.0,0.0,Installments,C1899
ORD-008987,07/05/2025,Miami,AX09,4,1826.0,0.0,Cash,C0681
ORD-008983,07/05/2025,Heliopolis,AC01,1,33802.0,0.0,Installments,C1942
ORD-008984,07/05/2025,Mansoura,AU03,1,13705.0,0.0,mobile wallet,C1729
ORD-008985,07/05/2025,6th of October,TV03,1,14183.0,0.0,mobile wallet,C0090
ORD-008980,07/05/2025,Maadi,AC06,1,,0.0,Mobile Wallet,C1233
ORD-008977,07/05/2025,Heliopolis,SP01,1,16662.0,0.0,CASH,C0782
RET-000126,07/05/2025,Nasr City,KA04,-2,23966.0,0.0,Installments,C1899
RET-000096,07/05/2025,6th of October,TV03,-1,14183.0,0.0,mobile wallet,C0090
ORD-008976,07/05/2025,6th of October,AC03,1,26440.0,0.0,Credit Card,C2207
ORD-008970,07/05/2025,Heliopolis,AX03,3,560.0,0.0,CASH,C0110
ORD-008995,08/05/2025,Dokki,AX01,3,956.0,0.0,Cash,C0994
ORD-008996,08/05/2025,6th of October,SP02,1,51118.0,0.0,Installments,
ORD-008988,08/05/2025,Heliopolis,TV06,1,91108.0,0.0,credit card,C0625
ORD-008997,08/05/2025,Heliopolis,AX06,2,1165.0,0.0,VF Cash,C0825
ORD-008993,08/05/2025,6th of October,AX04,4,243.0,0.0,credit card,C1842
ORD-008992,08/05/2025,Nasr City,TB04,1,17576.0,0.0,Cash,C0081
ORD-008991,08/05/2025,Maadi,SP01,1,16046.0,0.0,Cash,C1932
ORD-008990,08/05/2025,Maadi,LP06,1,21474.0,0.0,Credit Card,C1987
ORD-008989,08/05/2025,Nasr City,AC06,1,41671.0,0.0,Cash,C1824
ORD-008994,08/05/2025,Nasr City,KA02,2,3704.0,0.0,CASH,C2398
ORD-009013,09/05/2025,Smouha,AU03,2,13471.0,0.0,credit card,C0152
ORD-009001,09/05/2025,Maadi,AC03,1,26755.0,0.0,Visa/Mastercard,C0209
ORD-009011,09/05/2025,6th of October,AX06,5,1144.0,0.0,cash,C1192
ORD-009010,09/05/2025,6th of October,AC04,1,59502.0,0.0,installments,C2271
ORD-009009,09/05/2025,Dokki,AC05,1,38169.0,0.0,Installments,C2441
ORD-009008,09/05/2025,Maadi,AX11,4,391.0,0.0,mobile wallet,C2371
ORD-009007,09/05/2025,Heliopolis,AC04,1,57525.0,0.0,Installments,C2031
ORD-009006,09/05/2025,Dokki,AC02,1,46126.0,0.0,installments,C1703
ORD-009002,09/05/2025,Heliopolis,AC01,1,32949.0,0.0,VF Cash,C1368
ORD-009012,09/05/2025,Nasr City,AC02,1,45628.0,0.0,credit card,
ORD-009005,09/05/2025,Heliopolis,AX05,2,2513.0,0.0,Cash,C1769
ORD-009003,09/05/2025,Dokki,TB02,1,13650.0,0.0,Valu/Installments,C0033
ORD-009000,09/05/2025,Maadi ,AX12,5,915.0,0.0,VF Cash,C1605
RET-000106,09/05/2025,6th of October,AC04,-1,59502.0,0.0,installments,C2271
ORD-008999,09/05/2025,Smouha,TB04,1,17331.0,0.0,cash,C2333
ORD-008998,09/05/2025,Smouha,AU03,2,13355.0,0.0,installments,C1208
ORD-009004,09/05/2025,Heliopolis,SP02,1,52795.0,0.0,mobile wallet,C0421
ORD-009014,09/05/2025,Miami,AC04,1,57487.0,0.0,Installments,C1997
ORD-009015,09/05/2025,Mansoura,AC04,1,57853.0,0.0,credit card,C1638
ORD-009016,09/05/2025,Maadi,SP07,1,14145.0,0.0,Visa/Mastercard,C1992
ORD-009017,09/05/2025,Heliopolis,KA05,1,9886.0,0.0,installments,C2103
ORD-009032,10/05/2025,Dokki,TV04,1,41116.0,0.0,credit card,C1939
ORD-009034,10/05/2025,6th of October,TB01,1,24486.0,0.05,credit card,C0479
ORD-009037,10/05/2025,Smouha,TV03,1,14385.0,0.05,Visa/Mastercard,C1837
ORD-009036,10/05/2025,Smouha,AU05,1,3146.0,0.0,Credit Card,C1421
ORD-009027,10/05/2025,Mansoura,AC01,1,33092.0,0.0,Credit Card,C1294
ORD-009035,10/05/2025,Dokki,AX06,5,1164.0,0.0,cash,C2027
ORD-009031,10/05/2025,Mansoura,AC02,1,45297.0,0.0,Valu/Installments,C1709
ORD-009030,10/05/2025,Smouha,AU04,1,1469.0,0.0,CASH,C1098
ORD-009029,10/05/2025,Nasr City,AX09,4,1798.0,0.0,Cash,C0261
ORD-009026,10/05/2025,Nasr City,AX12,3,906.0,0.0,installments,
ORD-009018,10/05/2025,Heliopolis,AX10,2,444.0,0.0,Cash,C2421
ORD-009019,10/05/2025,Maadi,AC04,1,57441.0,0.0,VF Cash,C1999
ORD-009020,10/05/2025,Nasr City,AX09,3,1886.0,0.0,CASH,C0950
ORD-009021,10/05/2025,Miami,AU04,1,1478.0,0.0,Visa/Mastercard,C0249
ORD-009028,10/05/2025,Nasr City,KA06,2,12652.0,0.0,installments,C2267
ORD-009023,10/05/2025,6th of October,AC04,1,59645.0,0.0,Credit Card,C0078
ORD-009024,10/05/2025,Miami,AC06,1,41555.0,0.0,cash,C1729
ORD-009025,10/05/2025,Smouha,TB01,1,24104.0,0.0,Visa/Mastercard,C2361
ORD-009033,10/05/2025,Maadi,KA05,2,9921.0,0.0,installments,
ORD-009022,10/05/2025,Maadi,AX03,1,552.0,0.0,Visa/Mastercard,C2164
ORD-009043,11/05/2025,Heliopolis ,SP01,1,16511.0,0.0,VF Cash,C1923
ORD-009038,11/05/2025,Miami,SP08,1,43758.0,0.0,Valu/Installments,C1787
ORD-009048,11/05/2025,Miami,AC05,1,38945.0,0.0,Credit Card,
ORD-009047,11/05/2025,Nasr City,LP04,1,78035.0,0.0,credit card,
ORD-009046,11/05/2025,Miami,SP08,1,44420.0,0.0,Installments,C0951
ORD-009045,11/05/2025,Dokki,SP08,1,46081.0,0.0,cash,C1795
ORD-009044,11/05/2025,Heliopolis,SP04,1,11691.0,0.0,cash,C1409
ORD-009039,11/05/2025,Dokki,AX01,5,955.0,0.0,Visa/Mastercard,C0086
ORD-009041,11/05/2025,Smouha,LP02,1,41053.0,0.0,installments,C1180
ORD-009040,11/05/2025,Nasr City ,AU04,1,1453.0,0.0,installments,C0661
ORD-009049,11/05/2025,Nasr City,TV02,1,26356.0,0.0,Mobile Wallet,C2080
ORD-009042,11/05/2025,6th of October,LP05,1,34931.0,0.0,CASH,C0788
ORD-009050,11/05/2025,6th of October,SP07,1,14797.0,0.0,Credit Card,C0900
ORD-009053,12/05/2025,Heliopolis,AC05,1,37506.0,0.0,installments,C2467
ORD-009052,12/05/2025,Smouha,LP01,1,29056.0,0.0,installments,C1390
ORD-009067,12/05/2025,6th of October,SP02,1,53246.0,0.0,Installments,C0710
ORD-009051,12/05/2025,6th of October,KA06,2,12326.0,0.0,credit card,C2408
ORD-009055,12/05/2025,Miami,TV05,1,24411.0,0.0,Credit Card,C0538
ORD-009061,12/05/2025,Miami,SP01,1,16295.0,0.0,Cash,C0664
ORD-009054,12/05/2025,Nasr City,AC05,1,38623.0,0.0,Visa/Mastercard,C1919
ORD-009060,12/05/2025,Mansoura,AU02,1,8913.0,0.0,Valu/Installments,C1935
ORD-009066,12/05/2025,NASR CITY,AC03,1,25240.0,0.0,Valu/Installments,C0529
ORD-009065,12/05/2025,heliopolis,AX07,3,747.0,0.0,CASH,C1978
ORD-009064,12/05/2025,6th of October,AU03,2,13127.0,0.0,Valu/Installments,C0354
ORD-009059,12/05/2025,6th of October,AU04,2,1419.0,0.0,CASH,C1476
ORD-009062,12/05/2025,Dokki,AX09,4,1878.0,0.0,CASH,C0849
ORD-009058,12/05/2025,Smouha,AC02,1,45766.0,0.0,installments,C1708
ORD-009057,12/05/2025,6th of October,AX11,2,396.0,0.0,credit card,C1599
ORD-009056,12/05/2025,NASR CITY,AX11,4,411.0,0.0,Mobile Wallet,C1202
ORD-009063,12/05/2025,Nasr City,KA07,2,18585.0,0.0,Credit Card,C1157
ORD-009080,13/05/2025,Dokki,AX09,1,1813.0,0.0,Installments,C2281
ORD-009079,13/05/2025,Mansoura,SP04,1,11173.0,0.0,Credit Card,C0858
ORD-009069,13/05/2025,Smouha,TB03,1,9728.0,0.0,Visa/Mastercard,C0818
ORD-009071,13/05/2025,Dokki,AX12,2,887.0,0.0,CASH,C2482
ORD-009072,13/05/2025,Heliopolis,AU02,2,8705.0,0.0,Cash,C2016
ORD-009073,13/05/2025,Mansoura,TV04,1,40579.0,0.0,Installments,C0414
ORD-009074,13/05/2025,Heliopolis,AX07,3,743.0,0.0,CASH,
ORD-009075,13/05/2025,6th of October,SP07,1,14575.0,0.0,cash,C1704
ORD-009076,13/05/2025,Miami,AU05,2,3268.0,0.0,credit card,C2023
ORD-009074,13/05/2025,Heliopolis,AX07,3,743.0,0.0,CASH,
ORD-009077,13/05/2025,Mansoura,AC06,1,40469.0,0.0,installments,C1244
ORD-009068,13/05/2025,Smouha,AU02,1,8864.0,0.05,cash,
ORD-009070,13/05/2025,Dokki,SP01,1,16416.0,0.0,cash,C0641
ORD-009078,13/05/2025,Nasr City,AX10,3,457.0,0.0,Cash,C0962
ORD-009090,14/05/2025,Dokki,TB02,1,13882.0,0.0,installments,C0131
ORD-009091,14/05/2025,Smouha,AC01,1,34017.0,0.0,Installments,C0261
ORD-009082,14/05/2025,Dokki,AC01,1,34339.0,0.0,CASH,C0075
ORD-009083,14/05/2025,Mansoura,AX05,4,2468.0,0.0,Credit Card,C1470
ORD-009084,14/05/2025,Mansoura,SP04,1,11192.0,0.0,Mobile Wallet,C1069
ORD-009085,14/05/2025,Smouha,TV05,1,23636.0,0.0,Valu/Installments,C1463
ORD-009086,14/05/2025,Nasr City,AU05,2,3275.0,0.05,Installments,C0650
RET-000053,14/05/2025,Dokki,AX02,-5,345.0,0.0,Cash,C1764
ORD-009088,14/05/2025,Miami,TV04,1,39805.0,0.0,installments,C2063
ORD-009089,14/05/2025,Nasr City,AU02,1,8929.0,0.0,Credit Card,
ORD-009092,14/05/2025,Mansoura,SP01,1,16468.0,0.0,Installments,C1384
ORD-009093,14/05/2025,Dokki,AX02,5,345.0,0.0,Cash,C1764
ORD-009094,14/05/2025,Smouha,AC06,1,41710.0,0.0,Installments,C0467
ORD-009081,14/05/2025,Miami,AC06,1,42309.0,0.0,Installments,C0193
ORD-009087,14/05/2025,Miami,AC01,1,32508.0,0.0,mobile wallet,C0716
ORD-009111,15/05/2025,Nasr City,LP01,1,28186.0,0.0,Installments,C2476
ORD-009109,15/05/2025,Dokki,TB03,1,9428.0,0.0,Installments,
ORD-009107,15/05/2025,Mansoura,SP03,1,58092.0,0.0,mobile wallet,C1096
ORD-009110,15/05/2025,Heliopolis,TB03,1,9449.0,0.0,cash,C2112
ORD-009100,15/05/2025,6th of October,LP04,1,78495.0,0.0,Credit Card,C1993
ORD-009108,15/05/2025,Maadi,AU02,1,8920.0,0.0,installments,C0620
ORD-009112,15/05/2025,Maadi,AX09,4,1842.0,0.05,CASH,C0427
ORD-009095,15/05/2025,Nasr City,KA08,2,5243.0,0.0,Credit Card,C0929
ORD-009104,15/05/2025,6th of October,AC05,1,37978.0,0.0,Installments,C1456
ORD-009105,15/05/2025,Heliopolis,KA07,2,,0.0,credit card,C0192
ORD-009102,15/05/2025,Mansoura,AU01,1,6518.0,0.0,credit card,
ORD-009101,15/05/2025,Maadi,TV03,1,14102.0,0.05,CASH,C1057
ORD-009099,15/05/2025,Nasr City,LP03,1,31186.0,0.0,installments,C0918
ORD-009098,15/05/2025,Miami,TV01,1,32388.0,0.0,Credit Card,C2302
ORD-009097,15/05/2025,Dokki,AC01,1,34503.0,0.0,cash,
ORD-009103,15/05/2025,Dokki,AX04,3,254.0,0.0,CASH,C1394
ORD-009106,15/05/2025,Heliopolis,SP04,1,11545.0,0.05,Visa/Mastercard,C2282
ORD-009096,15/05/2025,Smouha,AC04,1,57042.0,0.0,cash,C0495
ORD-009126,16/05/2025,Heliopolis,KA06,2,12291.0,0.0,Cash,C0484
ORD-009130,16/05/2025,Nasr City,AX09,2,1888.0,0.0,Valu/Installments,C1197
ORD-009127,16/05/2025,Smouha,AX09,5,1799.0,0.0,installments,C0842
ORD-009128,16/05/2025,Dokki,TV03,1,14286.0,0.0,Mobile Wallet,C1482
ORD-009129,16/05/2025,Smouha,AC01,1,34150.0,0.0,Visa/Mastercard,C0644
ORD-009131,16/05/2025,Heliopolis,SP02,1,,0.0,mobile wallet,C1809
ORD-009120,16/05/2025,Maadi,AU02,1,8975.0,0.05,Visa/Mastercard,C0418
ORD-009134,16/05/2025,6th of October,LP05,1,35008.0,0.05,Installments,C0407
ORD-009133,16/05/2025,Heliopolis,AC03,1,26659.0,0.0,installments,C2042
ORD-009135,16/05/2025,Heliopolis,LP03,1,30893.0,0.0,installments,C0632
ORD-009132,16/05/2025,Maadi ,AC01,1,33040.0,0.05,Visa/Mastercard,C2073
ORD-009118,16/05/2025,6th of October,KA06,2,12249.0,0.0,Installments,C0434
ORD-009123,16/05/2025,Nasr City,AC01,1,34134.0,0.0,cash,C2078
ORD-009113,16/05/2025,Smouha,AX08,4,1379.0,0.0,CASH,C0207
ORD-009117,16/05/2025,Heliopolis,TV06,1,89933.0,0.0,Mobile Wallet,
ORD-009122,16/05/2025,Mansoura,AX04,3,255.0,0.0,cash,C0172
ORD-009121,16/05/2025,Miami,AU01,1,6523.0,0.0,CASH,C2304
ORD-009119,16/05/2025,Maadi,AU03,2,13167.0,0.0,Cash,C2498
ORD-009125,16/05/2025,Dokki,KA05,2,9826.0,0.05,cash,C0685
ORD-009114,16/05/2025,6th of October,KA03,1,6851.0,0.0,Cash,C1794
ORD-009116,16/05/2025,Dokki,AX06,3,1170.0,0.0,VF Cash,C0455
ORD-009115,16/05/2025,Dokki,LP06,1,21352.0,0.0,Cash,C1873
ORD-009124,16/05/2025,6th of October,AC01,1,33245.0,0.0,cash,C0432
ORD-009142,17/05/2025,Heliopolis,TV02,1,26516.0,0.0,Valu/Installments,C1703
ORD-009142,17/05/2025,Heliopolis,TV02,1,26516.0,0.0,Valu/Installments,C1703
ORD-009136,17/05/2025,Maadi,AU05,2,3213.0,0.0,cash,C1490
ORD-009137,17/05/2025,Miami,AX02,3,360.0,0.0,Visa/Mastercard,C1371
ORD-009138,17/05/2025,Smouha,AX06,5,1143.0,0.0,credit card,C0565
ORD-009140,17/05/2025,Mansoura,TV01,1,31424.0,0.0,cash,C0827
RET-000011,17/05/2025,Mansoura,TV01,-1,31424.0,0.0,cash,C0827
ORD-009150,17/05/2025,6th of October,TB03,1,9394.0,0.0,Cash,C0702
ORD-009144,17/05/2025,Mansoura,LP02,1,40772.0,0.05,Valu/Installments,C1005
ORD-009152,17/05/2025,Nasr City,KA08,1,5458.0,0.0,Credit Card,C1090
ORD-009153,17/05/2025,Dokki,AU05,2,3274.0,0.0,Installments,C1526
ORD-009162,17/05/2025,Maadi,SP01,1,16682.0,0.0,credit card,C1757
ORD-009161,17/05/2025,Nasr City,LP06,1,21904.0,0.0,Mobile Wallet,C0566
ORD-009160,17/05/2025,Maadi,AX01,5,971.0,0.0,cash,C0935
ORD-009159,17/05/2025,Maadi,AX03,3,556.0,0.0,Visa/Mastercard,C1728
ORD-009158,17/05/2025,Heliopolis,KA02,1,3690.0,0.0,Visa/Mastercard,C2170
ORD-009157,17/05/2025,Maadi,AX03,1,565.0,0.0,VF Cash,C0621
ORD-009139,17/05/2025,Nasr City,SP03,1,57365.0,0.0,Valu/Installments,C0504
ORD-009143,17/05/2025,Dokki,KA08,1,5554.0,0.0,credit card,C0027
ORD-009151,17/05/2025,Miami,AC06,1,41535.0,0.0,installments,C0350
ORD-009149,17/05/2025,Mansoura,AC06,1,42167.0,0.0,Cash,C2069
ORD-009148,17/05/2025,Mansoura,TV06,1,89113.0,0.0,Valu/Installments,C1175
ORD-009155,17/05/2025,Nasr City,AX12,5,905.0,0.0,Visa/Mastercard,C1478
ORD-009147,17/05/2025,Heliopolis,AX04,3,244.0,0.0,Installments,
ORD-009154,17/05/2025,Nasr City,TB03,1,9269.0,0.0,credit card,C1700
ORD-009146,17/05/2025,Smouha,AU02,1,8900.0,0.0,installments,C1399
ORD-009145,17/05/2025,Maadi,LP05,1,35544.0,0.0,credit card,C1941
ORD-009156,17/05/2025,Smouha,AX08,3,1338.0,0.0,installments,C1006
ORD-009141,17/05/2025,Miami,AU05,2,3220.0,0.0,Cash,C1799
ORD-009175,18/05/2025,6th of October,SP01,1,16358.0,0.0,Mobile Wallet,C0348
ORD-009173,18/05/2025,Heliopolis,LP01,1,29013.0,0.0,Credit Card,C2120
ORD-009163,18/05/2025,6th of October,KA02,1,3627.0,0.0,VF Cash,C1694
ORD-009164,18/05/2025,NASR CITY,AC06,1,42137.0,0.0,Valu/Installments,
ORD-009166,18/05/2025,Mansoura,AC04,1,57822.0,0.0,Visa/Mastercard,C1880
ORD-009165,18/05/2025,Dokki,AX06,3,1122.0,0.0,installments,C1677
ORD-009168,18/05/2025,Smouha,AX01,4,975.0,0.0,Credit Card,C1482
ORD-009169,18/05/2025,Nasr City,TB04,1,17426.0,0.0,mobile wallet,C0122
ORD-009170,18/05/2025,nasr city,KA05,2,10012.0,0.0,Installments,C1813
ORD-009172,18/05/2025,Dokki,AC03,1,25389.0,0.0,Mobile Wallet,C0041
ORD-009174,18/05/2025,6th of October,TV03,1,14702.0,0.0,credit card,C0286
ORD-009176,18/05/2025,6th of October,AX10,1,460.0,0.0,CASH,C1386
ORD-009177,18/05/2025,Heliopolis,AX10,4,,0.0,credit card,C1290
RET-000024,18/05/2025,6th of October,TV03,-1,14702.0,0.0,credit card,C0286
ORD-009167,18/05/2025,Mansoura,AX06,4,1174.0,0.05,VF Cash,C2115
ORD-009171,18/05/2025,Smouha,AC01,1,32762.0,0.0,cash,C0597
RET-000121,19/05/2025,Nasr City,TV05,-1,24407.0,0.0,Credit Card,C0252
ORD-009180,19/05/2025,Smouha,AX10,5,445.0,0.0,VF Cash,C1778
ORD-009190,19/05/2025,6th of October,AX12,5,893.0,0.0,CASH,C1718
ORD-009188,19/05/2025,Dokki,KA02,2,3579.0,0.0,Visa/Mastercard,
RET-000033,19/05/2025,6th of October,AC02,-1,46234.0,0.0,Visa/Mastercard,C1646
ORD-009202,19/05/2025,6th of october,KA06,1,12761.0,0.0,cash,C0841
ORD-009201,19/05/2025,Heliopolis,KA03,2,6954.0,0.0,VF Cash,C1828
ORD-009181,19/05/2025,Nasr City,TV05,1,24407.0,0.0,Credit Card,C0252
ORD-009182,19/05/2025,Nasr City,AC03,1,25428.0,0.0,Mobile Wallet,C1611
ORD-009183,19/05/2025,6th of October,TV04,1,40477.0,0.0,installments,C0152
ORD-009184,19/05/2025,Nasr City,AC05,1,38113.0,0.0,mobile wallet,C0619
ORD-009185,19/05/2025,Miami,AC01,1,34233.0,0.0,Installments,C2354
ORD-009189,19/05/2025,Heliopolis,AX01,5,967.0,0.0,cash,C1212
ORD-009186,19/05/2025,Smouha,AC04,1,58551.0,0.0,CASH,C0237
ORD-009187,19/05/2025,Miami,AC06,1,40942.0,0.0,installments,C2130
ORD-009178,19/05/2025,6th of October,AC02,1,46234.0,0.0,Visa/Mastercard,C1646
ORD-009200,19/05/2025,Nasr City,AC02,1,46860.0,0.0,Installments,C1655
ORD-009192,19/05/2025,Nasr City,AX09,1,1856.0,0.0,CASH,C2268
ORD-009193,19/05/2025,Smouha,TV04,1,40119.0,0.0,Mobile Wallet,C1247
ORD-009194,19/05/2025,Dokki,AC02,1,47306.0,0.0,Installments,C1285
ORD-009195,19/05/2025,Nasr City,AU01,2,6415.0,0.0,CASH,C1410
ORD-009196,19/05/2025,Miami,KA07,2,18580.0,0.0,Valu/Installments,C0033
ORD-009197,19/05/2025,Mansoura,LP05,1,35058.0,0.0,Credit Card,C1146
ORD-009198,19/05/2025,Dokki,SP08,1,44787.0,0.0,Valu/Installments,C2162
ORD-009199,19/05/2025,Nasr City,AU05,1,3208.0,0.0,CASH,C0602
ORD-009191,19/05/2025,Miami,TV06,1,89326.0,0.0,Credit Card,C1647
ORD-009179,19/05/2025,Nasr City,AU02,2,8773.0,0.0,Cash,C0674
ORD-009208,20/05/2025,Nasr City,AX02,4,359.0,0.0,CASH,C1657
ORD-009206,20/05/2025,Heliopolis,AC03,1,25974.0,0.0,Credit Card,C1812
ORD-009204,20/05/2025,Heliopolis,TV01,1,32469.0,0.0,Installments,
ORD-009205,20/05/2025,6th of October,KA08,2,5468.0,0.0,cash,
ORD-009207,20/05/2025,Smouha,KA05,2,9757.0,0.0,Mobile Wallet,C1415
ORD-009209,20/05/2025,Heliopolis,TV01,1,32887.0,0.0,Installments,C0809
ORD-009211,20/05/2025,Nasr City,LP03,1,31421.0,0.0,CASH,C0346
ORD-009203,20/05/2025,Mansoura,AC03,1,26480.0,0.0,credit card,C2230
ORD-009216,20/05/2025,Heliopolis,LP01,1,29048.0,0.0,credit card,C0517
ORD-009218,20/05/2025,Mansoura,AC01,1,32846.0,0.0,credit card,C2216
ORD-009217,20/05/2025,Dokki,AX09,3,1890.0,0.0,Installments,C2132
ORD-009210,20/05/2025,Heliopolis,AC03,1,25288.0,0.0,cash,C1236
ORD-009215,20/05/2025,Miami,AC05,1,37586.0,0.0,Installments,C1598
ORD-009214,20/05/2025,Nasr City,AU04,2,1469.0,0.0,CASH,C1371
ORD-009213,20/05/2025,maadi,LP05,1,34986.0,0.0,installments,C2202
ORD-009212,20/05/2025,Dokki,SP04,1,11823.0,0.0,Cash,C0152
ORD-009227,21/05/2025,Nasr City,KA01,1,4184.0,0.05,Visa/Mastercard,C0656
ORD-009228,21/05/2025,Miami,AX08,1,1383.0,0.0,Cash,C0096
ORD-009232,21/05/2025,Maadi,KA08,2,5337.0,0.0,CASH,C1060
ORD-009226,21/05/2025,Miami,AU04,1,1436.0,0.0,Visa/Mastercard,C1396
ORD-009225,21/05/2025,6th of October,KA04,1,24070.0,0.0,Cash,C2136
ORD-009224,21/05/2025,Heliopolis,AX08,4,1355.0,0.05,VF Cash,C1279
ORD-009230,21/05/2025,Mansoura,SP07,1,14286.0,0.0,Cash,C2212
ORD-009221,21/05/2025,Dokki,TB01,1,24950.0,0.0,Cash,C0381
ORD-009220,21/05/2025,Dokki,AX07,2,736.0,0.0,Mobile Wallet,C0876
ORD-009219,21/05/2025,Nasr City,SP03,1,59673.0,0.0,Mobile Wallet,C1163
ORD-009231,21/05/2025,DOKKI,TB02,1,13233.0,0.0,CASH,C2427
ORD-009223,21/05/2025,Nasr City,SP05,1,19508.0,0.0,Visa/Mastercard,C2261
ORD-009229,21/05/2025,Maadi,AU02,2,8872.0,0.0,mobile wallet,C0115
ORD-009222,21/05/2025,DOKKI,AC05,1,37926.0,0.0,CASH,C2096
ORD-009235,22/05/2025,Miami,AX03,1,553.0,0.0,Mobile Wallet,C1245
ORD-009237,22/05/2025,Dokki,AX06,5,1122.0,0.0,Cash,C2070
ORD-009241,22/05/2025,6th of October,TV03,1,14070.0,0.05,credit card,C1528
ORD-009233,22/05/2025,Dokki,AX02,3,345.0,0.0,Mobile Wallet,C0989
ORD-009250,22/05/2025,Heliopolis,KA06,2,12592.0,0.0,Cash,C2345
ORD-009249,22/05/2025,Miami,KA08,1,5352.0,0.0,Valu/Installments,C1221
ORD-009248,22/05/2025,6th of October,AC03,1,26592.0,0.0,installments,C1839
ORD-009236,22/05/2025,Maadi,TB01,1,23885.0,0.0,credit card,C1732
ORD-009246,22/05/2025,Mansoura,SP01,1,16039.0,0.0,Visa/Mastercard,C0196
ORD-009245,22/05/2025,Maadi,SP07,1,14082.0,0.0,Valu/Installments,C0508
ORD-009244,22/05/2025,Smouha,AU05,2,3122.0,0.0,cash,C1452
ORD-009247,22/05/2025,6th of October,AX04,3,248.0,0.0,Mobile Wallet,C0511
ORD-009240,22/05/2025,Mansoura,AC05,1,38223.0,0.0,Installments,C0246
ORD-009242,22/05/2025,Maadi,KA06,2,12280.0,0.0,installments,C1064
ORD-009238,22/05/2025,Smouha,AC06,1,40716.0,0.0,Credit Card,C0453
ORD-009234,22/05/2025,6th of October,KA06,1,12736.0,0.0,cash,
ORD-009243,22/05/2025,Heliopolis,AC01,1,33180.0,0.0,Credit Card,C2079
ORD-009239,22/05/2025,Smouha,KA08,2,5551.0,0.0,Installments,
ORD-009264,23/05/2025,Smouha,TV04,1,42222.0,0.0,installments,C1166
ORD-009256,23/05/2025,Miami,AX09,2,1858.0,0.0,Valu/Installments,C2383
ORD-009251,23/05/2025,Smouha,AX08,1,1317.0,0.0,cash,C0022
ORD-009252,23/05/2025,Smouha,KA05,1,10026.0,0.0,credit card,C1857
ORD-009253,23/05/2025,Dokki,SP03,1,57708.0,0.0,Visa/Mastercard,
ORD-009254,23/05/2025,Heliopolis,AX05,5,2393.0,0.0,installments,C1389
ORD-009255,23/05/2025,Maadi,AX02,1,350.0,0.0,Credit Card,C0968
ORD-009260,23/05/2025,Smouha,TV02,1,26261.0,0.0,Valu/Installments,C0958
ORD-009259,23/05/2025,Smouha,SP04,1,11193.0,0.0,mobile wallet,C2440
ORD-009265,23/05/2025,Miami,AX11,2,406.0,0.0,Cash,C2347
ORD-009273,23/05/2025,Nasr City,AU03,1,13739.0,0.0,VF Cash,C2386
ORD-009271,23/05/2025,Dokki,AU05,2,3180.0,0.05,Mobile Wallet,C1343
ORD-009270,23/05/2025,Nasr City,SP06,1,9711.0,0.0,credit card,C0432
ORD-009269,23/05/2025,Smouha,AC04,1,58455.0,0.0,Credit Card,C1015
ORD-009268,23/05/2025,6th of October,AX07,1,745.0,0.0,Installments,C2129
ORD-009258,23/05/2025,Smouha,AX06,1,1163.0,0.0,Cash,C2185
ORD-009267,23/05/2025,6th of October,AX09,4,1853.0,0.0,credit card,C1547
ORD-009257,23/05/2025,6th of October,AX02,1,346.0,0.0,cash,C2317
ORD-009266,23/05/2025,Nasr City,TV05,1,23818.0,0.0,Valu/Installments,C0574
ORD-009261,23/05/2025,Nasr City,KA01,1,4326.0,0.0,mobile wallet,C1435
RET-000082,23/05/2025,6th of October,AX09,-4,1853.0,0.0,credit card,C1547
ORD-009263,23/05/2025,Dokki,AU02,2,8777.0,0.0,Visa/Mastercard,
ORD-009272,23/05/2025,SMOUHA,TB02,1,13252.0,0.0,Credit Card,C2116
ORD-009262,23/05/2025,Dokki,AX09,2,1878.0,0.0,mobile wallet,C1226
ORD-009278,24/05/2025,Miami,AC01,1,32512.0,0.0,Installments,C0601
ORD-009274,24/05/2025,Heliopolis,AX07,2,759.0,0.0,Visa/Mastercard,C0789
ORD-009277,24/05/2025,Dokki,AX06,4,1181.0,0.0,Installments,C0402
ORD-009279,24/05/2025,Smouha,KA03,1,6889.0,0.0,Visa/Mastercard,C1744
ORD-009280,24/05/2025,Maadi,TB04,1,17768.0,0.0,Visa/Mastercard,C1688
ORD-009281,24/05/2025,Mansoura,KA07,1,18014.0,0.0,cash,C0336
ORD-009283,24/05/2025,Nasr City,KA05,1,9702.0,0.05,credit card,C0255
ORD-009285,24/05/2025,6th of October,AU04,1,1484.0,0.0,Credit Card,C0533
ORD-009276,24/05/2025,6th of October,AC04,1,56883.0,0.0,CASH,C1861
ORD-009286,24/05/2025,Maadi,SP06,1,9612.0,0.0,CASH,C1951
ORD-009289,24/05/2025,Maadi,AC06,1,41982.0,0.0,installments,C0320
ORD-009290,24/05/2025,6TH OF OCTOBER,AX10,3,445.0,0.0,Cash,C1513
ORD-009291,24/05/2025,Maadi,AU01,2,6694.0,0.0,Credit Card,C2156
ORD-009293,24/05/2025,Dokki,AX12,5,891.0,0.0,CASH,C1650
ORD-009287,24/05/2025,6th of October,SP06,1,9543.0,0.0,CASH,C0880
ORD-009284,24/05/2025,Miami,AC05,1,39598.0,0.0,Credit Card,C1741
ORD-009288,24/05/2025,6th of October,AX11,4,402.0,0.05,Visa/Mastercard,C1828
ORD-009275,24/05/2025,6th of October,AU03,1,13709.0,0.0,Credit Card,C1480
ORD-009292,24/05/2025,Smouha,AX11,2,398.0,0.0,cash,
ORD-009282,24/05/2025,Maadi,AX12,2,919.0,0.0,Cash,C0378
ORD-009308,25/05/2025,Heliopolis,AX02,5,340.0,0.0,Mobile Wallet,C2072
ORD-009309,25/05/2025,MANSOURA,AX09,2,1892.0,0.0,Visa/Mastercard,C0521
ORD-009310,25/05/2025,Heliopolis,TV03,1,14214.0,0.0,Cash,C1986
ORD-009303,25/05/2025,Maadi,AX05,1,2480.0,0.0,installments,C1803
ORD-009307,25/05/2025,Nasr City,AX06,1,1180.0,0.0,Cash,C0592
ORD-009302,25/05/2025,Smouha,AX10,2,443.0,0.0,Installments,C1735
ORD-009298,25/05/2025,Nasr City,AU04,2,1461.0,0.0,CASH,C1081
ORD-009300,25/05/2025,Heliopolis,KA07,2,18937.0,0.0,Valu/Installments,C2044
ORD-009299,25/05/2025,Heliopolis,AX07,1,749.0,0.0,Installments,C2394
ORD-009297,25/05/2025,6th of October,SP07,1,14731.0,0.0,Credit Card,C1618
ORD-009296,25/05/2025,MAADI,TB03,1,9567.0,0.0,Visa/Mastercard,C2126
ORD-009295,25/05/2025,Dokki ,KA02,1,3542.0,0.0,Credit Card,C2290
ORD-009294,25/05/2025,Smouha,KA06,2,12796.0,0.0,Valu/Installments,C2410
ORD-009301,25/05/2025,Miami,AX11,3,409.0,0.0,Mobile Wallet,
ORD-009305,25/05/2025,Mansoura,AC03,1,26234.0,0.0,cash,C1708
ORD-009304,25/05/2025,6th of October,AX08,4,1390.0,0.0,Credit Card,C2006
ORD-009306,25/05/2025,6th of October,KA03,2,6742.0,0.0,mobile wallet,C0668
ORD-009316,26/05/2025,Dokki,AC06,1,40391.0,0.0,credit card,C0871
ORD-009322,26/05/2025,Smouha,AX02,3,346.0,0.0,credit card,C2290
ORD-009319,26/05/2025,Smouha,AX11,3,398.0,0.0,mobile wallet,C1939
ORD-009318,26/05/2025,Maadi,KA04,1,25090.0,0.0,credit card,C1866
ORD-009317,26/05/2025,Heliopolis,AU02,1,8751.0,0.0,CASH,
ORD-009313,26/05/2025,Nasr City,SP04,1,11838.0,0.0,Valu/Installments,C2103
ORD-009315,26/05/2025,6th of October,AC03,1,25548.0,0.0,CASH,C0484
ORD-009314,26/05/2025,Smouha,KA08,1,5419.0,0.0,credit card,C2168
ORD-009312,26/05/2025,Miami,AC03,1,25585.0,0.0,Valu/Installments,C0530
ORD-009311,26/05/2025,Mansoura,SP03,1,56953.0,0.0,installments,C1875
ORD-009320,26/05/2025,Smouha,AX10,5,441.0,0.0,cash,C0134
ORD-009321,26/05/2025,Maadi,AX07,2,735.0,0.0,Cash,C0643
ORD-009326,26/05/2025,6th of October,SP07,1,14839.0,0.05,Cash,C1674
ORD-009323,26/05/2025,6th of October,KA06,1,12223.0,0.0,Credit Card,C1513
ORD-009324,26/05/2025,Maadi,LP03,1,31631.0,0.0,Valu/Installments,C0487
ORD-009327,26/05/2025,Dokki,TB02,1,13842.0,0.0,credit card,C0452
ORD-009325,26/05/2025,6th of October,AX11,3,399.0,0.0,Installments,C2465
ORD-009328,27/05/2025,6th of October,AX06,5,1157.0,0.0,cash,C0496
ORD-009344,27/05/2025,Nasr City,LP05,1,35975.0,0.0,Valu/Installments,C0583
ORD-009343,27/05/2025,Nasr City,TB01,1,24605.0,0.0,Installments,C0586
ORD-009341,27/05/2025,Dokki ,TV01,1,32943.0,0.0,Valu/Installments,C1991
ORD-009340,27/05/2025,Smouha,AX02,5,,0.0,cash,C1205
ORD-009342,27/05/2025,Dokki,KA04,2,23892.0,0.0,Visa/Mastercard,C0115
ORD-009337,27/05/2025,Smouha,AX11,2,392.0,0.0,Visa/Mastercard,C1249
ORD-009338,27/05/2025,Miami,AX12,4,895.0,0.0,credit card,C1534
ORD-009335,27/05/2025,Heliopolis,LP02,1,41063.0,0.0,Credit Card,C0483
ORD-009334,27/05/2025,Dokki,AC02,1,47776.0,0.0,Installments,C0628
ORD-009333,27/05/2025,6th of October,LP05,1,36183.0,0.0,Visa/Mastercard,C2142
ORD-009332,27/05/2025,Maadi,AC03,1,26343.0,0.0,Visa/Mastercard,C0165
ORD-009331,27/05/2025,Smouha,AX12,1,887.0,0.0,cash,C1187
ORD-009330,27/05/2025,Smouha,AU03,2,13185.0,0.0,Cash,C2342
ORD-009329,27/05/2025,Heliopolis,AU05,2,3156.0,0.0,Credit Card,C1514
ORD-009336,27/05/2025,Smouha,AC01,1,34384.0,0.0,Cash,C1522
ORD-009339,27/05/2025,Nasr City,SP01,1,16919.0,0.0,CASH,C1243
ORD-009358,28/05/2025,Nasr City,AX04,5,257.0,0.0,Visa/Mastercard,C0184
ORD-009345,28/05/2025,Heliopolis,AX11,5,393.0,0.05,Mobile Wallet,C2416
ORD-009346,28/05/2025,Heliopolis,SP02,1,51644.0,0.0,Installments,C1728
ORD-009347,28/05/2025,Maadi,SP03,1,58626.0,0.0,Valu/Installments,C0200
ORD-009349,28/05/2025,Smouha,LP03,1,30918.0,0.0,CASH,C1162
ORD-009353,28/05/2025,Heliopolis,AU03,2,13529.0,0.0,Valu/Installments,C0009
ORD-009351,28/05/2025,Heliopolis,AX11,3,404.0,0.0,credit card,C0750
ORD-009350,28/05/2025,6th of October,TB04,1,17029.0,0.0,cash,C0884
ORD-009361,28/05/2025,Smouha,SP04,1,11566.0,0.0,Credit Card,C2348
ORD-009348,28/05/2025,Dokki,TV06,1,86996.0,0.0,Installments,C1250
ORD-009360,28/05/2025,Miami,AX12,3,900.0,0.0,cash,C1971
ORD-009359,28/05/2025,Heliopolis,KA01,1,4257.0,0.0,Credit Card,C1711
ORD-009355,28/05/2025,Smouha,TB02,1,13452.0,0.0,mobile wallet,C2243
ORD-009354,28/05/2025,Smouha,AC04,1,57405.0,0.0,Valu/Installments,C0502
ORD-009353,28/05/2025,Heliopolis,AU03,2,13529.0,0.0,Valu/Installments,C0009
ORD-009352,28/05/2025,Heliopolis,KA08,1,5363.0,0.0,Mobile Wallet,C2003
ORD-009357,28/05/2025,Smouha,LP06,1,,0.0,Installments,C0277
ORD-009362,28/05/2025,Nasr City,AC01,1,33267.0,0.0,Installments,C1269
ORD-009356,28/05/2025,Miami,LP02,1,41897.0,0.0,Visa/Mastercard,C1429
ORD-009365,29/05/2025,Smouha,LP06,1,22116.0,0.0,credit card,C1384
ORD-009367,29/05/2025,Maadi,AU01,2,6470.0,0.0,Valu/Installments,C1947
ORD-009366,29/05/2025,Nasr City,KA06,1,12292.0,0.0,Installments,C1546
ORD-009364,29/05/2025,Nasr City,AC03,1,25836.0,0.0,Installments,C1853
ORD-009370,29/05/2025,Miami,KA06,1,12527.0,0.0,VF Cash,C0568
ORD-009371,29/05/2025,Dokki,AX08,5,1328.0,0.0,Cash,
ORD-009372,29/05/2025,Nasr City,AC02,1,47322.0,0.0,installments,C2068
ORD-009373,29/05/2025,Dokki,AX12,5,914.0,0.0,Credit Card,C1888
ORD-009363,29/05/2025,Miami,AU01,1,6377.0,0.0,installments,C2318
RET-000107,29/05/2025,Miami,AX12,-1,884.0,0.0,Credit Card,C0544
ORD-009368,29/05/2025,Maadi,LP04,1,77819.0,0.0,Installments,C2481
ORD-009374,29/05/2025,Smouha,AC06,1,42550.0,0.0,installments,C1843
ORD-009369,29/05/2025,Miami,AX12,1,884.0,0.0,Credit Card,C0544
ORD-009391,30/05/2025,6th of October,AX03,4,559.0,0.0,credit card,C2343
ORD-009376,30/05/2025,6th of October,LP03,1,,0.0,credit card,C0611
ORD-009396,30/05/2025,Maadi,AC02,1,45342.0,0.0,Valu/Installments,C0349
ORD-009377,30/05/2025,Maadi,KA05,2,9534.0,0.0,cash,C1333
ORD-009395,30/05/2025,6th of october,AX10,2,446.0,0.0,Credit Card,C2292
ORD-009394,30/05/2025,Miami,TV06,1,89846.0,0.0,Valu/Installments,C0508
ORD-009393,30/05/2025,Maadi,KA04,2,23797.0,0.0,credit card,C2299
ORD-009392,30/05/2025,Smouha,KA01,2,4166.0,0.0,Visa/Mastercard,C1266
ORD-009390,30/05/2025,Dokki,AU01,2,6396.0,0.0,cash,C0102
ORD-009389,30/05/2025,Miami,AU05,1,3149.0,0.0,credit card,C0679
ORD-009375,30/05/2025,MAADI,AX01,4,936.0,0.0,Visa/Mastercard,C1840
ORD-009388,30/05/2025,Mansoura,SP05,1,19189.0,0.0,Cash,C0363
ORD-009387,30/05/2025,Heliopolis,AU04,2,1456.0,0.0,VF Cash,C1137
ORD-009384,30/05/2025,Heliopolis,AX08,4,1377.0,0.0,CASH,C2216
ORD-009383,30/05/2025,Mansoura,AX05,2,2464.0,0.0,VF Cash,C1389
ORD-009382,30/05/2025,nasr city,AC03,1,26267.0,0.0,mobile wallet,C1620
ORD-009381,30/05/2025,Dokki ,TB02,1,13251.0,0.0,Mobile Wallet,C0954
ORD-009380,30/05/2025,Heliopolis,AU05,2,3284.0,0.0,CASH,C1587
ORD-009379,30/05/2025,Maadi ,SP03,1,59227.0,0.0,Valu/Installments,C1678
ORD-009378,30/05/2025,Mansoura,KA01,1,4115.0,0.0,cash,C0366
ORD-009386,30/05/2025,Mansoura,AX09,4,1869.0,0.0,Valu/Installments,C1815
ORD-009385,30/05/2025,Smouha,AU02,2,9059.0,0.0,Credit Card,C0188
ORD-009403,31/05/2025,6th of October,SP08,1,44616.0,0.05,Credit Card,C2138
ORD-009400,31/05/2025,Miami,AC04,1,59915.0,0.0,Visa/Mastercard,C2363
ORD-009413,31/05/2025,Maadi,SP01,1,16114.0,0.0,Cash,C0843
ORD-009404,31/05/2025,Miami,AU01,1,6385.0,0.05,CASH,C0776
ORD-009415,31/05/2025,Maadi,SP03,1,56279.0,0.0,credit card,C2374
ORD-009406,31/05/2025,dokki,AU05,2,3109.0,0.0,cash,C2059
ORD-009426,31/05/2025,Dokki,AX03,3,538.0,0.0,Visa/Mastercard,C2014
RET-000067,31/05/2025,dokki,AU05,-2,3109.0,0.0,cash,C2059
ORD-009397,31/05/2025,Maadi,AU03,1,13640.0,0.0,VF Cash,
ORD-009398,31/05/2025,Dokki,AX11,1,391.0,0.0,installments,C0789
ORD-009425,31/05/2025,Heliopolis,AX05,5,2455.0,0.0,Visa/Mastercard,
ORD-009402,31/05/2025,Dokki,TV06,1,87824.0,0.0,VF Cash,C2336
ORD-009424,31/05/2025,Dokki,AX06,4,1154.0,0.0,Credit Card,C0185
ORD-009423,31/05/2025,Heliopolis,KA05,2,9621.0,0.0,Credit Card,C2413
ORD-009422,31/05/2025,Smouha,AU02,1,8861.0,0.0,credit card,C1646
ORD-009421,31/05/2025,Mansoura,AC04,1,58985.0,0.0,Credit Card,C1313
ORD-009420,31/05/2025,Nasr City,AX06,4,1165.0,0.0,Cash,C2486
ORD-009419,31/05/2025,Heliopolis,AX06,1,1124.0,0.0,mobile wallet,C2186
ORD-009418,31/05/2025,Mansoura,AX07,1,731.0,0.05,cash,C0347
ORD-009417,31/05/2025,Heliopolis,KA08,2,5499.0,0.0,VF Cash,
ORD-009416,31/05/2025,Nasr City,AU02,1,8919.0,0.0,Installments,C1820
ORD-009401,31/05/2025,Dokki,AX03,5,546.0,0.0,Visa/Mastercard,C0217
ORD-009414,31/05/2025,Maadi,KA04,2,23870.0,0.0,Mobile Wallet,C1005
ORD-009412,31/05/2025,Miami,AX11,3,400.0,0.0,CASH,C1127
ORD-009411,31/05/2025,Miami,LP04,1,79534.0,0.0,Mobile Wallet,C0078
ORD-009410,31/05/2025,6th of October,AX03,5,549.0,0.0,VF Cash,C0737
ORD-009409,31/05/2025,Nasr City,LP01,1,28478.0,0.0,Installments,C2179
ORD-009408,31/05/2025,6th of October,SP04,1,11796.0,0.05,Visa/Mastercard,C0493
ORD-009407,31/05/2025,Heliopolis,AX05,3,2443.0,0.0,cash,C0077
ORD-009405,31/05/2025,MAADI,SP04,1,11352.0,0.0,Visa/Mastercard,C1950
ORD-009399,31/05/2025,Maadi,TV01,1,31842.0,0.0,Valu/Installments,C2220
ORD-009437,01/06/2025,Nasr City,LP06,1,21382.0,0.0,cash,C0373
ORD-009439,01/06/2025,Smouha,AC02,1,46278.0,0.0,Credit Card,C0407
ORD-009446,01/06/2025,Mansoura,AX11,1,397.0,0.0,cash,C0368
ORD-009432,01/06/2025,6th of October,AC03,1,25908.0,0.0,Cash,C0099
ORD-009433,01/06/2025,Heliopolis,KA02,1,3639.0,0.0,Credit Card,C2163
ORD-009434,01/06/2025,MIAMI,AC05,1,38908.0,0.0,Visa/Mastercard,C1300
ORD-009435,01/06/2025,Dokki,SP01,1,16488.0,0.0,cash,C1565
ORD-009436,01/06/2025,Dokki,AC01,1,33467.0,0.0,credit card,C1054
ORD-009438,01/06/2025,Miami,AC05,1,38551.0,0.0,Valu/Installments,C0470
ORD-009430,01/06/2025,Dokki,AU01,2,6526.0,0.0,cash,C0740
ORD-009441,01/06/2025,Mansoura,AX10,4,437.0,0.0,Credit Card,C0689
ORD-009442,01/06/2025,Mansoura,AC06,1,40328.0,0.05,CASH,C1169
ORD-009443,01/06/2025,MIAMI,SP04,1,11623.0,0.0,cash,C0590
ORD-009444,01/06/2025,Dokki,AU02,2,9055.0,0.0,cash,C0749
ORD-009445,01/06/2025,Smouha,SP06,1,9984.0,0.0,Visa/Mastercard,C1047
ORD-009440,01/06/2025,Heliopolis,SP03,1,58142.0,0.0,Installments,C2220
ORD-009427,01/06/2025,Miami,TV05,1,24635.0,0.0,Visa/Mastercard,C0096
RET-000079,01/06/2025,Miami,TV05,-1,24635.0,0.0,Visa/Mastercard,C0096
ORD-009428,01/06/2025,Mansoura,AU04,1,1451.0,0.0,cash,C1393
ORD-009431,01/06/2025,6th of October,KA08,2,5413.0,0.05,mobile wallet,C1700
ORD-009429,01/06/2025,6th of October,AU05,2,3182.0,0.0,Cash,C1791
ORD-009459,02/06/2025,Miami,TB01,1,24427.0,0.0,Valu/Installments,C1311
ORD-009463,02/06/2025,6th of October,TV06,1,86608.0,0.0,Valu/Installments,C1328
ORD-009460,02/06/2025,Smouha,AU03,1,13336.0,0.0,CASH,C0584
ORD-009454,02/06/2025,6th of October,AX09,5,1832.0,0.0,cash,C0112
ORD-009451,02/06/2025,Maadi ,AC02,1,45530.0,0.0,credit card,C0242
ORD-009456,02/06/2025,Maadi ,SP03,1,58853.0,0.0,Valu/Installments,C1221
ORD-009464,02/06/2025,Nasr City,KA08,1,5429.0,0.0,cash,C1057
ORD-009457,02/06/2025,Heliopolis,AX03,1,564.0,0.0,VF Cash,C1598
ORD-009458,02/06/2025,Nasr City,KA08,1,5287.0,0.0,CASH,C0405
ORD-009450,02/06/2025,Maadi,AX07,1,743.0,0.0,cash,C0694
ORD-009449,02/06/2025,Heliopolis,AX07,2,772.0,0.0,Mobile Wallet,C1669
ORD-009455,02/06/2025,6th of October,AC01,1,33857.0,0.0,Valu/Installments,C0240
ORD-009452,02/06/2025,Miami,LP06,1,21472.0,0.0,Installments,C1333
ORD-009465,02/06/2025,Nasr City,AX09,1,1901.0,0.0,Visa/Mastercard,C1539
ORD-009448,02/06/2025,Heliopolis,SP02,1,53220.0,0.0,Valu/Installments,C1257
ORD-009466,02/06/2025,Nasr City,KA03,1,6998.0,0.0,Installments,C0496
ORD-009447,02/06/2025,Nasr City,AX09,5,1875.0,0.0,Cash,C0632
ORD-009462,02/06/2025,6th of October,AU02,1,9037.0,0.0,Mobile Wallet,C1691
ORD-009461,02/06/2025,Heliopolis,TB02,1,13502.0,0.0,Installments,
ORD-009467,02/06/2025,Miami,TV01,1,32160.0,0.0,CASH,C0213
ORD-009453,02/06/2025,Heliopolis,AU01,1,6571.0,0.0,Mobile Wallet,C0744
ORD-009468,03/06/2025,Heliopolis,AU02,1,8644.0,0.0,cash,
ORD-009470,03/06/2025,6th of October,AU04,2,1460.0,0.0,cash,
ORD-009471,03/06/2025,6th of October,KA06,1,12503.0,0.0,mobile wallet,C0982
ORD-009473,03/06/2025,Mansoura,AX06,1,1129.0,0.0,Credit Card,C2446
ORD-009472,03/06/2025,dokki,AX09,2,1819.0,0.0,cash,
ORD-009481,03/06/2025,Smouha,TB02,1,13547.0,0.0,cash,C0472
RET-000095,03/06/2025,Smouha,TB02,-1,13547.0,0.0,cash,C0472
ORD-009483,03/06/2025,Smouha,AC06,1,42121.0,0.0,CASH,C0249
ORD-009480,03/06/2025,Dokki,AX02,4,346.0,0.0,VF Cash,C1578
ORD-009474,03/06/2025,Nasr City,KA08,2,5558.0,0.0,CASH,C2401
ORD-009475,03/06/2025,Dokki,AX04,3,249.0,0.0,credit card,C0969
ORD-009476,03/06/2025,6th of october,AX01,2,961.0,0.0,Cash,C2020
ORD-009477,03/06/2025,Maadi,TB03,1,9498.0,0.0,CASH,
ORD-009478,03/06/2025,mansoura,AX07,5,766.0,0.0,cash,C2084
ORD-009479,03/06/2025,6th of October,AX12,2,887.0,0.0,Credit Card,C2067
ORD-009469,03/06/2025,Dokki,AX05,3,2522.0,0.05,Valu/Installments,C0830
ORD-009482,03/06/2025,nasr city,AX10,2,458.0,0.0,installments,C1104
ORD-009484,04/06/2025,Dokki,AX04,4,251.0,0.0,Cash,C1304
ORD-009496,04/06/2025,dokki,SP02,1,50604.0,0.0,Valu/Installments,C2270
ORD-009495,04/06/2025,6th of October,TB03,1,9477.0,0.0,Mobile Wallet,C1103
ORD-009494,04/06/2025,DOKKI,AC01,1,33306.0,0.0,installments,C0077
ORD-009493,04/06/2025,Nasr City,AC04,1,59398.0,0.0,credit card,C0958
ORD-009492,04/06/2025,6th of October,SP06,1,9854.0,0.0,Cash,
ORD-009490,04/06/2025,Dokki,AX01,2,940.0,0.0,cash,C0119
ORD-009489,04/06/2025,Miami,KA04,1,24140.0,0.0,cash,C1984
ORD-009488,04/06/2025,Heliopolis,SP06,1,9906.0,0.0,credit card,C0269
ORD-009487,04/06/2025,Smouha,AX03,3,565.0,0.0,credit card,C1668
ORD-009486,04/06/2025,Nasr City,LP04,1,77986.0,0.0,Installments,C2266
ORD-009485,04/06/2025,Heliopolis,AU04,2,1409.0,0.0,Visa/Mastercard,C1904
ORD-009491,04/06/2025,6th of October,KA02,1,3598.0,0.0,Visa/Mastercard,C1670
ORD-009510,05/06/2025,6th of October,TV01,1,32770.0,0.0,Valu/Installments,C1530
RET-000057,05/06/2025,6th of October,AX01,-3,922.0,0.0,credit card,C1248
ORD-009509,05/06/2025,Dokki,AX11,2,400.0,0.0,CASH,C0584
ORD-009507,05/06/2025,Dokki,SP05,1,19869.0,0.0,Cash,C2050
ORD-009515,05/06/2025,Dokki,AX01,2,976.0,0.05,Cash,C1736
ORD-009514,05/06/2025,Maadi,AC04,1,57322.0,0.0,installments,C2202
ORD-009506,05/06/2025,Maadi,AC03,1,26391.0,0.0,cash,C0344
RET-000026,05/06/2025,Maadi,KA01,-2,4147.0,0.0,CASH,C2273
ORD-009504,05/06/2025,Mansoura,LP01,1,28216.0,0.0,Installments,C1667
ORD-009503,05/06/2025,6th of October,AX11,4,392.0,0.0,Cash,C2328
ORD-009502,05/06/2025,6th of October,AX01,3,922.0,0.0,credit card,C1248
ORD-009501,05/06/2025,Miami,SP05,1,19719.0,0.0,installments,C0515
ORD-009516,05/06/2025,Heliopolis,SP08,1,45865.0,0.0,Visa/Mastercard,C2274
ORD-009500,05/06/2025,Maadi,KA01,2,4147.0,0.0,CASH,C2273
ORD-009498,05/06/2025,Smouha,TB02,1,13268.0,0.0,Cash,C0416
ORD-009497,05/06/2025,Miami,AX11,2,399.0,0.0,installments,C2401
ORD-009505,05/06/2025,Maadi,SP05,1,19587.0,0.0,Visa/Mastercard,C1827
ORD-009511,05/06/2025,Nasr City,AC01,1,33699.0,0.0,Installments,C2214
ORD-009512,05/06/2025,Heliopolis,SP05,1,18993.0,0.0,CASH,C0689
ORD-009513,05/06/2025,Miami,AX12,5,926.0,0.0,Credit Card,C1005
ORD-009499,05/06/2025,Maadi,KA05,1,9693.0,0.0,credit card,C1009
ORD-009508,05/06/2025,Maadi,LP06,1,22255.0,0.0,credit card,C0834
ORD-009522,06/06/2025,Smouha,AX09,1,1816.0,0.0,VF Cash,C0686
ORD-009542,06/06/2025,Heliopolis,AC05,1,38537.0,0.0,Cash,C2307
ORD-009530,06/06/2025,Mansoura,KA08,1,5532.0,0.0,VF Cash,C1028
ORD-009523,06/06/2025,Smouha,KA03,2,6773.0,0.0,VF Cash,C0003
ORD-009525,06/06/2025,6th of October,AU03,2,13905.0,0.0,credit card,C0247
ORD-009517,06/06/2025,Dokki,AC06,1,41934.0,0.0,credit card,C1851
ORD-009543,06/06/2025,Nasr City,AC01,1,34314.0,0.0,CASH,C0287
ORD-009519,06/06/2025,Dokki,SP04,1,11711.0,0.0,credit card,C0005
ORD-009521,06/06/2025,Miami,AX03,1,535.0,0.0,Valu/Installments,C1185
ORD-009541,06/06/2025,Heliopolis,AC01,1,33936.0,0.0,Installments,C2188
ORD-009540,06/06/2025,Dokki,AX05,5,2380.0,0.0,VF Cash,C0662
ORD-009539,06/06/2025,Miami,AU05,2,3106.0,0.0,credit card,C0187
ORD-009538,06/06/2025,Maadi,TV03,1,14611.0,0.0,Credit Card,
ORD-009537,06/06/2025,Miami,AX05,3,2477.0,0.0,Cash,C1153
ORD-009536,06/06/2025,Miami,KA05,2,9721.0,0.0,Mobile Wallet,C2091
ORD-009535,06/06/2025,Miami,AC01,1,34112.0,0.0,Credit Card,C2397
ORD-009527,06/06/2025,Heliopolis,TV01,1,31129.0,0.0,Installments,C1120
ORD-009534,06/06/2025,Dokki,KA08,2,5345.0,0.0,Credit Card,C0872
ORD-009533,06/06/2025,Miami,AU04,1,1450.0,0.0,installments,C1440
ORD-009532,06/06/2025,Maadi,KA01,2,4176.0,0.0,mobile wallet,C1558
ORD-009520,06/06/2025,Mansoura,TB02,1,13460.0,0.0,mobile wallet,C1904
ORD-009531,06/06/2025,Heliopolis,LP06,1,21869.0,0.0,VF Cash,
ORD-009529,06/06/2025,Maadi,LP02,1,41046.0,0.0,credit card,C2449
ORD-009528,06/06/2025,Heliopolis,AX02,5,355.0,0.0,cash,
ORD-009518,06/06/2025,Nasr City,AX04,3,257.0,0.0,installments,C0172
RET-000068,06/06/2025,Dokki,KA08,-2,5345.0,0.0,Credit Card,C0872
ORD-009524,06/06/2025,Miami,SP07,1,14400.0,0.0,cash,
ORD-009526,06/06/2025,Dokki,LP04,1,78851.0,0.0,Installments,C1976
ORD-009548,07/06/2025,Maadi,AX04,1,252.0,0.0,VF Cash,C0573
ORD-009550,07/06/2025,Dokki,AU05,1,3182.0,0.0,Installments,
ORD-009551,07/06/2025,Smouha,AX05,5,2447.0,0.0,Cash,
ORD-009552,07/06/2025,Heliopolis,AX10,2,453.0,0.0,CASH,C1145
ORD-009553,07/06/2025,Maadi,KA01,2,4150.0,0.0,cash,C1770
ORD-009557,07/06/2025,Dokki,KA05,1,9627.0,0.0,mobile wallet,C1404
ORD-009555,07/06/2025,Mansoura,SP07,1,14644.0,0.0,Credit Card,C2068
ORD-009556,07/06/2025,Nasr City,SP03,1,57850.0,0.0,cash,C1304
ORD-009545,07/06/2025,6th of October,TV01,1,32478.0,0.0,Installments,C0368
ORD-009544,07/06/2025,NASR CITY,AX09,1,1891.0,0.05,cash,C1232
ORD-009561,07/06/2025,Heliopolis,AX12,1,920.0,0.0,VF Cash,C1008
ORD-009562,07/06/2025,6th of October,AX01,1,954.0,0.0,Mobile Wallet,C1318
ORD-009563,07/06/2025,SMOUHA,SP03,1,59181.0,0.05,Valu/Installments,C1400
ORD-009564,07/06/2025,Mansoura,KA04,2,25213.0,0.0,Credit Card,
ORD-009565,07/06/2025,Smouha,TV04,1,41848.0,0.0,Valu/Installments,C0863
ORD-009558,07/06/2025,6th of October,AX02,2,358.0,0.0,cash,C1071
ORD-009559,07/06/2025,Maadi,AC02,1,46847.0,0.0,CASH,C1855
ORD-009549,07/06/2025,6th of October,SP05,1,19358.0,0.0,mobile wallet,C2280
RET-000097,07/06/2025,6th of October,TV01,-1,32478.0,0.0,Installments,C0368
ORD-009547,07/06/2025,Nasr City,AX01,5,976.0,0.0,Cash,C0504
ORD-009546,07/06/2025,DOKKI,AU04,2,1445.0,0.0,credit card,C1620
ORD-009554,07/06/2025,Miami,AC05,1,38895.0,0.0,Mobile Wallet,C0864
ORD-009560,07/06/2025,Smouha,AC02,1,46639.0,0.0,Cash,C1119
RET-000008,08/06/2025,6th of October,AX11,-3,398.0,0.0,Cash,C2494
ORD-009584,08/06/2025,Miami,KA03,1,6637.0,0.0,credit card,C2207
ORD-009583,08/06/2025,Nasr City,AU03,2,13572.0,0.0,CASH,C0318
ORD-009582,08/06/2025,Nasr City,LP04,1,79383.0,0.0,CASH,C0333
ORD-009581,08/06/2025,Smouha,AX08,5,1323.0,0.0,Installments,C2205
ORD-009580,08/06/2025,Miami,TB04,1,17199.0,0.0,Credit Card,C1609
ORD-009578,08/06/2025,Nasr City,SP07,1,14202.0,0.0,cash,C2277
ORD-009577,08/06/2025,Heliopolis,AX04,1,247.0,0.0,Installments,C1693
ORD-009576,08/06/2025,Dokki,AX04,5,250.0,0.0,credit card,C0711
ORD-009575,08/06/2025,Mansoura,AU02,1,9086.0,0.0,CASH,C0040
ORD-009574,08/06/2025,Mansoura,AX08,2,1324.0,0.0,cash,C0018
ORD-009571,08/06/2025,Miami,AX04,5,254.0,0.0,Credit Card,C0009
ORD-009586,08/06/2025,mansoura,AC03,1,25404.0,0.0,Valu/Installments,C1824
ORD-009572,08/06/2025,6th of October,AX11,3,398.0,0.0,Cash,C2494
ORD-009569,08/06/2025,Nasr City,SP06,1,9632.0,0.0,Credit Card,C0066
ORD-009567,08/06/2025,6th of October,AU02,1,9061.0,0.0,Cash,C2456
ORD-009568,08/06/2025,Mansoura,AX05,3,2433.0,0.0,Cash,C1346
ORD-009566,08/06/2025,Nasr City,KA05,1,9556.0,0.0,Visa/Mastercard,C1884
RET-000070,08/06/2025,miami,TB01,-1,24098.0,0.0,installments,C2003
ORD-009570,08/06/2025,Nasr City,KA05,1,9799.0,0.0,CASH,C0548
ORD-009579,08/06/2025,miami,TB01,1,24098.0,0.0,installments,C2003
ORD-009573,08/06/2025,Miami,KA07,2,19036.0,0.0,credit card,C1952
ORD-009587,08/06/2025,Maadi,AX11,2,394.0,0.0,Cash,C0506
ORD-009585,08/06/2025,Miami,AU01,1,6668.0,0.0,Credit Card,C0127
ORD-009609,09/06/2025,6th of October,AX06,5,1162.0,0.0,credit card,C0785
ORD-009608,09/06/2025,Dokki,AX04,1,243.0,0.0,Credit Card,C1466
ORD-009604,09/06/2025,Maadi,SP04,1,11646.0,0.0,Cash,C0039
ORD-009588,09/06/2025,Nasr City,AC01,1,33901.0,0.0,Visa/Mastercard,
ORD-009589,09/06/2025,Dokki,AC02,1,47430.0,0.0,Installments,C1446
ORD-009590,09/06/2025,Nasr City,AX10,1,443.0,0.0,Valu/Installments,C1542
ORD-009591,09/06/2025,Miami,AX03,5,559.0,0.0,Credit Card,C2463
ORD-009592,09/06/2025,Nasr City,KA01,1,4320.0,0.0,installments,C1467
ORD-009593,09/06/2025,Nasr City,KA08,1,5482.0,0.0,CASH,C1585
ORD-009594,09/06/2025,Nasr City,AU05,2,3159.0,0.0,mobile wallet,C0726
ORD-009605,09/06/2025,Dokki,SP06,1,9749.0,0.0,credit card,C0908
ORD-009596,09/06/2025,Smouha,KA06,1,12259.0,0.0,credit card,C0512
ORD-009598,09/06/2025,mansoura,KA08,2,5325.0,0.0,Valu/Installments,C1896
ORD-009599,09/06/2025,Miami,AX09,1,1804.0,0.0,CASH,
ORD-009600,09/06/2025,Nasr City,KA01,2,4115.0,0.05,Credit Card,C1518
ORD-009602,09/06/2025,Heliopolis,AU04,1,1465.0,0.0,Mobile Wallet,
ORD-009601,09/06/2025,Mansoura,TV05,1,24101.0,0.0,credit card,C0791
ORD-009603,09/06/2025,6th of October,AU04,2,1411.0,0.0,Cash,C1821
ORD-009606,09/06/2025,Nasr City,LP04,1,79887.0,0.0,mobile wallet,C0082
ORD-009607,09/06/2025,Maadi,AC04,1,59785.0,0.0,credit card,C1152
ORD-009597,09/06/2025,Dokki,AU03,1,13318.0,0.0,Valu/Installments,
ORD-009595,09/06/2025,Miami,AX04,2,251.0,0.0,Credit Card,C0035
ORD-009610,10/06/2025,Dokki,AX02,3,356.0,0.0,installments,C0369
ORD-009627,10/06/2025,6th of October,SP07,1,14372.0,0.0,mobile wallet,
ORD-009622,10/06/2025,6th of October,AC02,1,47414.0,0.0,VF Cash,C0804
ORD-009619,10/06/2025,Nasr City,AU03,2,13193.0,0.0,VF Cash,C2483
ORD-009625,10/06/2025,Nasr City,SP02,1,51395.0,0.0,Visa/Mastercard,C1137
ORD-009628,10/06/2025,Nasr City,KA02,2,3698.0,0.0,Credit Card,C2050
ORD-009623,10/06/2025,Maadi,KA01,1,4215.0,0.05,Visa/Mastercard,C1623
ORD-009624,10/06/2025,Mansoura,AX10,4,455.0,0.0,Credit Card,C0455
ORD-009618,10/06/2025,Dokki,AX07,5,748.0,0.0,Cash,C2019
ORD-009616,10/06/2025,6th of October,SP03,1,57433.0,0.0,Installments,C0151
ORD-009615,10/06/2025,Nasr City,TV05,1,23392.0,0.0,Cash,C1487
ORD-009614,10/06/2025,Heliopolis,TV03,1,14816.0,0.0,cash,C2023
ORD-009613,10/06/2025,nasr city,AC06,1,40679.0,0.0,CASH,C0960
ORD-009612,10/06/2025,Heliopolis,AX12,1,883.0,0.0,mobile wallet,C0906
ORD-009626,10/06/2025,Dokki,TV06,1,91373.0,0.0,Visa/Mastercard,C2332
ORD-009611,10/06/2025,Mansoura,KA08,1,5242.0,0.0,CASH,C1242
ORD-009617,10/06/2025,6th of October,AX02,2,354.0,0.0,Mobile Wallet,C1150
ORD-009621,10/06/2025,Maadi,TV02,1,25819.0,0.0,Cash,C0030
ORD-009620,10/06/2025,6th of October,TV01,1,32760.0,0.0,CASH,C0857
ORD-009632,11/06/2025,Miami,SP03,1,58173.0,0.0,CASH,C2261
ORD-009629,11/06/2025,Nasr City,AU05,1,3113.0,0.0,Visa/Mastercard,
ORD-009633,11/06/2025,Mansoura,AC06,1,42433.0,0.0,installments,C0794
ORD-009635,11/06/2025,Maadi,AU01,2,6422.0,0.0,Credit Card,C2470
ORD-009644,11/06/2025,6th of October,AU01,1,6439.0,0.0,Cash,C2335
ORD-009642,11/06/2025,Heliopolis,AU01,2,6563.0,0.0,cash,C0522
ORD-009641,11/06/2025,Miami,LP05,1,35804.0,0.0,Installments,C0267
ORD-009640,11/06/2025,Dokki,KA02,2,3535.0,0.0,Credit Card,C0526
ORD-009639,11/06/2025,6th of October,AC02,1,45447.0,0.0,Visa/Mastercard,C2410
ORD-009638,11/06/2025,Mansoura,KA07,2,18071.0,0.0,CASH,C0268
ORD-009637,11/06/2025,6th of October,KA03,2,6810.0,0.0,mobile wallet,C0719
ORD-009636,11/06/2025,6th of October,AX05,4,2412.0,0.0,Installments,C2315
ORD-009643,11/06/2025,Smouha,LP04,1,77543.0,0.0,Cash,C1064
ORD-009634,11/06/2025,Nasr City,AU04,1,,0.0,Credit Card,C2318
ORD-009630,11/06/2025,Dokki,AC04,1,58124.0,0.0,Installments,C2024
ORD-009631,11/06/2025,Nasr City,AX12,3,913.0,0.0,cash,C0699
ORD-009647,12/06/2025,Miami,AX01,1,945.0,0.0,installments,C1124
ORD-009646,12/06/2025,6th of October,TV02,1,26273.0,0.0,credit card,C2143
ORD-009664,12/06/2025,Smouha,SP04,1,11716.0,0.0,CASH,C2030
ORD-009663,12/06/2025,6th of October,LP05,1,34477.0,0.0,Mobile Wallet,C1912
ORD-009662,12/06/2025,Nasr City,KA01,1,4112.0,0.0,Visa/Mastercard,C2123
ORD-009645,12/06/2025,6th of October,AX11,1,392.0,0.0,CASH,C0934
ORD-009661,12/06/2025,Maadi,LP02,1,41863.0,0.0,Visa/Mastercard,C0499
ORD-009660,12/06/2025,Heliopolis,AC04,1,58018.0,0.0,Valu/Installments,C1123
ORD-009659,12/06/2025,Smouha,AX02,5,344.0,0.0,Cash,C1667
ORD-009658,12/06/2025,Miami,AU02,1,8992.0,0.05,credit card,C1772
ORD-009653,12/06/2025,Heliopolis,AX01,3,924.0,0.0,Cash,C1860
ORD-009656,12/06/2025,Nasr City,SP06,1,10074.0,0.0,VF Cash,C0213
ORD-009657,12/06/2025,Miami,LP05,1,34878.0,0.0,Visa/Mastercard,C1324
ORD-009665,12/06/2025,Heliopolis,TV03,1,14887.0,0.0,cash,C1481
ORD-009654,12/06/2025,Nasr City,AX12,4,889.0,0.0,CASH,C0009
ORD-009652,12/06/2025,Miami,AU03,1,13796.0,0.0,cash,C2295
ORD-009651,12/06/2025,Maadi,AX04,5,248.0,0.0,CASH,C1036
ORD-009650,12/06/2025,Miami,LP01,1,28496.0,0.0,mobile wallet,C2183
ORD-009649,12/06/2025,Smouha,SP05,1,19455.0,0.05,cash,C0095
ORD-009648,12/06/2025,SMOUHA,AC04,1,60125.0,0.0,Installments,C0786
ORD-009655,12/06/2025,Smouha,AC06,1,42154.0,0.0,credit card,C1750
ORD-009670,13/06/2025,6th of October,AC04,1,56777.0,0.0,credit card,C1139
ORD-009677,13/06/2025,SMOUHA,KA07,2,18270.0,0.0,Installments,C0798
ORD-009674,13/06/2025,Dokki,SP05,1,19291.0,0.0,Valu/Installments,C1296
ORD-009679,13/06/2025,Smouha,AU05,1,3175.0,0.0,installments,C0336
ORD-009678,13/06/2025,Nasr City,KA01,2,4300.0,0.0,cash,C1371
ORD-009676,13/06/2025,Nasr City,TB02,1,13546.0,0.0,credit card,C1606
ORD-009687,13/06/2025,Miami,TB04,1,17662.0,0.0,credit card,C0674
ORD-009672,13/06/2025,6th of October,AX04,3,250.0,0.0,VF Cash,C2181
ORD-009668,13/06/2025,Mansoura ,SP01,1,16924.0,0.0,credit card,C0920
ORD-009667,13/06/2025,Maadi,AC01,1,33757.0,0.0,installments,C0179
ORD-009680,13/06/2025,Maadi,AU05,2,3166.0,0.0,CASH,C2343
ORD-009684,13/06/2025,6th of October,AC06,1,41510.0,0.0,Installments,C0305
ORD-009682,13/06/2025,Heliopolis,LP05,1,34926.0,0.0,credit card,C0925
ORD-009683,13/06/2025,Nasr City,AX11,4,393.0,0.0,Installments,C1736
ORD-009685,13/06/2025,Mansoura,TV04,1,42159.0,0.0,cash,C1024
ORD-009686,13/06/2025,Heliopolis,AU02,1,8853.0,0.0,Cash,C0807
ORD-009689,13/06/2025,HELIOPOLIS,AC06,1,40355.0,0.0,Credit Card,C1274
ORD-009669,13/06/2025,Maadi,AC03,1,25618.0,0.0,Visa/Mastercard,C0193
ORD-009690,13/06/2025,6th of October,KA01,2,4202.0,0.0,Visa/Mastercard,C0258
ORD-009692,13/06/2025,Dokki,TV03,1,14809.0,0.0,Cash,C0115
ORD-009693,13/06/2025,Nasr City,AC04,1,58413.0,0.0,Cash,
ORD-009694,13/06/2025,Nasr City,TB02,1,13612.0,0.0,credit card,C1966
ORD-009695,13/06/2025,Miami,AX11,2,393.0,0.0,installments,C1770
ORD-009696,13/06/2025,Heliopolis,AX10,1,455.0,0.0,Valu/Installments,
ORD-009697,13/06/2025,Nasr City ,AC04,1,58155.0,0.0,Visa/Mastercard,
ORD-009688,13/06/2025,Maadi,AU03,1,13835.0,0.0,Cash,C1349
ORD-009666,13/06/2025,Mansoura,AX05,2,2392.0,0.0,VF Cash,C2119
RET-000015,13/06/2025,Nasr City,TB02,-1,13546.0,0.0,credit card,C1606
ORD-009691,13/06/2025,Nasr City,AC02,1,46473.0,0.0,Credit Card,C0397
ORD-009675,13/06/2025,Heliopolis,SP08,1,44513.0,0.0,Cash,C0022
RET-000076,13/06/2025,6th of October,AX04,-3,250.0,0.0,VF Cash,C2181
ORD-009681,13/06/2025,Nasr City,AU01,2,6353.0,0.0,VF Cash,C0104
ORD-009670,13/06/2025,6th of October,AC04,1,56777.0,0.0,credit card,C1139
ORD-009671,13/06/2025,Mansoura,AC03,1,26568.0,0.0,installments,C1721
ORD-009673,13/06/2025,Mansoura,AX12,3,875.0,0.0,Credit Card,C1839
ORD-009707,14/06/2025,MAADI,AX06,3,1134.0,0.0,Visa/Mastercard,
ORD-009708,14/06/2025,Miami,AC02,1,46800.0,0.0,installments,
ORD-009710,14/06/2025,Smouha,LP01,1,28614.0,0.0,installments,C1367
ORD-009705,14/06/2025,Nasr City,AX11,3,389.0,0.0,cash,C0977
ORD-009711,14/06/2025,6TH OF OCTOBER,KA04,2,23793.0,0.0,Credit Card,C2129
ORD-009712,14/06/2025,Heliopolis,SP08,1,45621.0,0.0,Cash,C0970
ORD-009704,14/06/2025,Heliopolis,AC03,1,26086.0,0.0,Valu/Installments,C1940
ORD-009706,14/06/2025,Smouha,TB04,1,17079.0,0.05,Cash,C1396
ORD-009702,14/06/2025,Maadi,KA08,1,5343.0,0.05,Visa/Mastercard,C1013
ORD-009701,14/06/2025,Heliopolis,LP03,1,30435.0,0.0,CASH,C1026
ORD-009700,14/06/2025,Maadi,AX07,4,,0.0,Visa/Mastercard,C1370
ORD-009699,14/06/2025,Maadi,AX05,4,2476.0,0.0,Valu/Installments,C2428
ORD-009698,14/06/2025,6th of October,KA03,2,6810.0,0.0,credit card,C0099
ORD-009703,14/06/2025,Dokki,LP05,1,36155.0,0.0,Visa/Mastercard,C0442
ORD-009709,14/06/2025,Mansoura,AX12,1,903.0,0.0,Cash,C0223
ORD-009729,15/06/2025,Smouha,AC01,1,33361.0,0.0,installments,C0254
ORD-009736,15/06/2025,Heliopolis,AU04,2,1479.0,0.0,Credit Card,C0229
ORD-009735,15/06/2025,6th of October,AC05,1,39393.0,0.0,mobile wallet,C0418
ORD-009728,15/06/2025,Maadi,AC06,1,41792.0,0.0,installments,
ORD-009734,15/06/2025,Maadi,KA08,2,5314.0,0.0,cash,C0270
ORD-009733,15/06/2025,Smouha,SP04,1,11412.0,0.0,credit card,C1769
ORD-009732,15/06/2025,Nasr City,AX04,1,252.0,0.0,credit card,C1235
ORD-009731,15/06/2025,Smouha,AX11,2,396.0,0.0,Credit Card,C0225
ORD-009727,15/06/2025,Maadi,AU05,2,3271.0,0.0,VF Cash,C0523
ORD-009725,15/06/2025,Maadi,SP04,1,11624.0,0.0,Credit Card,C1284
ORD-009724,15/06/2025,Dokki ,LP02,1,41799.0,0.0,Mobile Wallet,C1546
ORD-009726,15/06/2025,Nasr City,SP07,1,14904.0,0.0,Valu/Installments,C0267
ORD-009730,15/06/2025,Smouha,AX12,1,918.0,0.0,Valu/Installments,C1811
ORD-009722,15/06/2025,Heliopolis,SP02,1,52457.0,0.0,Valu/Installments,C0249
ORD-009720,15/06/2025,Dokki,KA08,2,5558.0,0.0,credit card,C0512
ORD-009719,15/06/2025,Dokki,AU03,1,13391.0,0.0,Installments,C2372
ORD-009718,15/06/2025,6th of October,SP02,1,50792.0,0.0,credit card,
ORD-009717,15/06/2025,Nasr City,TB01,1,24490.0,0.0,mobile wallet,C1829
ORD-009716,15/06/2025,maadi,AX12,5,883.0,0.0,cash,C0392
ORD-009715,15/06/2025,Smouha,TB01,1,24461.0,0.0,Installments,C1797
ORD-009714,15/06/2025,nasr city,AC04,1,57031.0,0.0,installments,C2458
ORD-009723,15/06/2025,Nasr City,AU01,1,6553.0,0.0,cash,C0137
ORD-009721,15/06/2025,Heliopolis,AX10,2,446.0,0.0,Cash,C0351
ORD-009713,15/06/2025,Mansoura,KA05,2,9648.0,0.0,Installments,C0299
ORD-009742,16/06/2025,Smouha,AC03,1,26008.0,0.0,Cash,C0393
ORD-009755,16/06/2025,Dokki,LP03,1,31407.0,0.0,Valu/Installments,C2119
ORD-009741,16/06/2025,Dokki,TB01,1,24359.0,0.0,installments,C1646
ORD-009737,16/06/2025,6th of October,AX04,4,257.0,0.0,cash,C2291
ORD-009738,16/06/2025,Smouha,KA05,2,10084.0,0.0,Valu/Installments,C0214
ORD-009739,16/06/2025,6th of October,AX12,4,876.0,0.0,cash,C1208
ORD-009740,16/06/2025,Heliopolis,AX10,4,463.0,0.05,Visa/Mastercard,C1563
ORD-009750,16/06/2025,Smouha,SP02,1,53246.0,0.0,Mobile Wallet,C1754
ORD-009745,16/06/2025,Heliopolis,KA01,2,4149.0,0.0,installments,C2456
ORD-009746,16/06/2025,6th of October,AC05,1,39561.0,0.0,Credit Card,C0044
ORD-009747,16/06/2025,6th of October,AC02,1,45220.0,0.0,Cash,C1858
ORD-009748,16/06/2025,Nasr City,AC03,1,26161.0,0.0,installments,C1573
ORD-009749,16/06/2025,6th of October,AX09,1,1832.0,0.0,Installments,C1902
ORD-009751,16/06/2025,Heliopolis,AX07,2,746.0,0.0,Credit Card,C0415
ORD-009752,16/06/2025,Maadi,KA06,2,12831.0,0.0,Credit Card,C1392
ORD-009753,16/06/2025,Nasr City,AU05,1,3154.0,0.0,Cash,C0107
ORD-009754,16/06/2025,Dokki,AU04,2,1414.0,0.0,VF Cash,C1860
ORD-009744,16/06/2025,Mansoura,AC06,1,41139.0,0.0,cash,C0955
ORD-009743,16/06/2025,Mansoura,SP08,1,45577.0,0.0,Cash,C1684
ORD-009766,17/06/2025,Dokki,AX11,5,393.0,0.0,Mobile Wallet,C2348
ORD-009765,17/06/2025,Nasr City,AC06,1,41096.0,0.0,Mobile Wallet,C0794
ORD-009764,17/06/2025,Dokki,SP05,1,20046.0,0.0,CASH,C2429
ORD-009761,17/06/2025,Miami,AX05,2,2460.0,0.0,mobile wallet,C0051
ORD-009760,17/06/2025,6th of october,KA08,2,5268.0,0.05,mobile wallet,C0421
ORD-009759,17/06/2025,Nasr City,LP05,1,34546.0,0.0,Installments,C0443
ORD-009769,17/06/2025,Heliopolis,KA02,1,3584.0,0.0,mobile wallet,C1050
ORD-009758,17/06/2025,Heliopolis,TB03,1,9656.0,0.0,Cash,C0789
ORD-009756,17/06/2025,Nasr City,TV01,1,31879.0,0.0,Cash,C1345
ORD-009762,17/06/2025,Heliopolis,AX04,4,252.0,0.0,Visa/Mastercard,C2438
ORD-009770,17/06/2025,6th of October,AC04,1,57964.0,0.0,CASH,C1456
ORD-009771,17/06/2025,Miami,TV05,1,23459.0,0.0,Installments,C1725
ORD-009767,17/06/2025,Maadi,AC03,1,25511.0,0.0,VF Cash,C0517
ORD-009763,17/06/2025,Dokki,AX02,4,341.0,0.0,Cash,C0277
ORD-009757,17/06/2025,Miami,AC02,1,46351.0,0.05,VF Cash,C2408
ORD-009768,17/06/2025,Nasr City,TV02,1,27293.0,0.0,Installments,C2085
ORD-009774,18/06/2025,6th of October,AC05,1,37615.0,0.0,VF Cash,
ORD-009777,18/06/2025,Mansoura,AX07,2,769.0,0.0,cash,C0996
ORD-009783,18/06/2025,Heliopolis,KA01,1,4197.0,0.0,Credit Card,C2395
ORD-009785,18/06/2025,Nasr City,AC05,1,38239.0,0.0,Installments,C2102
ORD-009780,18/06/2025,Mansoura,AX11,1,401.0,0.0,installments,C0248
ORD-009787,18/06/2025,NASR CITY,LP05,1,35891.0,0.0,Valu/Installments,C1275
ORD-009782,18/06/2025,Maadi,AX10,1,440.0,0.0,VF Cash,C1277
ORD-009779,18/06/2025,Mansoura,AX07,3,732.0,0.0,Cash,C0181
ORD-009772,18/06/2025,6th of October,AX02,5,345.0,0.0,Visa/Mastercard,C1972
ORD-009773,18/06/2025,Maadi,AX06,2,1117.0,0.0,CASH,
ORD-009776,18/06/2025,Dokki,SP05,1,19113.0,0.0,Mobile Wallet,C0762
ORD-009786,18/06/2025,Heliopolis,LP05,1,35275.0,0.0,Valu/Installments,C1466
ORD-009784,18/06/2025,Dokki,KA08,2,5415.0,0.0,CASH,C1786
ORD-009778,18/06/2025,6th of October,AX01,2,966.0,0.0,Credit Card,C0564
ORD-009775,18/06/2025,Mansoura,TV04,1,40369.0,0.0,credit card,C1822
ORD-009781,18/06/2025,Miami,LP02,1,40794.0,0.0,cash,C0523
ORD-009805,19/06/2025,Dokki,AX09,2,1811.0,0.0,Credit Card,C2292
ORD-009803,19/06/2025,Mansoura,TB03,1,9275.0,0.0,cash,C0973
ORD-009797,19/06/2025,Smouha,AC01,1,32700.0,0.0,installments,C1511
ORD-009802,19/06/2025,6TH OF OCTOBER,AX12,1,926.0,0.0,Visa/Mastercard,C0235
ORD-009801,19/06/2025,Smouha,AX10,4,460.0,0.0,Visa/Mastercard,C0593
ORD-009800,19/06/2025,Mansoura,SP01,1,16442.0,0.0,cash,C2403
ORD-009798,19/06/2025,Dokki,LP03,1,31330.0,0.0,credit card,C0034
ORD-009799,19/06/2025,Mansoura,TB02,1,13440.0,0.0,Visa/Mastercard,C2121
ORD-009796,19/06/2025,Maadi,AC01,1,34408.0,0.0,installments,C1193
ORD-009791,19/06/2025,Dokki,AX06,3,1127.0,0.0,installments,C0604
ORD-009792,19/06/2025,Heliopolis,TB03,1,9293.0,0.0,Credit Card,C1924
ORD-009793,19/06/2025,Mansoura,AX03,5,549.0,0.0,CASH,C1265
ORD-009789,19/06/2025,Miami,SP01,1,16435.0,0.0,CASH,C2217
ORD-009788,19/06/2025,Nasr City,TV01,1,31686.0,0.0,Installments,C2391
ORD-009804,19/06/2025,Nasr City,SP05,1,19238.0,0.0,installments,C2078
ORD-009795,19/06/2025,Heliopolis,TV01,1,31315.0,0.0,cash,C1405
ORD-009806,19/06/2025,Nasr City,AC05,1,37442.0,0.0,Credit Card,C0224
ORD-009794,19/06/2025,Nasr City,SP07,1,14808.0,0.0,Cash,C2472
ORD-009808,19/06/2025,Smouha,TV04,1,40042.0,0.05,Credit Card,C1409
ORD-009790,19/06/2025,Mansoura,AU03,1,13148.0,0.0,Credit Card,C0597
ORD-009809,19/06/2025,Smouha,AC02,1,45976.0,0.0,installments,C0801
ORD-009810,19/06/2025,6th of October,AU01,2,6341.0,0.0,Cash,C0821
ORD-009811,19/06/2025,Heliopolis,KA02,2,3693.0,0.0,mobile wallet,C0825
ORD-009812,19/06/2025,Smouha,SP01,1,16888.0,0.0,CASH,C0281
ORD-009813,19/06/2025,Heliopolis,KA08,2,5486.0,0.05,VF Cash,C1399
ORD-009807,19/06/2025,Maadi,SP06,1,9576.0,0.0,Valu/Installments,C1729
ORD-009836,20/06/2025,Dokki,AU03,1,13626.0,0.0,cash,C0874
ORD-009835,20/06/2025,6th of October,AC01,1,34117.0,0.0,Credit Card,C1911
ORD-009834,20/06/2025,Miami,AX11,4,411.0,0.0,VF Cash,C0944
ORD-009815,20/06/2025,Maadi,AC06,1,41280.0,0.0,installments,C0776
ORD-009832,20/06/2025,Maadi,AX02,5,357.0,0.0,credit card,C0016
ORD-009830,20/06/2025,Mansoura,AX02,1,357.0,0.0,Cash,C2032
ORD-009818,20/06/2025,Nasr City,AC06,1,40904.0,0.0,Credit Card,C2457
ORD-009826,20/06/2025,DOKKI,AC03,1,26373.0,0.0,credit card,C0665
ORD-009828,20/06/2025,Mansoura,AX02,5,342.0,0.0,VF Cash,C1861
ORD-009827,20/06/2025,6th of October,LP05,1,36481.0,0.0,credit card,C0430
ORD-009825,20/06/2025,Maadi,AX09,3,1851.0,0.0,Visa/Mastercard,C1347
ORD-009824,20/06/2025,Smouha,TV05,1,24281.0,0.0,Credit Card,C1715
ORD-009823,20/06/2025,Mansoura,SP07,1,14570.0,0.0,VF Cash,C1228
ORD-009822,20/06/2025,Nasr City,AC04,1,58860.0,0.0,Installments,C1375
ORD-009833,20/06/2025,Mansoura,AX02,1,342.0,0.0,CASH,C0914
ORD-009821,20/06/2025,Mansoura,SP01,1,16624.0,0.0,CASH,C2319
RET-000085,20/06/2025,Dokki,AU03,-1,13626.0,0.0,cash,C0874
ORD-009820,20/06/2025,Maadi,AC02,1,46524.0,0.0,VF Cash,C2370
ORD-009819,20/06/2025,Heliopolis,AX10,5,438.0,0.0,Cash,C1357
ORD-009814,20/06/2025,MANSOURA,LP05,1,35865.0,0.0,Credit Card,
ORD-009815,20/06/2025,Maadi,AC06,1,41280.0,0.0,installments,C0776
ORD-009816,20/06/2025,Dokki,SP08,1,46311.0,0.0,Visa/Mastercard,C1949
ORD-009817,20/06/2025,6th of October,TB04,1,17995.0,0.0,credit card,C1915
ORD-009829,20/06/2025,Nasr City,AU02,2,9063.0,0.0,CASH,C0173
ORD-009831,20/06/2025,Miami,AU03,2,13662.0,0.0,Valu/Installments,C0899
ORD-009838,21/06/2025,Mansoura,AX04,1,252.0,0.0,Cash,C1970
ORD-009848,21/06/2025,Nasr City,KA01,1,4244.0,0.05,installments,C1466
ORD-009844,21/06/2025,Dokki,SP01,1,16614.0,0.0,Cash,C0028
ORD-009843,21/06/2025,Mansoura,SP05,1,19359.0,0.0,Cash,C0755
ORD-009842,21/06/2025,Heliopolis,AX03,4,536.0,0.0,Installments,C1640
ORD-009841,21/06/2025,Nasr City,AC02,1,46743.0,0.0,Cash,C0841
ORD-009840,21/06/2025,Miami,AU04,1,1431.0,0.0,credit card,C1540
ORD-009839,21/06/2025,Miami,AU03,1,13150.0,0.0,Visa/Mastercard,C1358
ORD-009837,21/06/2025,Dokki,AX08,1,1346.0,0.0,credit card,C0980
ORD-009849,21/06/2025,Miami,SP03,1,56634.0,0.0,Valu/Installments,C0123
ORD-009850,21/06/2025,heliopolis,AX08,1,1381.0,0.05,Valu/Installments,C2273
ORD-009845,21/06/2025,Nasr City,KA08,2,5323.0,0.0,cash,C1487
ORD-009852,21/06/2025,Smouha,TB03,1,9448.0,0.0,Mobile Wallet,C0584
ORD-009853,21/06/2025,Heliopolis,AX03,4,547.0,0.0,credit card,C1191
ORD-009854,21/06/2025,Nasr City,AU03,1,,0.0,Visa/Mastercard,C1804
ORD-009855,21/06/2025,Smouha,TV03,1,,0.0,Valu/Installments,C0797
ORD-009856,21/06/2025,Nasr City,KA06,2,12241.0,0.0,credit card,C2399
ORD-009857,21/06/2025,Mansoura,AU01,2,,0.0,Mobile Wallet,C1475
ORD-009846,21/06/2025,6th of October,TV06,1,,0.0,Cash,C0041
ORD-009851,21/06/2025,SMOUHA,AX08,2,1365.0,0.0,Credit Card,C0472
ORD-009847,21/06/2025,Smouha,AU03,1,13368.0,0.0,credit card,C0303
ORD-009873,22/06/2025,Heliopolis,SP02,1,50461.0,0.05,Installments,C0089
ORD-009863,22/06/2025,Heliopolis,AC06,1,42711.0,0.0,credit card,C1164
ORD-009875,22/06/2025,6th of October,KA01,2,4119.0,0.0,cash,
ORD-009864,22/06/2025,Smouha,AC01,1,32526.0,0.0,Valu/Installments,C0714
ORD-009865,22/06/2025,Maadi,AC04,1,57737.0,0.0,cash,C0897
ORD-009866,22/06/2025,Heliopolis,SP02,1,52724.0,0.0,Credit Card,C1074
ORD-009867,22/06/2025,Smouha,SP07,1,14361.0,0.0,VF Cash,C0714
ORD-009861,22/06/2025,Mansoura,AC01,1,33776.0,0.0,Installments,C0816
ORD-009868,22/06/2025,Maadi,KA07,1,18253.0,0.0,Cash,C1392
ORD-009870,22/06/2025,Nasr City,TV02,1,25854.0,0.0,cash,C1008
RET-000073,22/06/2025,Maadi,AC04,-1,57737.0,0.0,cash,C0897
ORD-009871,22/06/2025,Mansoura,AC01,1,33726.0,0.0,Valu/Installments,C0732
ORD-009874,22/06/2025,miami,AU03,2,13762.0,0.0,installments,C0722
ORD-009876,22/06/2025,Nasr City,LP04,1,76123.0,0.0,Credit Card,C1073
ORD-009877,22/06/2025,Nasr City,TB04,1,17213.0,0.0,Cash,C0415
ORD-009869,22/06/2025,Nasr City,KA07,1,18295.0,0.0,CASH,C2272
ORD-009878,22/06/2025,Maadi,AU01,1,6490.0,0.0,credit card,C0086
ORD-009860,22/06/2025,6th of October,LP05,1,36402.0,0.05,Visa/Mastercard,C0122
ORD-009858,22/06/2025,Nasr City,TB04,1,17332.0,0.0,Cash,C0180
ORD-009859,22/06/2025,Heliopolis,SP01,1,16962.0,0.05,installments,
ORD-009872,22/06/2025,Nasr City,AC05,1,38303.0,0.0,Valu/Installments,C0803
ORD-009862,22/06/2025,Dokki,SP01,1,16856.0,0.0,installments,C0811
ORD-009890,23/06/2025,maadi,KA05,2,9816.0,0.0,Mobile Wallet,C1515
ORD-009888,23/06/2025,Heliopolis,AC03,1,26120.0,0.0,mobile wallet,C0984
ORD-009889,23/06/2025,Heliopolis,AX06,3,1147.0,0.0,Visa/Mastercard,
ORD-009895,23/06/2025,Heliopolis,AU03,1,13533.0,0.0,Cash,C1777
ORD-009894,23/06/2025,6th of October,AC03,1,25222.0,0.0,Cash,C2159
ORD-009893,23/06/2025,Smouha,AX03,5,549.0,0.0,CASH,
ORD-009892,23/06/2025,Miami,AC05,1,39358.0,0.0,Valu/Installments,C0702
ORD-009890,23/06/2025,maadi,KA05,2,9816.0,0.0,Mobile Wallet,C1515
ORD-009898,23/06/2025,Nasr City,SP05,1,,0.0,Mobile Wallet,C0592
ORD-009887,23/06/2025,Nasr City,KA06,1,12587.0,0.0,Credit Card,
ORD-009886,23/06/2025,Maadi,KA03,2,6792.0,0.0,Visa/Mastercard,
ORD-009885,23/06/2025,Mansoura,KA03,2,6996.0,0.0,Visa/Mastercard,C1869
ORD-009884,23/06/2025,Nasr City,KA03,2,6686.0,0.0,Visa/Mastercard,C1250
ORD-009891,23/06/2025,Miami,AU02,1,9086.0,0.0,cash,C1526
ORD-009880,23/06/2025,Nasr City,AX07,4,769.0,0.0,installments,C1553
ORD-009881,23/06/2025,Nasr City,AX10,3,445.0,0.0,Credit Card,C0455
ORD-009879,23/06/2025,6th of October,AC05,1,39515.0,0.0,CASH,C0563
ORD-009882,23/06/2025,6th of October,AX01,5,964.0,0.0,CASH,C1387
ORD-009897,23/06/2025,Maadi,AC01,1,33875.0,0.0,installments,C0486
ORD-009883,23/06/2025,Heliopolis ,AX11,2,405.0,0.0,installments,C0862
ORD-009896,23/06/2025,Smouha,LP04,1,79386.0,0.0,Credit Card,C0268
ORD-009915,24/06/2025,Nasr City,KA02,2,3673.0,0.0,Cash,C1205
ORD-009912,24/06/2025,Maadi,AC03,1,25630.0,0.0,Installments,C0775
ORD-009901,24/06/2025,Smouha,TB03,1,9497.0,0.0,Cash,C0777
ORD-009900,24/06/2025,6th of October,KA08,2,5396.0,0.0,Mobile Wallet,
ORD-009905,24/06/2025,Nasr City,AX09,4,1824.0,0.0,Mobile Wallet,C1533
ORD-009899,24/06/2025,Maadi,AX05,1,2511.0,0.0,VF Cash,C0536
ORD-009914,24/06/2025,Smouha,AX08,3,1350.0,0.0,Visa/Mastercard,C2194
ORD-009903,24/06/2025,Dokki,AC03,1,25265.0,0.0,Installments,C2182
ORD-009913,24/06/2025,Maadi,TB02,1,13525.0,0.0,Cash,
ORD-009909,24/06/2025,Maadi,LP04,1,77401.0,0.05,Installments,C1002
ORD-009908,24/06/2025,Maadi,KA07,2,18906.0,0.0,Valu/Installments,C1760
ORD-009907,24/06/2025,Smouha,AU01,2,6544.0,0.0,Cash,C2456
ORD-009906,24/06/2025,Miami,AU04,1,1424.0,0.0,CASH,C1303
ORD-009902,24/06/2025,6th of October,AU02,2,8898.0,0.0,Cash,C0786
RET-000040,24/06/2025,Nasr City,AX09,-4,1824.0,0.0,Mobile Wallet,C1533
ORD-009904,24/06/2025,maadi,TV02,1,25791.0,0.0,installments,C1550
ORD-009910,24/06/2025,Mansoura,AX04,3,244.0,0.0,CASH,C0190
ORD-009911,24/06/2025,Mansoura,AX02,4,357.0,0.0,mobile wallet,C2406
ORD-009930,25/06/2025,6th of October,LP01,1,28326.0,0.0,Visa/Mastercard,C0686
ORD-009932,25/06/2025,Nasr City,AX01,3,925.0,0.0,credit card,C2084
ORD-009917,25/06/2025,Mansoura,AC01,1,32949.0,0.0,cash,C0609
ORD-009918,25/06/2025,Miami,AC01,1,33857.0,0.0,installments,C1343
ORD-009919,25/06/2025,Mansoura,AU03,2,,0.0,Credit Card,C1013
ORD-009920,25/06/2025,Maadi,AX08,5,1360.0,0.0,cash,C0219
ORD-009924,25/06/2025,Maadi,AX11,1,409.0,0.0,cash,C2393
ORD-009922,25/06/2025,Maadi,LP03,1,30127.0,0.0,Visa/Mastercard,C0518
ORD-009925,25/06/2025,Dokki,LP05,1,35546.0,0.0,cash,C2003
ORD-009931,25/06/2025,Mansoura,AX02,4,350.0,0.0,CASH,
ORD-009926,25/06/2025,6th of October,SP08,1,45091.0,0.0,installments,C0858
ORD-009927,25/06/2025,Nasr City,TV06,1,88682.0,0.05,credit card,C0334
ORD-009916,25/06/2025,Dokki,AU03,1,13632.0,0.0,cash,
ORD-009928,25/06/2025,Dokki,AX03,5,565.0,0.0,CASH,C1928
ORD-009929,25/06/2025,Maadi,SP07,1,14409.0,0.0,Cash,C0266
ORD-009933,25/06/2025,Nasr City,SP06,1,9607.0,0.0,mobile wallet,
ORD-009934,25/06/2025,nasr city,LP05,1,35180.0,0.0,Visa/Mastercard,C1590
ORD-009935,25/06/2025,Miami,AX11,2,406.0,0.0,cash,C2086
ORD-009936,25/06/2025,Heliopolis,AX04,1,247.0,0.0,Cash,
ORD-009937,25/06/2025,Dokki,SP04,1,11348.0,0.0,Visa/Mastercard,C1533
ORD-009938,25/06/2025,Dokki,KA04,1,24221.0,0.0,Valu/Installments,
ORD-009939,25/06/2025,Mansoura,AX02,2,351.0,0.0,installments,C2043
ORD-009921,25/06/2025,6th of October,AX09,3,1812.0,0.0,credit card,C1148
ORD-009923,25/06/2025,Nasr City,TV01,1,31602.0,0.0,Visa/Mastercard,C2082
ORD-009947,26/06/2025,Nasr City,AU03,1,13222.0,0.0,Installments,C2027
ORD-009963,26/06/2025,Maadi,TV06,1,89418.0,0.0,Installments,C1545
ORD-009956,26/06/2025,Nasr City,AC04,1,58806.0,0.0,mobile wallet,C0832
ORD-009946,26/06/2025,Heliopolis,AX11,3,400.0,0.0,installments,C1980
ORD-009959,26/06/2025,6th of October,AX08,1,1355.0,0.0,Mobile Wallet,C1622
ORD-009960,26/06/2025,6TH OF OCTOBER,KA02,1,3504.0,0.0,CASH,C0896
ORD-009961,26/06/2025,Smouha,AC03,1,26236.0,0.0,mobile wallet,C1254
ORD-009962,26/06/2025,Heliopolis,AX02,3,357.0,0.0,CASH,C1741
ORD-009940,26/06/2025,Maadi,AX02,2,346.0,0.0,Installments,C2126
ORD-009941,26/06/2025,Smouha,AX10,5,457.0,0.0,Mobile Wallet,C1902
ORD-009942,26/06/2025,Heliopolis,AX12,2,921.0,0.0,Cash,C0734
ORD-009949,26/06/2025,Heliopolis,AX02,3,350.0,0.0,Valu/Installments,C1100
ORD-009946,26/06/2025,Heliopolis,AX11,3,400.0,0.0,installments,C1980
ORD-009944,26/06/2025,Nasr City,TV02,1,25859.0,0.0,Valu/Installments,C1532
ORD-009945,26/06/2025,smouha,TB04,1,17773.0,0.0,Mobile Wallet,C2153
ORD-009948,26/06/2025,Nasr City,AC01,1,34336.0,0.0,cash,C1941
ORD-009950,26/06/2025,Mansoura,AX11,1,409.0,0.0,Valu/Installments,C2381
ORD-009951,26/06/2025,Smouha,AX10,4,456.0,0.0,installments,C1643
ORD-009952,26/06/2025,6th of October,AX05,2,2508.0,0.0,Cash,C2392
ORD-009953,26/06/2025,Dokki,AC04,1,58985.0,0.0,Installments,C0150
ORD-009954,26/06/2025,Miami,AX10,3,462.0,0.0,cash,C0849
ORD-009955,26/06/2025,Heliopolis,LP02,1,41733.0,0.0,Visa/Mastercard,C0900
ORD-009958,26/06/2025,Nasr City,SP07,1,14810.0,0.0,cash,C0961
ORD-009957,26/06/2025,6th of October,TV06,1,87112.0,0.0,Visa/Mastercard,C1852
ORD-009943,26/06/2025,Miami,AU01,2,6310.0,0.0,cash,C1319
ORD-009987,27/06/2025,Mansoura,SP04,1,11492.0,0.0,Cash,C1676
ORD-009973,27/06/2025,Heliopolis,AC05,1,37934.0,0.0,Installments,C1209
ORD-009974,27/06/2025,6th of October,LP03,1,30482.0,0.0,installments,C1821
ORD-009986,27/06/2025,Maadi,AX02,4,341.0,0.05,Installments,C1772
ORD-009985,27/06/2025,Maadi,LP03,1,31754.0,0.0,Visa/Mastercard,C1916
ORD-009984,27/06/2025,Smouha,KA06,2,12206.0,0.0,installments,C1848
ORD-009983,27/06/2025,Dokki,AU04,1,1441.0,0.0,Visa/Mastercard,C1746
ORD-009982,27/06/2025,Dokki,KA02,1,3518.0,0.0,mobile wallet,C1378
ORD-009981,27/06/2025,Maadi,SP06,1,9819.0,0.0,cash,C2099
ORD-009980,27/06/2025,Smouha,AX03,1,550.0,0.0,mobile wallet,C1906
ORD-009979,27/06/2025,6th of October,AX07,4,744.0,0.0,Visa/Mastercard,C0169
ORD-009978,27/06/2025,6th of October,SP05,1,19820.0,0.0,credit card,C2392
ORD-009977,27/06/2025,Smouha,AU04,2,1425.0,0.0,Cash,C0943
ORD-009976,27/06/2025,dokki,TB03,1,9495.0,0.0,credit card,C1441
ORD-009975,27/06/2025,Miami,AC04,1,57183.0,0.0,Cash,C2126
ORD-009968,27/06/2025,Maadi,AU02,1,8670.0,0.0,Visa/Mastercard,C2256
ORD-009964,27/06/2025,Heliopolis,SP01,1,16522.0,0.0,Installments,C2341
ORD-009966,27/06/2025,Maadi,AC04,1,58830.0,0.0,Visa/Mastercard,C1533
ORD-009967,27/06/2025,Heliopolis,AX06,5,1134.0,0.0,CASH,C1043
ORD-009965,27/06/2025,Heliopolis,SP05,1,19186.0,0.0,Valu/Installments,C0644
ORD-009969,27/06/2025,Maadi,TB02,1,13172.0,0.0,CASH,
ORD-009970,27/06/2025,Heliopolis,KA03,2,6994.0,0.0,Cash,C0348
ORD-009971,27/06/2025,Dokki,AC03,1,26456.0,0.0,Installments,C0551
ORD-009972,27/06/2025,Nasr City,AX04,2,245.0,0.0,VF Cash,C0345
ORD-010005,28/06/2025,Maadi,AX09,3,1849.0,0.0,CASH,C2101
ORD-010002,28/06/2025,6th of October,AX02,3,344.0,0.0,CASH,C0338
ORD-010013,28/06/2025,Heliopolis,AU03,2,13157.0,0.0,Credit Card,
ORD-010001,28/06/2025,Miami,TB03,1,9282.0,0.0,credit card,C1471
ORD-010000,28/06/2025,6th of October,KA02,2,3569.0,0.0,Installments,C0311
ORD-009999,28/06/2025,Mansoura,KA02,2,3592.0,0.0,Visa/Mastercard,
ORD-009998,28/06/2025,Maadi,SP08,1,44469.0,0.05,Mobile Wallet,C1088
ORD-009997,28/06/2025,Mansoura,KA06,2,12754.0,0.0,Installments,C0958
ORD-009996,28/06/2025,miami,SP03,1,59303.0,0.0,Installments,C1810
ORD-009995,28/06/2025,Nasr City,LP02,1,40841.0,0.0,Installments,C0736
ORD-009994,28/06/2025,Smouha,LP05,1,36296.0,0.0,Installments,
ORD-009993,28/06/2025,Mansoura,AC01,1,33462.0,0.0,Installments,C0102
ORD-009992,28/06/2025,Mansoura,AX04,5,254.0,0.0,installments,C1567
ORD-010006,28/06/2025,Smouha,AC05,1,38908.0,0.0,Mobile Wallet,C2240
ORD-009991,28/06/2025,6th of October,AC02,1,45349.0,0.0,VF Cash,C1119
ORD-009989,28/06/2025,Nasr City,AC03,1,25999.0,0.0,Mobile Wallet,C2038
ORD-009988,28/06/2025,6th of October,SP04,1,11211.0,0.0,credit card,C1506
RET-000093,28/06/2025,6th of October,SP04,-1,11211.0,0.0,credit card,C1506
ORD-010003,28/06/2025,Dokki,AC02,1,45828.0,0.0,Valu/Installments,C1207
ORD-010004,28/06/2025,Maadi,AU03,1,13734.0,0.0,installments,C2056
ORD-010008,28/06/2025,6th of October,AC03,1,26001.0,0.0,cash,C1133
ORD-010009,28/06/2025,Smouha,AX08,2,1322.0,0.0,cash,
ORD-010010,28/06/2025,Heliopolis,AX02,2,356.0,0.0,credit card,C0933
ORD-010011,28/06/2025,Maadi,AC05,1,39274.0,0.0,Credit Card,C0404
ORD-010012,28/06/2025,Heliopolis,SP02,1,51136.0,0.0,Valu/Installments,C0486
ORD-009990,28/06/2025,Nasr City,KA01,2,4311.0,0.0,credit card,C1299
ORD-010007,28/06/2025,maadi,LP02,1,41779.0,0.0,Credit Card,C0321
ORD-010029,29/06/2025,6th of October,TV06,1,88350.0,0.0,Mobile Wallet,C0565
ORD-010028,29/06/2025,Nasr City,KA04,2,25032.0,0.0,Installments,C2475
ORD-010024,29/06/2025,Heliopolis,AU03,2,13867.0,0.0,CASH,
ORD-010030,29/06/2025,Smouha,AX02,4,354.0,0.0,Cash,C2225
RET-000006,29/06/2025,Smouha,AX04,-1,246.0,0.0,CASH,C1476
ORD-010025,29/06/2025,Maadi,SP04,1,11203.0,0.0,Mobile Wallet,C1240
ORD-010023,29/06/2025,Heliopolis,SP06,1,9623.0,0.0,CASH,C1025
RET-000069,29/06/2025,Mansoura,LP06,-1,21395.0,0.0,Cash,C0806
ORD-010021,29/06/2025,Mansoura,LP06,1,21395.0,0.0,Cash,C0806
ORD-010020,29/06/2025,Smouha ,KA03,1,6763.0,0.0,cash,C1368
ORD-010019,29/06/2025,Heliopolis,KA02,1,3696.0,0.0,Visa/Mastercard,C0821
ORD-010018,29/06/2025,Maadi,KA04,1,23944.0,0.05,Valu/Installments,C2237
ORD-010017,29/06/2025,Smouha,AX08,2,1354.0,0.0,mobile wallet,C0157
ORD-010016,29/06/2025,miami,KA02,2,3647.0,0.0,Visa/Mastercard,
ORD-010015,29/06/2025,Smouha,AX04,1,246.0,0.0,CASH,C1476
ORD-010014,29/06/2025,Smouha,AX11,2,408.0,0.05,Valu/Installments,C0293
ORD-010022,29/06/2025,Mansoura,AX03,1,556.0,0.0,VF Cash,C1349
ORD-010027,29/06/2025,heliopolis,AC01,1,34050.0,0.0,installments,C0781
ORD-010026,29/06/2025,6th of October,TV05,1,23932.0,0.0,credit card,C1125
ORD-010050,30/06/2025,Heliopolis,AX10,3,458.0,0.0,installments,C0860
ORD-010045,30/06/2025,Nasr City,AU02,1,9156.0,0.0,credit card,C0612
ORD-010046,30/06/2025,Smouha,SP08,1,46228.0,0.0,installments,C1629
ORD-010047,30/06/2025,Nasr City,AU04,2,1454.0,0.0,mobile wallet,
RET-000061,30/06/2025,Dokki,SP01,-1,16578.0,0.05,VF Cash,C1420
ORD-010051,30/06/2025,Maadi,AX04,4,255.0,0.0,VF Cash,C1944
ORD-010053,30/06/2025,Mansoura,SP08,1,45193.0,0.0,Visa/Mastercard,C2113
ORD-010055,30/06/2025,Smouha,AU03,2,13453.0,0.0,Installments,C2264
ORD-010044,30/06/2025,Smouha,AU02,2,8825.0,0.0,installments,C2100
ORD-010048,30/06/2025,Smouha,SP07,1,14164.0,0.0,Mobile Wallet,C0933
ORD-010034,30/06/2025,Smouha,AC01,1,34006.0,0.0,Installments,
ORD-010032,30/06/2025,Mansoura,TB02,1,13583.0,0.0,CASH,C0035
ORD-010042,30/06/2025,Maadi,SP04,1,11335.0,0.0,Credit Card,C0049
ORD-010041,30/06/2025,6th of October,AX02,5,,0.0,credit card,C2376
ORD-010040,30/06/2025,Miami,AC02,1,45872.0,0.0,Credit Card,
ORD-010049,30/06/2025,Nasr City ,AX08,4,1313.0,0.0,credit card,C0930
ORD-010039,30/06/2025,6th of October,AC01,1,33401.0,0.0,Installments,C1662
ORD-010037,30/06/2025,Dokki,SP01,1,16578.0,0.05,VF Cash,C1420
ORD-010036,30/06/2025,Smouha,AC01,1,33564.0,0.0,Installments,C1155
ORD-010035,30/06/2025,Miami,AU03,2,13175.0,0.0,Mobile Wallet,
ORD-010033,30/06/2025,Mansoura,TB03,1,9359.0,0.05,CASH,C1227
ORD-010054,30/06/2025,Mansoura,AC05,1,37451.0,0.0,installments,C2405
ORD-010031,30/06/2025,Heliopolis,KA05,2,9810.0,0.0,Credit Card,C1070
ORD-010043,30/06/2025,Dokki,LP02,1,42576.0,0.0,credit card,C1934
ORD-010038,30/06/2025,Nasr City,AX01,5,975.0,0.0,cash,C1655
ORD-010052,30/06/2025,Heliopolis,LP04,1,78402.0,0.0,Cash,C0958
ORD-010070,01/07/2025,Heliopolis,TV06,1,91127.0,0.0,Valu/Installments,
ORD-010069,01/07/2025,Smouha,SP03,1,57045.0,0.0,installments,C1535
ORD-010061,01/07/2025,Maadi,AU03,2,13265.0,0.0,Visa/Mastercard,C0770
ORD-010075,01/07/2025,Heliopolis,AX02,1,357.0,0.0,Valu/Installments,
ORD-010057,01/07/2025,Maadi,AU03,2,13503.0,0.0,Valu/Installments,C1890
ORD-010058,01/07/2025,Miami,AX03,2,554.0,0.0,Cash,C1396
ORD-010059,01/07/2025,Dokki,LP01,1,28660.0,0.0,Cash,C0352
ORD-010060,01/07/2025,Smouha,AX01,4,959.0,0.0,mobile wallet,C1283
ORD-010074,01/07/2025,Miami,KA07,2,18466.0,0.0,Valu/Installments,C1252
ORD-010081,01/07/2025,Nasr City,AU02,1,9019.0,0.0,Cash,
ORD-010080,01/07/2025,Miami,TV03,1,14649.0,0.0,CASH,C0924
ORD-010073,01/07/2025,Smouha,AX01,4,956.0,0.0,Credit Card,C0526
ORD-010078,01/07/2025,Heliopolis,TV03,1,14745.0,0.0,credit card,C1453
ORD-010072,01/07/2025,Maadi,SP04,1,11216.0,0.0,mobile wallet,C2366
ORD-010071,01/07/2025,Miami,AU02,2,8997.0,0.0,Credit Card,C0570
ORD-010077,01/07/2025,6th of October,AC03,1,26770.0,0.0,Installments,C2048
ORD-010079,01/07/2025,maadi,TV04,1,40020.0,0.05,Installments,C1392
ORD-010068,01/07/2025,Miami,AC03,1,26651.0,0.0,credit card,C0124
ORD-010067,01/07/2025,Mansoura,AX08,2,1371.0,0.0,VF Cash,C2288
ORD-010076,01/07/2025,Mansoura,AC06,1,41796.0,0.0,Valu/Installments,C0040
ORD-010066,01/07/2025,6th of October,SP01,1,16950.0,0.0,CASH,C1844
ORD-010065,01/07/2025,Nasr City,SP01,1,16278.0,0.0,CASH,C1797
ORD-010064,01/07/2025,Heliopolis,AU04,2,1463.0,0.0,Credit Card,C0859
ORD-010063,01/07/2025,dokki,TB01,1,24901.0,0.05,cash,C1711
ORD-010056,01/07/2025,Miami,AC03,1,25463.0,0.0,Installments,C1920
ORD-010062,01/07/2025,nasr city,AX09,2,1890.0,0.0,Valu/Installments,C1757
ORD-010093,02/07/2025,Miami,AX05,1,2512.0,0.0,Cash,C0570
ORD-010092,02/07/2025,Dokki,AX07,4,734.0,0.0,Visa/Mastercard,C0132
ORD-010088,02/07/2025,6th of October,AC02,1,46327.0,0.0,installments,C2405
ORD-010095,02/07/2025,Mansoura,KA05,1,9931.0,0.0,installments,C1353
ORD-010096,02/07/2025,Maadi,KA03,1,6994.0,0.0,Mobile Wallet,
ORD-010094,02/07/2025,Nasr City,KA04,2,24944.0,0.0,Installments,C0630
ORD-010082,02/07/2025,Dokki,AX03,1,550.0,0.0,Credit Card,C1717
ORD-010083,02/07/2025,Miami,KA07,2,18350.0,0.0,Mobile Wallet,C1744
ORD-010084,02/07/2025,Heliopolis,AX05,3,2429.0,0.0,credit card,C1653
ORD-010087,02/07/2025,heliopolis,TB04,1,18001.0,0.0,CASH,C1336
ORD-010086,02/07/2025,Mansoura,KA01,1,4263.0,0.0,credit card,C1228
ORD-010089,02/07/2025,Nasr City,AX07,1,756.0,0.0,Cash,C0096
ORD-010090,02/07/2025,Maadi,AX02,2,340.0,0.0,mobile wallet,
ORD-010091,02/07/2025,Heliopolis,AC06,1,42379.0,0.0,Installments,C2325
ORD-010085,02/07/2025,6th of October,AU02,1,9089.0,0.0,CASH,C2203
ORD-010112,03/07/2025,Dokki,AX07,5,734.0,0.0,installments,C1347
ORD-010109,03/07/2025,Nasr City,AC06,1,40573.0,0.0,Installments,
ORD-010110,03/07/2025,6th of October,AC03,1,25710.0,0.0,Visa/Mastercard,C1945
ORD-010111,03/07/2025,Maadi,AX12,5,911.0,0.0,CASH,C0445
ORD-010108,03/07/2025,Miami,AU03,2,13791.0,0.0,installments,C0772
ORD-010102,03/07/2025,Mansoura,AX11,2,389.0,0.0,Credit Card,C1562
ORD-010104,03/07/2025,Mansoura,AX05,1,2419.0,0.05,CASH,C1601
ORD-010113,03/07/2025,6th of October,KA03,2,6687.0,0.0,Visa/Mastercard,C2333
ORD-010100,03/07/2025,Miami,TV03,1,14579.0,0.0,VF Cash,C2351
ORD-010097,03/07/2025,Dokki,TB01,1,24785.0,0.0,Valu/Installments,C2328
ORD-010105,03/07/2025,Nasr City,AU03,2,13247.0,0.0,Valu/Installments,C0261
ORD-010103,03/07/2025,6th of October,AX07,4,745.0,0.0,CASH,C0837
ORD-010101,03/07/2025,Miami,AU01,2,6388.0,0.0,VF Cash,C1602
ORD-010106,03/07/2025,Nasr City,AU05,2,3139.0,0.0,Valu/Installments,C2190
ORD-010098,03/07/2025,Miami,AU05,2,3122.0,0.05,credit card,C2470
ORD-010099,03/07/2025,Heliopolis,KA05,2,9549.0,0.0,credit card,C2490
RET-000016,03/07/2025,Nasr City,AU05,-2,3139.0,0.0,Valu/Installments,C2190
ORD-010107,03/07/2025,Maadi,AU01,1,6646.0,0.0,Cash,C1583
ORD-010124,04/07/2025,6th of October,LP01,1,28233.0,0.0,Installments,C0110
ORD-010114,04/07/2025,6th of October,AX04,4,249.0,0.0,Credit Card,C1850
RET-000009,04/07/2025,Dokki,KA04,-2,24596.0,0.0,credit card,C0132
ORD-010123,04/07/2025,Mansoura,AC06,1,41579.0,0.0,Installments,C2002
ORD-010130,04/07/2025,Dokki,AC01,1,33916.0,0.0,Visa/Mastercard,C0285
ORD-010135,04/07/2025,Heliopolis,AC04,1,59170.0,0.0,Credit Card,C1193
ORD-010134,04/07/2025,Maadi,TV04,1,41119.0,0.0,Credit Card,C0955
ORD-010133,04/07/2025,Maadi,SP08,1,45964.0,0.0,Installments,C0844
ORD-010132,04/07/2025,Nasr City,AU01,1,6437.0,0.0,Valu/Installments,C1163
ORD-010131,04/07/2025,6th of October,AX10,5,460.0,0.0,Installments,C1581
ORD-010129,04/07/2025,Nasr City,AC05,1,38812.0,0.0,Installments,
ORD-010127,04/07/2025,6th of October,AU03,2,13242.0,0.0,installments,C0816
ORD-010128,04/07/2025,Dokki,SP06,1,9908.0,0.0,CASH,
ORD-010125,04/07/2025,Heliopolis,AX10,2,450.0,0.0,credit card,C0765
ORD-010126,04/07/2025,Smouha,KA04,2,25065.0,0.0,Visa/Mastercard,
ORD-010122,04/07/2025,Nasr City,KA05,2,9698.0,0.05,credit card,C2472
ORD-010121,04/07/2025,Dokki,KA04,2,24596.0,0.0,credit card,C0132
ORD-010120,04/07/2025,Smouha,AC01,1,32776.0,0.0,installments,C0728
ORD-010119,04/07/2025,Miami,AX02,2,357.0,0.0,Visa/Mastercard,C2265
ORD-010118,04/07/2025,6th of October,KA01,2,4110.0,0.0,installments,C0428
ORD-010117,04/07/2025,Mansoura,AU01,2,6588.0,0.0,cash,C0703
ORD-010116,04/07/2025,Miami,TV04,1,41883.0,0.05,CASH,C0382
ORD-010115,04/07/2025,Dokki,TB03,1,9312.0,0.05,cash,C1248
ORD-010140,05/07/2025,Smouha,AX03,4,543.0,0.0,Installments,C1510
ORD-010137,05/07/2025,6th of October,AU01,1,6337.0,0.0,Credit Card,C0287
ORD-010150,05/07/2025,Dokki,AC02,1,45354.0,0.0,Visa/Mastercard,C0529
ORD-010146,05/07/2025,6TH OF OCTOBER,SP07,1,14077.0,0.0,Visa/Mastercard,C1683
ORD-010145,05/07/2025,Smouha,AU02,2,8811.0,0.0,credit card,C1339
ORD-010144,05/07/2025,Heliopolis,AX01,4,956.0,0.0,installments,C0704
ORD-010143,05/07/2025,Dokki,TB03,1,9306.0,0.0,CASH,
ORD-010138,05/07/2025,6th of October,SP08,1,43656.0,0.0,Installments,C1863
ORD-010141,05/07/2025,Nasr City,AC03,1,26210.0,0.0,Visa/Mastercard,C2124
ORD-010140,05/07/2025,Smouha,AX03,4,543.0,0.0,Installments,C1510
ORD-010137,05/07/2025,6th of October,AU01,1,6337.0,0.0,Credit Card,C0287
ORD-010136,05/07/2025,Miami,AU01,1,6609.0,0.0,credit card,C2148
ORD-010139,05/07/2025,Nasr City,TV04,1,39862.0,0.0,installments,C0236
ORD-010142,05/07/2025,Heliopolis,AX09,5,1866.0,0.0,Cash,C0046
ORD-010148,05/07/2025,Smouha,TV06,1,86779.0,0.0,cash,C0644
ORD-010149,05/07/2025,Heliopolis,AX09,2,1830.0,0.0,Credit Card,C0454
ORD-010158,05/07/2025,Mansoura,AC04,1,57300.0,0.0,VF Cash,C0533
ORD-010157,05/07/2025,Dokki,KA04,2,23874.0,0.05,Credit Card,C0846
ORD-010156,05/07/2025,Mansoura,AX12,2,908.0,0.0,cash,C1594
ORD-010147,05/07/2025,DOKKI,AX01,2,962.0,0.0,CASH,C1602
ORD-010154,05/07/2025,Maadi,AX03,5,554.0,0.0,cash,C1959
ORD-010152,05/07/2025,Miami,TV05,1,24198.0,0.05,credit card,C1714
ORD-010151,05/07/2025,Nasr City,AC05,1,39049.0,0.0,CASH,C2198
ORD-010153,05/07/2025,Maadi,SP05,1,20059.0,0.0,Visa/Mastercard,
ORD-010155,05/07/2025,Dokki,LP04,1,75732.0,0.0,Mobile Wallet,C0282
ORD-010171,06/07/2025,Heliopolis,AX05,1,2406.0,0.0,Installments,C1880
ORD-010172,06/07/2025,Smouha,LP06,1,21446.0,0.0,Valu/Installments,C1129
ORD-010168,06/07/2025,Mansoura,AX03,5,556.0,0.0,Visa/Mastercard,C2407
ORD-010170,06/07/2025,Dokki,SP04,1,11617.0,0.0,credit card,C2059
ORD-010173,06/07/2025,Heliopolis,SP03,1,56891.0,0.0,Mobile Wallet,C0827
ORD-010169,06/07/2025,Nasr City,TV05,1,24500.0,0.05,cash,C0832
ORD-010167,06/07/2025,Smouha,KA05,2,10014.0,0.0,installments,C1272
ORD-010159,06/07/2025,Mansoura,AX10,3,447.0,0.0,Mobile Wallet,C0843
RET-000101,06/07/2025,Smouha,LP06,-1,21446.0,0.0,Valu/Installments,C1129
ORD-010165,06/07/2025,Mansoura,AX06,5,1124.0,0.0,Cash,C2473
ORD-010164,06/07/2025,6th of October,AC02,1,47575.0,0.05,Visa/Mastercard,C0651
ORD-010163,06/07/2025,Heliopolis ,TV03,1,14776.0,0.05,Credit Card,C1945
ORD-010162,06/07/2025,Maadi,AX03,3,548.0,0.0,CASH,C1771
ORD-010161,06/07/2025,6th of October,AC04,1,58891.0,0.0,credit card,C1269
ORD-010160,06/07/2025,Dokki,SP01,1,16629.0,0.0,VF Cash,
ORD-010166,06/07/2025,Nasr City,AX12,2,925.0,0.0,Cash,C2356
ORD-010183,07/07/2025,Miami,AX03,2,565.0,0.0,VF Cash,C2332
ORD-010180,07/07/2025,Heliopolis,AX06,3,1138.0,0.0,Visa/Mastercard,C1012
ORD-010181,07/07/2025,Smouha,AX11,3,408.0,0.0,Visa/Mastercard,C2154
ORD-010190,07/07/2025,6th of October,SP04,1,11518.0,0.0,Mobile Wallet,C1180
ORD-010189,07/07/2025,Dokki,AU05,1,3125.0,0.0,Mobile Wallet,C0374
ORD-010184,07/07/2025,Nasr City,KA07,2,18261.0,0.0,Mobile Wallet,C2011
ORD-010187,07/07/2025,Smouha,AU02,2,8797.0,0.0,cash,C2360
ORD-010185,07/07/2025,Maadi,TV06,1,90320.0,0.0,Valu/Installments,C1885
ORD-010175,07/07/2025,Heliopolis,AU01,2,6514.0,0.0,Visa/Mastercard,C0585
ORD-010178,07/07/2025,Mansoura,AX06,4,1148.0,0.0,mobile wallet,C1636
ORD-010177,07/07/2025,6th of October,AX02,3,344.0,0.0,CASH,C0263
ORD-010176,07/07/2025,NASR CITY,AX09,4,1795.0,0.0,installments,C1826
ORD-010188,07/07/2025,nasr city,SP04,1,11763.0,0.05,Mobile Wallet,C0161
ORD-010174,07/07/2025,Nasr City,KA05,2,9540.0,0.0,Installments,C0031
ORD-010179,07/07/2025,Mansoura,SP04,1,11375.0,0.0,Cash,C2478
ORD-010186,07/07/2025,Smouha,AX04,3,247.0,0.0,VF Cash,C1896
ORD-010182,07/07/2025,dokki,KA05,2,,0.0,Valu/Installments,C1348
ORD-010208,08/07/2025,Dokki,TB02,1,13642.0,0.0,Cash,C0179
ORD-010191,08/07/2025,Mansoura,KA07,1,18423.0,0.0,CASH,C1870
ORD-010207,08/07/2025,6th of October,AC05,1,38230.0,0.05,credit card,C1612
ORD-010206,08/07/2025,Mansoura,LP06,1,21588.0,0.05,credit card,C0392
ORD-010205,08/07/2025,Dokki,AC02,1,46343.0,0.0,Cash,C2330
ORD-010204,08/07/2025,Nasr City,AX12,1,905.0,0.05,cash,C0752
ORD-010203,08/07/2025,Mansoura,TV03,1,14465.0,0.0,credit card,C1576
ORD-010202,08/07/2025,Maadi,KA08,2,5545.0,0.0,Credit Card,
ORD-010201,08/07/2025,Nasr City,AX04,2,247.0,0.0,credit card,C1876
ORD-010199,08/07/2025,Smouha,AX01,5,973.0,0.05,credit card,C0736
ORD-010198,08/07/2025,Smouha,AC02,1,46430.0,0.0,Valu/Installments,C1021
ORD-010197,08/07/2025,Mansoura,SP02,1,53347.0,0.0,installments,C1701
ORD-010196,08/07/2025,Miami,AU04,1,1490.0,0.0,Credit Card,
ORD-010195,08/07/2025,Smouha ,AX09,5,1867.0,0.0,Mobile Wallet,C0718
ORD-010194,08/07/2025,Nasr City,AX06,4,1122.0,0.0,Cash,C1602
ORD-010193,08/07/2025,6th of October,AX06,4,1177.0,0.0,installments,C1219
ORD-010192,08/07/2025,Smouha,TV02,1,27099.0,0.0,Mobile Wallet,C1421
ORD-010209,08/07/2025,Heliopolis,LP03,1,30149.0,0.0,installments,C0982
ORD-010200,08/07/2025,Smouha,AX11,4,406.0,0.0,Cash,C1770
ORD-010218,09/07/2025,Smouha,AC04,1,56760.0,0.0,Valu/Installments,C2265
ORD-010223,09/07/2025,Miami,KA04,2,24790.0,0.0,CASH,C0431
ORD-010227,09/07/2025,Maadi,KA02,2,3597.0,0.0,credit card,C1680
ORD-010220,09/07/2025,Heliopolis,TB02,1,13569.0,0.0,mobile wallet,C0497
ORD-010221,09/07/2025,Heliopolis,TV05,1,24258.0,0.0,mobile wallet,C1511
ORD-010222,09/07/2025,mansoura,LP03,1,30161.0,0.0,cash,C0314
ORD-010214,09/07/2025,Maadi,TB02,1,13312.0,0.0,Credit Card,C0274
ORD-010224,09/07/2025,Nasr City,KA05,1,10042.0,0.0,installments,C2067
ORD-010211,09/07/2025,6th of October,LP03,1,31696.0,0.0,installments,C1122
ORD-010225,09/07/2025,Smouha,AX03,3,540.0,0.0,Visa/Mastercard,
ORD-010219,09/07/2025,Mansoura,SP01,1,16744.0,0.0,cash,
ORD-010226,09/07/2025,6th of October,KA03,2,6742.0,0.0,Valu/Installments,C1336
ORD-010229,09/07/2025,6th of October,KA08,2,5258.0,0.0,CASH,C0676
ORD-010230,09/07/2025,Mansoura,AX09,5,1801.0,0.0,CASH,C1036
ORD-010231,09/07/2025,Smouha,AX11,3,391.0,0.0,Valu/Installments,C0850
ORD-010215,09/07/2025,Mansoura,AU04,2,1432.0,0.0,Mobile Wallet,C0890
ORD-010210,09/07/2025,Maadi,AC03,1,25286.0,0.0,CASH,C0647
ORD-010216,09/07/2025,nasr city,AC04,1,59588.0,0.0,VF Cash,C2022
ORD-010212,09/07/2025,Mansoura,KA02,2,3518.0,0.0,Visa/Mastercard,C2203
ORD-010213,09/07/2025,Smouha,AU03,2,13893.0,0.0,Credit Card,C1196
ORD-010228,09/07/2025,Smouha,AU01,2,6418.0,0.0,CASH,C1848
ORD-010217,09/07/2025,Heliopolis,AX09,5,1833.0,0.0,Cash,C1685
ORD-010244,10/07/2025,Heliopolis,KA04,2,24160.0,0.0,VF Cash,C0044
ORD-010241,10/07/2025,Mansoura,AX12,4,897.0,0.0,Visa/Mastercard,C0797
ORD-010242,10/07/2025,Miami,AX08,5,1326.0,0.0,mobile wallet,C1625
ORD-010243,10/07/2025,6th of October,AC05,1,38460.0,0.0,Installments,C0155
ORD-010248,10/07/2025,Nasr City,SP02,1,,0.0,Mobile Wallet,C1340
ORD-010240,10/07/2025,Nasr City,AX11,5,390.0,0.0,cash,C1636
ORD-010241,10/07/2025,Mansoura,AX12,4,897.0,0.0,Visa/Mastercard,C0797
ORD-010245,10/07/2025,Maadi,LP01,1,28074.0,0.0,cash,C1027
ORD-010246,10/07/2025,Nasr City,SP07,1,14400.0,0.05,cash,C0470
ORD-010232,10/07/2025,Dokki,TB04,1,17491.0,0.0,Installments,C2073
ORD-010237,10/07/2025,6th of October,AX03,5,561.0,0.0,CASH,C1892
ORD-010236,10/07/2025,Nasr City,TB03,1,9220.0,0.0,Visa/Mastercard,C0300
ORD-010235,10/07/2025,Miami,AX05,3,2396.0,0.0,mobile wallet,C0110
ORD-010234,10/07/2025,Miami,SP05,1,19456.0,0.0,installments,C1894
ORD-010233,10/07/2025,Heliopolis,TV03,1,14535.0,0.0,CASH,C0183
ORD-010249,10/07/2025,Miami,AX08,4,1319.0,0.0,cash,C1902
ORD-010238,10/07/2025,Maadi,AX03,3,557.0,0.0,VF Cash,C1562
ORD-010247,10/07/2025,Smouha,AC04,1,58850.0,0.0,Credit Card,C0560
ORD-010239,10/07/2025,Maadi,AX03,5,565.0,0.0,installments,C1408
ORD-010255,11/07/2025,Heliopolis,LP01,1,29295.0,0.0,Mobile Wallet,C2247
ORD-010251,11/07/2025,Nasr City,LP06,1,21700.0,0.0,cash,C1890
RET-000056,11/07/2025,Smouha,SP07,-1,14485.0,0.0,VF Cash,C1205
ORD-010274,11/07/2025,Heliopolis,AX05,5,2382.0,0.0,credit card,C0318
ORD-010253,11/07/2025,Nasr City,AU01,2,6564.0,0.0,Mobile Wallet,C0339
ORD-010273,11/07/2025,6th of October,SP03,1,57008.0,0.0,cash,
ORD-010272,11/07/2025,Dokki,AX10,2,440.0,0.0,CASH,
ORD-010271,11/07/2025,Nasr City,SP03,1,58783.0,0.0,Cash,C0690
ORD-010270,11/07/2025,6th of October,LP06,1,21871.0,0.0,Valu/Installments,C1601
ORD-010250,11/07/2025,smouha,AX10,5,444.0,0.0,Valu/Installments,C1986
ORD-010268,11/07/2025,Miami,SP05,1,19714.0,0.05,mobile wallet,C0509
ORD-010267,11/07/2025,Smouha,SP07,1,14485.0,0.0,VF Cash,C1205
ORD-010266,11/07/2025,Heliopolis,AC06,1,41290.0,0.0,Cash,C0726
ORD-010265,11/07/2025,Nasr City,KA06,2,12581.0,0.0,cash,C0412
ORD-010252,11/07/2025,6th of October,KA03,2,6921.0,0.0,Cash,C0280
ORD-010264,11/07/2025,Maadi,AU01,2,6504.0,0.0,CASH,C2487
ORD-010269,11/07/2025,Heliopolis,TB03,1,9501.0,0.05,Mobile Wallet,C2190
ORD-010275,11/07/2025,Mansoura,SP02,1,53309.0,0.0,Cash,
ORD-010262,11/07/2025,Heliopolis,AX02,2,351.0,0.0,mobile wallet,C0699
ORD-010263,11/07/2025,Dokki,TB02,1,13522.0,0.05,installments,C0074
ORD-010261,11/07/2025,6th of October,AX12,5,901.0,0.0,CASH,C0661
ORD-010254,11/07/2025,Smouha,AX11,1,402.0,0.0,CASH,
ORD-010258,11/07/2025,6th of October,AC03,1,25342.0,0.0,Visa/Mastercard,C0575
ORD-010259,11/07/2025,Heliopolis,AX06,2,1169.0,0.0,Cash,C1929
ORD-010260,11/07/2025,Miami,SP08,1,44830.0,0.0,cash,C1144
ORD-010257,11/07/2025,Nasr City,AX06,5,1129.0,0.0,Valu/Installments,C1793
ORD-010256,11/07/2025,Heliopolis,KA05,2,10008.0,0.0,Cash,C0993
ORD-010276,12/07/2025,Nasr City,AX05,4,2450.0,0.0,Credit Card,C0046
ORD-010278,12/07/2025,Nasr City,AU03,2,13872.0,0.0,credit card,C0629
ORD-010279,12/07/2025,Miami ,SP03,1,58302.0,0.0,CASH,
ORD-010280,12/07/2025,Heliopolis,AU01,1,6339.0,0.0,credit card,C1805
ORD-010281,12/07/2025,Nasr City,SP07,1,14782.0,0.05,Cash,C1467
ORD-010283,12/07/2025,Mansoura,AX04,2,247.0,0.0,cash,C0888
ORD-010282,12/07/2025,Smouha,AU03,2,13574.0,0.0,cash,C0729
ORD-010285,12/07/2025,Dokki,AX11,3,400.0,0.0,Cash,C2181
ORD-010277,12/07/2025,Heliopolis,AX11,2,390.0,0.0,Visa/Mastercard,C1120
ORD-010287,12/07/2025,Nasr City,AX06,3,1160.0,0.0,mobile wallet,C1811
ORD-010289,12/07/2025,Miami,AU01,1,6436.0,0.0,Credit Card,C2142
ORD-010288,12/07/2025,Mansoura,AX09,3,1805.0,0.0,Credit Card,C0196
ORD-010284,12/07/2025,6th of October,AC05,1,38291.0,0.0,installments,C0142
ORD-010286,12/07/2025,Heliopolis,AX10,1,455.0,0.0,Visa/Mastercard,C0886
ORD-010295,13/07/2025,Mansoura,AX04,3,255.0,0.05,cash,C0215
ORD-010293,13/07/2025,Nasr City,AU03,2,13819.0,0.0,Credit Card,
ORD-010301,13/07/2025,Miami,AX06,2,1122.0,0.0,Cash,C1023
ORD-010300,13/07/2025,Miami,KA07,1,18256.0,0.0,CASH,C0827
ORD-010299,13/07/2025,Heliopolis,AC04,1,56860.0,0.0,mobile wallet,C1546
ORD-010298,13/07/2025,Mansoura,AX06,1,1178.0,0.0,credit card,C0200
ORD-010294,13/07/2025,Nasr City,AC02,1,45212.0,0.0,installments,C1819
ORD-010297,13/07/2025,Miami,LP01,1,27963.0,0.05,Visa/Mastercard,C0020
ORD-010290,13/07/2025,Smouha,KA03,2,6642.0,0.0,Visa/Mastercard,C0422
ORD-010291,13/07/2025,Maadi,SP07,1,14389.0,0.0,installments,C1600
ORD-010296,13/07/2025,Nasr City,AX10,1,446.0,0.0,Credit Card,C2451
ORD-010292,13/07/2025,Maadi,TV01,1,32196.0,0.0,Visa/Mastercard,C1263
ORD-010308,14/07/2025,SMOUHA,SP07,1,14238.0,0.0,Installments,C1728
ORD-010313,14/07/2025,Miami,AX03,4,541.0,0.0,Cash,C0259
RET-000017,14/07/2025,Nasr City,LP04,-1,78604.0,0.0,cash,C0115
ORD-010312,14/07/2025,Heliopolis,AX03,5,552.0,0.0,Visa/Mastercard,C0788
ORD-010309,14/07/2025,Nasr City,LP04,1,78604.0,0.0,cash,C0115
ORD-010310,14/07/2025,Mansoura,AX11,5,389.0,0.0,Visa/Mastercard,C0060
ORD-010307,14/07/2025,Nasr City,AC06,1,40347.0,0.0,credit card,C0066
ORD-010306,14/07/2025,Miami,AX01,1,975.0,0.0,credit card,C0375
ORD-010303,14/07/2025,Smouha,AC02,1,46959.0,0.0,Installments,C0978
ORD-010314,14/07/2025,MAADI,SP02,1,53223.0,0.0,Visa/Mastercard,C0904
ORD-010302,14/07/2025,Dokki,TV06,1,,0.0,installments,C1535
RET-000041,14/07/2025,Nasr City,AX10,-3,440.0,0.0,credit card,C0685
ORD-010316,14/07/2025,6th of October,AX04,5,255.0,0.0,Valu/Installments,C0688
ORD-010311,14/07/2025,Nasr City,AC03,1,25610.0,0.0,Credit Card,C1381
ORD-010305,14/07/2025,Dokki,AU04,1,1487.0,0.0,Cash,
ORD-010317,14/07/2025,Nasr City,AX10,3,440.0,0.0,credit card,C0685
ORD-010318,14/07/2025,Dokki,TB02,1,13667.0,0.0,cash,C0181
ORD-010304,14/07/2025,6TH OF OCTOBER,AX08,4,1331.0,0.0,VF Cash,C0820
ORD-010315,14/07/2025,Nasr City,AX07,5,766.0,0.0,Visa/Mastercard,C0396
ORD-010336,15/07/2025,Nasr City,AU02,1,8658.0,0.0,Cash,C0712
ORD-010323,15/07/2025,Nasr City,AC01,1,33042.0,0.0,installments,C1322
ORD-010324,15/07/2025,Heliopolis,AX04,2,248.0,0.0,VF Cash,C2303
ORD-010325,15/07/2025,Dokki ,KA02,1,3701.0,0.0,cash,C0777
ORD-010320,15/07/2025,Mansoura,LP05,1,34914.0,0.0,Cash,C2100
ORD-010321,15/07/2025,NASR CITY,AX10,5,459.0,0.0,Visa/Mastercard,C0442
ORD-010322,15/07/2025,6th of October,SP05,1,19841.0,0.0,cash,C1340
ORD-010319,15/07/2025,Miami,LP06,1,21402.0,0.0,Installments,C1703
ORD-010326,15/07/2025,6th of October,AU02,2,8941.0,0.0,installments,C0849
ORD-010331,15/07/2025,Nasr City,AX10,1,453.0,0.0,Cash,C0952
ORD-010326,15/07/2025,6th of October,AU02,2,8941.0,0.0,installments,C0849
ORD-010335,15/07/2025,Smouha,AU02,2,8745.0,0.0,Credit Card,C1325
ORD-010337,15/07/2025,Nasr City,AX03,3,,0.0,mobile wallet,C0062
ORD-010341,15/07/2025,Nasr City,AC06,1,41800.0,0.0,Valu/Installments,C1595
ORD-010340,15/07/2025,Nasr City,KA06,1,12194.0,0.0,Cash,C0050
ORD-010334,15/07/2025,Miami,AU02,1,9012.0,0.0,credit card,C1461
ORD-010333,15/07/2025,Dokki,TV03,1,14074.0,0.0,credit card,C0434
ORD-010339,15/07/2025,Heliopolis,AC06,1,42004.0,0.0,Credit Card,C1296
ORD-010330,15/07/2025,Smouha,AX01,5,953.0,0.0,Installments,C0495
ORD-010329,15/07/2025,Dokki,SP07,1,14268.0,0.0,Cash,C1753
ORD-010328,15/07/2025,Nasr City,LP01,1,28742.0,0.0,CASH,C1619
ORD-010338,15/07/2025,Nasr City,TV01,1,32093.0,0.0,CASH,C1648
ORD-010327,15/07/2025,6th of October,AU02,2,8731.0,0.0,credit card,C2219
ORD-010332,15/07/2025,Mansoura,LP02,1,40753.0,0.0,Installments,C0876
ORD-010357,16/07/2025,Heliopolis,SP01,1,16903.0,0.0,CASH,C2197
ORD-010351,16/07/2025,Mansoura,AC04,1,57251.0,0.0,Credit Card,C0896
ORD-010356,16/07/2025,Nasr City,TB04,1,18007.0,0.0,Visa/Mastercard,C0418
ORD-010353,16/07/2025,Maadi,AU02,1,8875.0,0.0,Visa/Mastercard,C1236
ORD-010342,16/07/2025,Maadi,AC03,1,26556.0,0.0,credit card,C0872
ORD-010355,16/07/2025,Nasr City,AX08,3,1366.0,0.0,Cash,C2047
ORD-010352,16/07/2025,Mansoura,AU03,2,13264.0,0.0,credit card,C1684
ORD-010346,16/07/2025,Miami,SP03,1,58381.0,0.05,Credit Card,C1141
ORD-010350,16/07/2025,6th of October,AU03,1,13744.0,0.0,mobile wallet,
ORD-010349,16/07/2025,6th of October,AC05,1,37578.0,0.0,cash,C0276
ORD-010348,16/07/2025,Dokki,TV02,1,27194.0,0.0,credit card,C0180
ORD-010347,16/07/2025,Dokki,TV06,1,86641.0,0.0,Installments,C1512
ORD-010345,16/07/2025,Dokki,TB03,1,9692.0,0.0,VF Cash,C0271
ORD-010344,16/07/2025,Heliopolis,SP03,1,56830.0,0.0,CASH,C0902
ORD-010354,16/07/2025,6th of October,AU01,1,6615.0,0.0,Credit Card,C2453
ORD-010343,16/07/2025,Dokki,AX02,2,350.0,0.0,VF Cash,C1880
ORD-010358,17/07/2025,Smouha,TV02,1,25795.0,0.0,mobile wallet,C2332
ORD-010359,17/07/2025,Miami,AX08,3,1336.0,0.0,CASH,C0703
ORD-010360,17/07/2025,6th of October,SP02,1,53193.0,0.0,VF Cash,C1032
ORD-010365,17/07/2025,Heliopolis,AX02,1,346.0,0.0,Credit Card,C1329
ORD-010364,17/07/2025,6th of october,AX10,3,441.0,0.0,installments,
ORD-010363,17/07/2025,Smouha,LP05,1,36520.0,0.0,CASH,C2458
ORD-010367,17/07/2025,Nasr City,LP03,1,30517.0,0.0,Credit Card,C0545
ORD-010366,17/07/2025,Heliopolis,AU05,1,3214.0,0.0,Visa/Mastercard,C1592
ORD-010361,17/07/2025,SMOUHA,KA08,2,5473.0,0.0,cash,
ORD-010362,17/07/2025,MANSOURA,KA01,2,4122.0,0.0,Credit Card,C0389
ORD-010383,18/07/2025,Smouha,SP03,1,57230.0,0.0,Visa/Mastercard,C2094
ORD-010374,18/07/2025,Nasr City,AX06,2,1154.0,0.0,credit card,C0277
ORD-010377,18/07/2025,Dokki,TV04,1,40255.0,0.0,Credit Card,
ORD-010369,18/07/2025,Nasr City,AX09,3,1812.0,0.0,CASH,C1361
ORD-010370,18/07/2025,Dokki,AU04,2,1433.0,0.05,mobile wallet,C0719
ORD-010371,18/07/2025,Dokki,AC04,1,59078.0,0.0,Credit Card,C1303
ORD-010372,18/07/2025,Miami,AC04,1,59011.0,0.0,installments,
ORD-010373,18/07/2025,Mansoura,AU02,1,9026.0,0.0,Cash,C1975
ORD-010375,18/07/2025,Mansoura,LP04,1,77712.0,0.0,Valu/Installments,C1373
ORD-010376,18/07/2025,Dokki,AX06,3,1123.0,0.0,Visa/Mastercard,C0073
ORD-010378,18/07/2025,Miami,AC05,1,38665.0,0.0,credit card,C2493
ORD-010379,18/07/2025,dokki,AX06,5,1180.0,0.0,Installments,
ORD-010381,18/07/2025,Maadi,LP05,1,35580.0,0.0,Cash,C1839
ORD-010382,18/07/2025,6th of October,TB02,1,13719.0,0.0,installments,C1567
ORD-010384,18/07/2025,Miami,KA07,2,18877.0,0.0,Installments,C0953
ORD-010385,18/07/2025,Maadi,AC02,1,45274.0,0.0,Valu/Installments,C2063
ORD-010386,18/07/2025,Nasr City,AX04,5,256.0,0.0,Valu/Installments,C2407
ORD-010387,18/07/2025,6th of October,SP02,1,50848.0,0.0,CASH,C0055
ORD-010388,18/07/2025,Heliopolis,AX12,5,889.0,0.0,Installments,C0953
ORD-010368,18/07/2025,Dokki,AU05,1,3255.0,0.0,CASH,
ORD-010380,18/07/2025,Maadi,AU02,1,8653.0,0.0,VF Cash,C2397
ORD-010391,19/07/2025,Dokki,AX06,4,1147.0,0.0,installments,C1266
ORD-010390,19/07/2025,Dokki,TV04,1,42119.0,0.0,Valu/Installments,C0509
ORD-010397,19/07/2025,Nasr City,TV04,1,41490.0,0.0,Visa/Mastercard,C0564
ORD-010402,19/07/2025,6th of October,AC04,1,59375.0,0.0,Installments,C1215
ORD-010392,19/07/2025,6th of October ,LP03,1,30751.0,0.0,Valu/Installments,C0969
ORD-010389,19/07/2025,Mansoura,SP05,1,19342.0,0.0,cash,C0087
ORD-010396,19/07/2025,Mansoura,AC02,1,45465.0,0.0,VF Cash,C0246
ORD-010393,19/07/2025,Maadi,LP06,1,22356.0,0.0,credit card,C1756
ORD-010395,19/07/2025,Nasr City,AU05,1,3250.0,0.0,credit card,C0326
ORD-010401,19/07/2025,Maadi,AX07,1,735.0,0.0,CASH,C2043
ORD-010398,19/07/2025,Nasr City,LP03,1,30378.0,0.0,Installments,C1535
ORD-010399,19/07/2025,Nasr City,KA01,1,4177.0,0.05,cash,
ORD-010404,19/07/2025,Miami,AX07,2,759.0,0.0,Cash,C0622
ORD-010405,19/07/2025,6th of October,KA03,2,6654.0,0.0,CASH,C1540
ORD-010406,19/07/2025,Heliopolis,SP03,1,56986.0,0.0,Cash,C0838
ORD-010407,19/07/2025,Nasr City,TV06,1,90557.0,0.0,Visa/Mastercard,C0156
ORD-010403,19/07/2025,6th of October,AX09,1,1862.0,0.0,Visa/Mastercard,C0828
ORD-010394,19/07/2025,6th of October,AX10,1,445.0,0.0,Valu/Installments,C0998
ORD-010400,19/07/2025,Mansoura,LP03,1,31728.0,0.0,Valu/Installments,
ORD-010420,20/07/2025,Nasr City,SP03,1,58188.0,0.0,Valu/Installments,C0098
ORD-010421,20/07/2025,Heliopolis,AU04,1,1454.0,0.0,Visa/Mastercard,C0939
ORD-010418,20/07/2025,Dokki,AU01,2,6573.0,0.0,Mobile Wallet,C1700
ORD-010414,20/07/2025,Nasr City,TV04,1,41360.0,0.0,Visa/Mastercard,C1301
ORD-010412,20/07/2025,Maadi,LP06,1,22215.0,0.0,Valu/Installments,C0550
RET-000112,20/07/2025,Heliopolis,TV01,-1,32240.0,0.0,Valu/Installments,C1818
ORD-010416,20/07/2025,Heliopolis,TV06,1,88718.0,0.0,credit card,C2134
ORD-010413,20/07/2025,Maadi,LP03,1,30852.0,0.0,cash,C1140
ORD-010415,20/07/2025,Miami,AC01,1,34100.0,0.0,Installments,C0163
ORD-010411,20/07/2025,Heliopolis,LP06,1,21720.0,0.0,Valu/Installments,C1347
ORD-010410,20/07/2025,Heliopolis,TV01,1,32240.0,0.0,Valu/Installments,C1818
ORD-010409,20/07/2025,Nasr City,AC05,1,37509.0,0.0,installments,C2450
ORD-010408,20/07/2025,Heliopolis,AC03,1,25837.0,0.0,installments,C0976
ORD-010417,20/07/2025,Heliopolis,LP03,1,30643.0,0.0,CASH,
ORD-010419,20/07/2025,Nasr City,TV05,1,23550.0,0.0,Valu/Installments,C1182
ORD-010422,20/07/2025,Heliopolis,AX07,1,750.0,0.0,credit card,
ORD-010441,21/07/2025,Smouha,KA05,1,9713.0,0.0,credit card,
ORD-010433,21/07/2025,Mansoura,AU04,2,1457.0,0.0,cash,C2136
ORD-010443,21/07/2025,Smouha,AX12,1,874.0,0.0,Credit Card,C0287
ORD-010442,21/07/2025,Nasr City,SP05,1,19273.0,0.0,cash,
ORD-010439,21/07/2025,Smouha,AC04,1,57506.0,0.0,credit card,C2014
ORD-010440,21/07/2025,Heliopolis,LP04,1,79646.0,0.0,mobile wallet,
ORD-010432,21/07/2025,6th of October,AX09,5,1807.0,0.0,Valu/Installments,C1563
ORD-010425,21/07/2025,Maadi,AX04,4,247.0,0.0,cash,C0993
ORD-010426,21/07/2025,mansoura,AX05,2,2384.0,0.0,credit card,C0844
ORD-010427,21/07/2025,Mansoura,AC01,1,33866.0,0.0,credit card,C2210
ORD-010428,21/07/2025,Miami,AU02,2,9155.0,0.0,installments,C0222
ORD-010424,21/07/2025,Heliopolis,LP06,1,22553.0,0.0,credit card,C1404
ORD-010430,21/07/2025,Maadi,AC02,1,47090.0,0.05,Mobile Wallet,C0912
ORD-010431,21/07/2025,Dokki,AC03,1,26090.0,0.0,Credit Card,C2491
ORD-010423,21/07/2025,Dokki,SP05,1,19618.0,0.0,CASH,C1357
ORD-010435,21/07/2025,DOKKI,AC06,1,41700.0,0.0,mobile wallet,C0752
ORD-010436,21/07/2025,6th of October,KA08,1,5464.0,0.05,mobile wallet,C1812
ORD-010437,21/07/2025,Miami,SP06,1,9640.0,0.0,Cash,C0025
ORD-010438,21/07/2025,Nasr City,AC02,1,46114.0,0.0,Credit Card,C0265
ORD-010434,21/07/2025,mansoura,AX01,2,968.0,0.0,Credit Card,C1318
ORD-010429,21/07/2025,Heliopolis,TV01,1,32104.0,0.0,CASH,C1018
ORD-010460,22/07/2025,6th of October,AU04,2,1428.0,0.0,cash,C1276
ORD-010461,22/07/2025,Miami,AU03,2,13375.0,0.0,Installments,C0673
ORD-010462,22/07/2025,Miami,AX06,3,1123.0,0.0,CASH,C0810
ORD-010463,22/07/2025,Dokki,LP04,1,76273.0,0.0,cash,C1004
ORD-010467,22/07/2025,Miami,AC05,1,38873.0,0.0,Installments,C1020
ORD-010465,22/07/2025,maadi,AC03,1,25838.0,0.0,Visa/Mastercard,C0723
ORD-010466,22/07/2025,Miami,AC06,1,42059.0,0.0,Valu/Installments,C2482
ORD-010459,22/07/2025,Mansoura,AU01,2,6411.0,0.0,VF Cash,
ORD-010464,22/07/2025,Nasr City,TV01,1,31895.0,0.0,Credit Card,C1737
ORD-010458,22/07/2025,Mansoura,AC04,1,58114.0,0.0,Credit Card,C1914
ORD-010457,22/07/2025,Nasr City,AC02,1,45838.0,0.0,cash,C1746
ORD-010454,22/07/2025,Smouha ,KA06,2,12824.0,0.0,installments,C0968
ORD-010455,22/07/2025,6th of October ,TV05,1,23808.0,0.0,cash,C2079
RET-000035,22/07/2025,6th of October ,TV05,-1,23808.0,0.0,cash,C2079
ORD-010451,22/07/2025,6th of October,AX05,5,2402.0,0.0,VF Cash,C2428
ORD-010450,22/07/2025,Maadi,SP06,1,10019.0,0.0,credit card,C0712
ORD-010449,22/07/2025,Dokki,LP06,1,21610.0,0.0,Valu/Installments,C0376
ORD-010448,22/07/2025,6th of October,AC06,1,40568.0,0.0,installments,C0515
ORD-010447,22/07/2025,Nasr City,KA05,2,9597.0,0.0,Cash,C0837
ORD-010446,22/07/2025,Heliopolis,SP07,1,14320.0,0.0,Credit Card,C0580
ORD-010444,22/07/2025,Smouha,AX06,1,1167.0,0.0,Visa/Mastercard,C0789
ORD-010456,22/07/2025,Smouha,TV05,1,24476.0,0.0,Cash,C0321
ORD-010445,22/07/2025,Maadi,AC03,1,26074.0,0.0,Valu/Installments,C0214
ORD-010452,22/07/2025,Miami,KA04,1,,0.0,VF Cash,C2249
ORD-010453,22/07/2025,Mansoura,AX05,3,2407.0,0.0,Valu/Installments,C0838
ORD-010468,23/07/2025,Heliopolis,AX12,1,894.0,0.05,cash,C1242
ORD-010482,23/07/2025,6th of October ,SP06,1,10075.0,0.0,Valu/Installments,C1808
ORD-010469,23/07/2025,Nasr City,AU02,1,8907.0,0.0,credit card,C1169
ORD-010470,23/07/2025,Dokki,AU02,1,9019.0,0.0,CASH,C2362
ORD-010471,23/07/2025,Mansoura,AX03,1,536.0,0.0,mobile wallet,C1837
RET-000010,23/07/2025,Dokki,AU02,-1,9019.0,0.0,CASH,C2362
ORD-010472,23/07/2025,Dokki,AU03,1,13478.0,0.0,Installments,C0825
ORD-010473,23/07/2025,Maadi,LP03,1,30858.0,0.0,Valu/Installments,C1114
ORD-010474,23/07/2025,Heliopolis,SP04,1,11519.0,0.0,mobile wallet,C1971
ORD-010477,23/07/2025,Miami,AC01,1,32674.0,0.0,CASH,C1473
ORD-010475,23/07/2025,6th of October,TB04,1,17601.0,0.0,VF Cash,
ORD-010476,23/07/2025,Smouha,TB01,1,,0.0,Credit Card,C0328
ORD-010478,23/07/2025,Heliopolis,LP02,1,41014.0,0.0,Cash,C1632
ORD-010479,23/07/2025,Miami,AX02,4,343.0,0.0,installments,C1548
ORD-010484,23/07/2025,Maadi,AC01,1,34355.0,0.0,Credit Card,C2070
ORD-010483,23/07/2025,Smouha,AX10,5,439.0,0.05,Installments,C1732
ORD-010485,23/07/2025,6th of October,AX03,3,549.0,0.05,Valu/Installments,C2497
ORD-010480,23/07/2025,Maadi,AX06,4,1163.0,0.0,VF Cash,C0688
ORD-010481,23/07/2025,Dokki,AC02,1,46774.0,0.0,credit card,C1929
ORD-010504,24/07/2025,Maadi,SP07,1,14422.0,0.0,Credit Card,
ORD-010505,24/07/2025,Maadi,AX08,2,1333.0,0.0,CASH,C1900
ORD-010503,24/07/2025,Dokki,AX10,5,462.0,0.0,Installments,C1559
ORD-010502,24/07/2025,6th of October,LP04,1,76808.0,0.0,cash,C1054
ORD-010501,24/07/2025,Maadi,TV04,1,41949.0,0.0,Credit Card,C0720
ORD-010500,24/07/2025,Heliopolis,AX01,2,978.0,0.0,Visa/Mastercard,C2265
RET-000034,24/07/2025,Maadi,TV04,-1,41949.0,0.0,Credit Card,C0720
ORD-010499,24/07/2025,Dokki,KA05,2,9819.0,0.05,cash,
ORD-010487,24/07/2025,6th of October,AC05,1,38069.0,0.0,installments,C0639
ORD-010498,24/07/2025,Mansoura,SP05,1,19383.0,0.0,Cash,
ORD-010494,24/07/2025,6th of October,KA04,2,23843.0,0.0,Installments,C1230
ORD-010493,24/07/2025,Heliopolis,AU05,2,3278.0,0.0,cash,C0341
ORD-010492,24/07/2025,6th of October,AU05,1,3141.0,0.0,VF Cash,C1751
ORD-010491,24/07/2025,6th of October,AX02,1,355.0,0.0,CASH,C1563
ORD-010490,24/07/2025,Mansoura,AC02,1,45257.0,0.0,Visa/Mastercard,C0082
ORD-010489,24/07/2025,Smouha,AU02,2,8803.0,0.0,Valu/Installments,
ORD-010488,24/07/2025,Maadi,AX01,3,928.0,0.0,mobile wallet,C1975
ORD-010486,24/07/2025,Nasr City,AC02,1,45156.0,0.0,Cash,C1776
ORD-010495,24/07/2025,Miami,AC02,1,46630.0,0.0,Cash,C2438
ORD-010496,24/07/2025,Dokki,SP02,1,53175.0,0.0,Cash,C2201
ORD-010497,24/07/2025,6th of October,KA08,1,5414.0,0.0,Cash,C0626
ORD-010522,25/07/2025,Maadi,KA08,1,5424.0,0.0,Visa/Mastercard,C0777
ORD-010516,25/07/2025,Nasr City,AX08,3,1322.0,0.0,CASH,
ORD-010508,25/07/2025,Mansoura ,AC04,1,58120.0,0.0,mobile wallet,C1161
ORD-010530,25/07/2025,Smouha,SP08,1,45749.0,0.0,Visa/Mastercard,C1704
ORD-010529,25/07/2025,Heliopolis,TV01,1,32888.0,0.0,installments,C1658
ORD-010528,25/07/2025,Mansoura,LP02,1,42618.0,0.0,Installments,C2013
ORD-010527,25/07/2025,Dokki,LP02,1,41692.0,0.0,Cash,C1533
ORD-010526,25/07/2025,Maadi,AX12,1,925.0,0.0,installments,C2051
ORD-010525,25/07/2025,Maadi,AU01,2,6376.0,0.0,credit card,
ORD-010524,25/07/2025,Mansoura,AC05,1,37440.0,0.0,cash,C0053
ORD-010523,25/07/2025,Nasr City,AC04,1,58099.0,0.0,installments,C0018
ORD-010521,25/07/2025,Mansoura,SP06,1,9767.0,0.0,Visa/Mastercard,C0634
ORD-010520,25/07/2025,Mansoura,LP03,1,30388.0,0.05,VF Cash,C0802
ORD-010507,25/07/2025,6th of October,AX03,2,557.0,0.0,Credit Card,C1858
ORD-010514,25/07/2025,Smouha,TV06,1,87640.0,0.0,credit card,C0295
ORD-010518,25/07/2025,6th of October,AX04,5,245.0,0.0,CASH,
ORD-010509,25/07/2025,Maadi,AX07,3,755.0,0.0,Cash,C1537
ORD-010510,25/07/2025,Maadi,KA08,2,5472.0,0.0,CASH,C2303
ORD-010512,25/07/2025,Miami,AU01,1,6668.0,0.0,credit card,C2483
ORD-010513,25/07/2025,Smouha,AU01,1,6368.0,0.0,credit card,C1970
ORD-010511,25/07/2025,Heliopolis,AX06,3,1144.0,0.0,credit card,
ORD-010515,25/07/2025,Maadi,AU05,2,3164.0,0.0,CASH,C1365
ORD-010506,25/07/2025,Mansoura,LP06,1,22269.0,0.0,credit card,C1253
ORD-010517,25/07/2025,6th of October ,TV04,1,41259.0,0.0,Valu/Installments,C0560
ORD-010519,25/07/2025,Smouha,AC04,1,59747.0,0.0,credit card,C1923
ORD-010550,26/07/2025,Nasr City,AX04,5,245.0,0.0,Visa/Mastercard,C2002
ORD-010556,26/07/2025,6th of October,LP06,1,21675.0,0.0,VF Cash,C1737
RET-000080,26/07/2025,Dokki,AX06,-4,1184.0,0.0,credit card,C0292
ORD-010549,26/07/2025,Miami,TB03,1,9703.0,0.0,mobile wallet,C2088
ORD-010548,26/07/2025,Maadi,AC03,1,25964.0,0.0,Credit Card,C1428
ORD-010547,26/07/2025,Miami,AX06,4,1150.0,0.0,Cash,C1046
ORD-010546,26/07/2025,Mansoura,TB02,1,13862.0,0.0,mobile wallet,C1788
ORD-010545,26/07/2025,Heliopolis,TV05,1,24552.0,0.0,Installments,C0796
ORD-010544,26/07/2025,6th of October,AC06,1,41320.0,0.0,Valu/Installments,C0666
ORD-010543,26/07/2025,6th of October,AC04,1,56854.0,0.0,credit card,C2317
ORD-010542,26/07/2025,Dokki,TB04,1,17975.0,0.0,Cash,C1577
RET-000108,26/07/2025,Nasr City,AX04,-5,245.0,0.0,Visa/Mastercard,C2002
ORD-010540,26/07/2025,Nasr City,AX06,5,1142.0,0.0,Cash,C0160
ORD-010539,26/07/2025,Smouha ,KA03,2,6821.0,0.0,credit card,
ORD-010538,26/07/2025,MAADI,AX09,1,1857.0,0.0,credit card,C1675
ORD-010537,26/07/2025,Dokki,AX06,4,1184.0,0.0,credit card,C0292
ORD-010536,26/07/2025,6th of October,AU04,2,1473.0,0.0,CASH,C2410
ORD-010535,26/07/2025,Maadi,AC04,1,59437.0,0.0,cash,C1261
ORD-010534,26/07/2025,6th of October,SP04,1,11409.0,0.0,credit card,C2006
ORD-010533,26/07/2025,Dokki,AU03,2,13510.0,0.0,Valu/Installments,C1574
ORD-010532,26/07/2025,Nasr City,KA08,1,5467.0,0.0,cash,C1529
ORD-010531,26/07/2025,Nasr City,TV04,1,41341.0,0.0,Valu/Installments,C1617
ORD-010541,26/07/2025,Nasr City,AC03,1,25505.0,0.05,Credit Card,C0510
ORD-010555,26/07/2025,Mansoura,KA03,1,6813.0,0.0,Credit Card,
ORD-010553,26/07/2025,Nasr City,LP01,1,28145.0,0.0,Visa/Mastercard,C0237
ORD-010554,26/07/2025,Mansoura,LP06,1,21831.0,0.0,mobile wallet,C1579
ORD-010551,26/07/2025,Nasr City,AX04,4,244.0,0.0,cash,C1509
ORD-010552,26/07/2025,Smouha,TB01,1,23902.0,0.0,Visa/Mastercard,
ORD-010565,27/07/2025,Heliopolis,TV02,1,27193.0,0.0,Installments,C1071
ORD-010564,27/07/2025,Dokki,TV02,1,26712.0,0.0,CASH,C0606
ORD-010558,27/07/2025,Dokki,AU02,2,8931.0,0.0,Cash,C0993
RET-000031,27/07/2025,Heliopolis,KA07,-2,18013.0,0.0,cash,C0142
ORD-010557,27/07/2025,Dokki,AX12,4,910.0,0.0,cash,C1011
ORD-010559,27/07/2025,Mansoura,LP05,1,36017.0,0.0,Installments,C1957
ORD-010560,27/07/2025,Dokki,SP06,1,10048.0,0.0,Cash,
ORD-010561,27/07/2025,Heliopolis,KA07,2,18013.0,0.0,cash,C0142
ORD-010562,27/07/2025,Nasr City,KA08,1,5420.0,0.0,CASH,C1481
ORD-010563,27/07/2025,Maadi,AC01,1,32885.0,0.0,cash,C0116
ORD-010566,27/07/2025,Miami,AU04,2,1407.0,0.0,VF Cash,C2480
ORD-010567,27/07/2025,Smouha,AU01,2,6437.0,0.0,installments,C1866
ORD-010574,28/07/2025,Nasr City,AX01,5,923.0,0.0,Cash,
ORD-010573,28/07/2025,HELIOPOLIS,KA07,1,18976.0,0.0,Installments,
ORD-010571,28/07/2025,Mansoura,SP01,1,16985.0,0.0,mobile wallet,C2467
ORD-010570,28/07/2025,6th of October,KA01,1,4157.0,0.0,cash,C1014
ORD-010568,28/07/2025,Smouha,TB04,1,17072.0,0.0,Credit Card,C0604
ORD-010572,28/07/2025,Mansoura,KA01,1,4077.0,0.0,CASH,C2369
ORD-010569,28/07/2025,Nasr City,TV06,1,87657.0,0.0,Valu/Installments,C1042
ORD-010576,28/07/2025,Mansoura,SP08,1,45169.0,0.0,Visa/Mastercard,C0051
ORD-010581,28/07/2025,Mansoura,AU05,1,3128.0,0.0,Installments,C2401
ORD-010578,28/07/2025,Maadi,TV03,1,14478.0,0.0,CASH,C0379
ORD-010579,28/07/2025,6th of October,AU01,2,6692.0,0.0,Mobile Wallet,C1575
ORD-010580,28/07/2025,6th of October,AX03,4,551.0,0.0,cash,C1629
ORD-010582,28/07/2025,Miami ,TV02,1,26073.0,0.0,Cash,C0330
ORD-010575,28/07/2025,Smouha,KA05,1,9650.0,0.0,credit card,C0662
ORD-010577,28/07/2025,Nasr City,AX05,4,2490.0,0.0,Cash,C0479
ORD-010594,29/07/2025,Nasr City,AC02,1,47755.0,0.0,Visa/Mastercard,C1262
ORD-010597,29/07/2025,Miami,AU05,1,3120.0,0.0,installments,C0448
ORD-010595,29/07/2025,Miami,AX03,1,545.0,0.0,CASH,C1686
ORD-010599,29/07/2025,Dokki,AX01,4,962.0,0.0,Visa/Mastercard,C1411
ORD-010598,29/07/2025,Dokki,AX11,4,390.0,0.0,VF Cash,C2346
ORD-010587,29/07/2025,Maadi,AX08,5,1382.0,0.0,Mobile Wallet,C1749
ORD-010601,29/07/2025,Dokki,SP07,1,14384.0,0.0,Credit Card,C1102
ORD-010585,29/07/2025,Heliopolis,AC06,1,40579.0,0.0,Mobile Wallet,C1733
ORD-010588,29/07/2025,Mansoura,AX07,5,765.0,0.0,cash,C1036
ORD-010589,29/07/2025,Nasr City,TV06,1,90093.0,0.0,Valu/Installments,C1238
ORD-010583,29/07/2025,Dokki,AX09,5,1847.0,0.0,credit card,C2124
ORD-010591,29/07/2025,Heliopolis,AC04,1,57940.0,0.0,Visa/Mastercard,C2184
ORD-010590,29/07/2025,Miami,SP05,1,19935.0,0.0,Visa/Mastercard,C2051
ORD-010596,29/07/2025,Miami,AU01,1,6670.0,0.0,Credit Card,C0365
ORD-010592,29/07/2025,Smouha,AX12,2,910.0,0.05,mobile wallet,C1568
ORD-010600,29/07/2025,6th of October,SP06,1,9549.0,0.0,Visa/Mastercard,C0585
ORD-010593,29/07/2025,Heliopolis,SP07,1,14355.0,0.0,Valu/Installments,C2401
RET-000063,29/07/2025,Dokki,AX09,-5,1847.0,0.0,credit card,C2124
ORD-010602,29/07/2025,Mansoura,AX12,4,874.0,0.0,Credit Card,C0859
ORD-010586,29/07/2025,Mansoura ,AX09,5,1880.0,0.0,Credit Card,C0680
ORD-010584,29/07/2025,6th of October,AC06,1,40441.0,0.0,Visa/Mastercard,C0774
ORD-010604,30/07/2025,Smouha,AX03,1,,0.0,Credit Card,C1262
ORD-010608,30/07/2025,Smouha,AC06,1,41869.0,0.0,Credit Card,C0007
ORD-010608,30/07/2025,Smouha,AC06,1,41869.0,0.0,Credit Card,C0007
ORD-010603,30/07/2025,Maadi,AU01,1,6479.0,0.0,Mobile Wallet,C1631
ORD-010616,30/07/2025,Mansoura,AX04,4,246.0,0.0,Mobile Wallet,C0699
ORD-010614,30/07/2025,Dokki,AC06,1,42108.0,0.0,VF Cash,C1182
ORD-010613,30/07/2025,Smouha,TB02,1,13678.0,0.0,credit card,C1708
ORD-010617,30/07/2025,Maadi,TV03,1,14288.0,0.0,Mobile Wallet,C0723
ORD-010611,30/07/2025,Maadi,SP08,1,44661.0,0.0,credit card,C1712
ORD-010615,30/07/2025,Heliopolis,AX02,1,356.0,0.0,Visa/Mastercard,C1766
ORD-010609,30/07/2025,Nasr City,AC06,1,41910.0,0.0,Visa/Mastercard,C0397
ORD-010612,30/07/2025,Nasr City,AX12,4,908.0,0.0,cash,C2151
ORD-010607,30/07/2025,Mansoura,AX03,4,560.0,0.0,credit card,C2015
ORD-010610,30/07/2025,Mansoura,AX04,1,245.0,0.05,Credit Card,C0287
ORD-010606,30/07/2025,6th of October,AX09,5,1802.0,0.0,Installments,C0690
ORD-010605,30/07/2025,Mansoura,AC06,1,40889.0,0.0,installments,C0027
ORD-010631,31/07/2025,6th of October,TV02,1,26463.0,0.0,CASH,C0824
ORD-010629,31/07/2025,Heliopolis,SP06,1,9721.0,0.05,Credit Card,C0871
ORD-010628,31/07/2025,6th of October,AC06,1,40601.0,0.0,cash,C2323
ORD-010627,31/07/2025,Dokki,TB02,1,13890.0,0.0,Credit Card,C1846
ORD-010626,31/07/2025,Dokki,AC04,1,56771.0,0.0,installments,
ORD-010625,31/07/2025,Nasr City,AX03,3,542.0,0.0,Mobile Wallet,C0452
ORD-010624,31/07/2025,Dokki,KA04,1,24336.0,0.0,installments,C2059
ORD-010621,31/07/2025,Nasr City,TB02,1,13570.0,0.0,cash,C0812
ORD-010622,31/07/2025,Miami,LP04,1,79866.0,0.0,VF Cash,C1993
ORD-010620,31/07/2025,nasr city,AU02,2,8880.0,0.0,CASH,C0551
ORD-010619,31/07/2025,Dokki,SP05,1,19219.0,0.0,credit card,C0764
ORD-010618,31/07/2025,Smouha,AX08,4,1382.0,0.05,Credit Card,C1535
ORD-010635,31/07/2025,MANSOURA,TV03,1,14848.0,0.0,Cash,C0786
ORD-010630,31/07/2025,Miami,TB02,1,13179.0,0.0,Cash,C0761
ORD-010632,31/07/2025,Nasr City,LP01,1,28067.0,0.0,mobile wallet,
ORD-010623,31/07/2025,Smouha,AX06,4,1117.0,0.0,Cash,C0746
ORD-010633,31/07/2025,Dokki,KA04,2,24809.0,0.0,Cash,C0242
ORD-010634,31/07/2025,Heliopolis,KA07,2,18980.0,0.0,Valu/Installments,C0749
ORD-010652,01/08/2025,Nasr City,AX07,2,728.0,0.05,installments,C1958
ORD-010652,01/08/2025,Nasr City,AX07,2,728.0,0.05,installments,C1958
ORD-010643,01/08/2025,Mansoura,LP02,1,42045.0,0.0,Valu/Installments,C0352
RET-000081,01/08/2025,nasr city,LP04,-1,79370.0,0.0,Credit Card,C1402
ORD-010636,01/08/2025,6th of October,AC05,1,38813.0,0.0,Valu/Installments,C1063
ORD-010642,01/08/2025,Miami,AX08,4,1357.0,0.0,Cash,C1201
ORD-010637,01/08/2025,Dokki,AX07,2,771.0,0.0,CASH,C1675
ORD-010639,01/08/2025,Dokki,AX10,1,456.0,0.0,Cash,C0448
ORD-010657,01/08/2025,Heliopolis,AX01,1,934.0,0.0,installments,C1090
ORD-010658,01/08/2025,Nasr City,LP03,1,31672.0,0.0,Installments,C0030
ORD-010656,01/08/2025,heliopolis,AX07,4,731.0,0.0,Cash,C0251
ORD-010655,01/08/2025,Miami,AX05,5,2445.0,0.0,CASH,C0039
ORD-010654,01/08/2025,Mansoura,AU05,2,3272.0,0.0,credit card,C0413
ORD-010651,01/08/2025,Dokki,AC03,1,25250.0,0.0,credit card,C0962
ORD-010653,01/08/2025,Mansoura,AX08,3,1317.0,0.0,CASH,C1988
ORD-010649,01/08/2025,Nasr City,AX01,4,935.0,0.0,CASH,C0122
ORD-010648,01/08/2025,nasr city,LP04,1,79370.0,0.0,Credit Card,C1402
ORD-010647,01/08/2025,6th of October,AX09,5,1810.0,0.05,installments,C0264
ORD-010646,01/08/2025,Dokki,AC01,1,33384.0,0.0,VF Cash,C1134
ORD-010645,01/08/2025,Nasr City,AX07,1,,0.0,cash,C0511
ORD-010644,01/08/2025,Smouha,TV01,1,32017.0,0.0,Valu/Installments,C1548
ORD-010650,01/08/2025,Mansoura,SP01,1,16975.0,0.0,Cash,C2399
ORD-010638,01/08/2025,Nasr City,AU01,1,6631.0,0.0,credit card,C1806
ORD-010641,01/08/2025,Nasr City,AX09,1,1853.0,0.0,installments,C0327
ORD-010640,01/08/2025,Dokki,AC03,1,26722.0,0.0,Valu/Installments,C0681
ORD-010664,02/08/2025,Dokki,LP06,1,21385.0,0.0,Valu/Installments,C2140
ORD-010674,02/08/2025,Dokki,SP01,1,16136.0,0.0,mobile wallet,C2476
ORD-010678,02/08/2025,Heliopolis,AX11,5,391.0,0.0,cash,C1519
ORD-010677,02/08/2025,Nasr City,LP02,1,42955.0,0.0,Valu/Installments,
RET-000092,02/08/2025,Heliopolis,AX11,-5,391.0,0.0,cash,C1519
ORD-010659,02/08/2025,Smouha,SP05,1,19632.0,0.0,CASH,C2386
ORD-010673,02/08/2025,6th of October,AX11,1,403.0,0.0,credit card,C1381
ORD-010672,02/08/2025,Maadi,AC02,1,45477.0,0.0,Valu/Installments,C1939
ORD-010671,02/08/2025,Smouha,TV06,1,88207.0,0.0,Valu/Installments,C1991
ORD-010670,02/08/2025,Heliopolis,AX10,5,445.0,0.0,credit card,C1089
ORD-010669,02/08/2025,Dokki,KA07,1,18147.0,0.0,Cash,C2131
ORD-010668,02/08/2025,Smouha ,AU01,2,6429.0,0.0,Visa/Mastercard,C2470
ORD-010667,02/08/2025,Nasr City,AX03,5,543.0,0.0,Credit Card,C1539
ORD-010666,02/08/2025,Smouha,AC03,1,26759.0,0.0,installments,C0030
ORD-010665,02/08/2025,Dokki,TV04,1,40796.0,0.0,Credit Card,
ORD-010664,02/08/2025,Dokki,LP06,1,21385.0,0.0,Valu/Installments,C2140
ORD-010663,02/08/2025,Maadi,AX07,2,755.0,0.0,CASH,C0865
ORD-010662,02/08/2025,Dokki,KA03,2,6969.0,0.0,VF Cash,C0397
ORD-010661,02/08/2025,Miami,AX02,4,346.0,0.0,Valu/Installments,C0172
ORD-010660,02/08/2025,6th of October,AC06,1,41310.0,0.0,cash,
ORD-010675,02/08/2025,Smouha,KA07,1,18117.0,0.0,installments,C1760
ORD-010676,02/08/2025,Miami,AU02,2,8691.0,0.0,Valu/Installments,C1379
ORD-010682,03/08/2025,Nasr City,AC06,1,41279.0,0.0,Installments,C1480
ORD-010689,03/08/2025,Dokki,AX07,5,739.0,0.0,cash,C0013
ORD-010688,03/08/2025,Dokki,AX05,2,2408.0,0.0,Credit Card,C0411
ORD-010684,03/08/2025,Maadi,AX04,1,248.0,0.0,CASH,C1551
ORD-010685,03/08/2025,6TH OF OCTOBER,AX12,4,892.0,0.0,Valu/Installments,C0235
ORD-010686,03/08/2025,Mansoura,AC02,1,46060.0,0.0,Mobile Wallet,C1459
ORD-010687,03/08/2025,6th of October,AX12,4,922.0,0.0,cash,C1353
RET-000064,03/08/2025,6TH OF OCTOBER,AX12,-4,892.0,0.0,Valu/Installments,C0235
ORD-010691,03/08/2025,Nasr City,AX09,2,1899.0,0.0,CASH,C1646
ORD-010693,03/08/2025,6th of October,KA01,2,4094.0,0.0,Valu/Installments,C0106
ORD-010692,03/08/2025,Nasr City,AC06,1,40268.0,0.0,CASH,C0569
ORD-010695,03/08/2025,Maadi,AX11,3,397.0,0.0,cash,C0504
ORD-010696,03/08/2025,Mansoura,AU05,2,3242.0,0.0,Installments,C2174
ORD-010690,03/08/2025,Smouha,AX01,3,955.0,0.0,cash,C1872
ORD-010683,03/08/2025,Smouha,AC05,1,38390.0,0.0,cash,C1633
ORD-010681,03/08/2025,Miami,SP06,1,9512.0,0.0,VF Cash,C0982
ORD-010679,03/08/2025,Dokki,AU03,1,13607.0,0.0,CASH,C1406
ORD-010680,03/08/2025,Maadi,AX03,1,544.0,0.0,cash,C1292
ORD-010694,03/08/2025,Dokki,AX09,3,1822.0,0.0,mobile wallet,C2466
ORD-010702,04/08/2025,6th of October,KA01,1,4231.0,0.0,cash,C1947
ORD-010707,04/08/2025,Smouha,AX03,4,562.0,0.0,Mobile Wallet,C1320
ORD-010703,04/08/2025,6th of October,TV06,1,90386.0,0.0,credit card,C2110
ORD-010706,04/08/2025,Nasr City,AU03,2,13240.0,0.0,Installments,C0013
ORD-010701,04/08/2025,Smouha,AC03,1,26016.0,0.0,Credit Card,C1852
ORD-010700,04/08/2025,Miami,SP03,1,59416.0,0.0,Installments,
ORD-010704,04/08/2025,Dokki,LP01,1,28945.0,0.0,installments,C1693
ORD-010698,04/08/2025,Maadi,SP01,1,16810.0,0.0,Valu/Installments,C1019
ORD-010705,04/08/2025,Miami,SP02,1,51896.0,0.0,installments,C0770
ORD-010697,04/08/2025,Nasr City,KA06,2,12235.0,0.0,Valu/Installments,C1145
ORD-010699,04/08/2025,Heliopolis,AC04,1,57230.0,0.0,Mobile Wallet,C1510
ORD-010713,05/08/2025,Smouha,TB04,1,,0.0,VF Cash,C1820
ORD-010708,05/08/2025,Heliopolis,TV03,1,14686.0,0.0,CASH,C0069
ORD-010716,05/08/2025,Maadi,AU02,1,8689.0,0.0,Cash,C1985
ORD-010717,05/08/2025,Heliopolis,TB03,1,9741.0,0.0,cash,C1640
ORD-010718,05/08/2025,Miami,AC02,1,46582.0,0.0,Cash,C0334
ORD-010719,05/08/2025,Miami,TV02,1,26862.0,0.0,installments,C1427
ORD-010720,05/08/2025,Mansoura,KA08,1,5470.0,0.0,Mobile Wallet,C1753
ORD-010721,05/08/2025,Dokki,AC03,1,25974.0,0.0,Cash,C1951
ORD-010709,05/08/2025,Smouha,AX02,3,341.0,0.0,installments,C1476
ORD-010715,05/08/2025,6th of October,SP07,1,14216.0,0.0,credit card,C2486
ORD-010714,05/08/2025,Nasr City,KA04,1,24684.0,0.0,Credit Card,C0957
ORD-010712,05/08/2025,Smouha,AC04,1,60150.0,0.0,Visa/Mastercard,C1334
ORD-010711,05/08/2025,Mansoura,TB01,0,24362.0,0.0,CASH,
ORD-010710,05/08/2025,Smouha,AX08,5,1389.0,0.0,VF Cash,C0188
ORD-010726,06/08/2025,Nasr City,AU05,1,3161.0,0.0,Cash,C0800
ORD-010722,06/08/2025,MANSOURA,LP06,1,22424.0,0.0,Installments,C0412
ORD-010730,06/08/2025,Miami,KA03,2,6999.0,0.0,credit card,C2343
ORD-010723,06/08/2025,Miami,AU02,2,9093.0,0.0,mobile wallet,C1577
ORD-010727,06/08/2025,Heliopolis,LP05,1,36342.0,0.0,Valu/Installments,C0587
ORD-010728,06/08/2025,Dokki,SP05,1,19527.0,0.0,Cash,C2131
ORD-010729,06/08/2025,Smouha,AX04,4,245.0,0.0,credit card,
ORD-010731,06/08/2025,Nasr City,TV04,1,40059.0,0.0,Valu/Installments,C2067
ORD-010732,06/08/2025,Nasr City,KA08,2,5331.0,0.0,cash,C0131
ORD-010733,06/08/2025,6th of October,AX02,5,357.0,0.0,VF Cash,C0524
ORD-010725,06/08/2025,Dokki,TB01,1,24138.0,0.0,Visa/Mastercard,C2487
ORD-010724,06/08/2025,Maadi,AU05,2,3228.0,0.0,CASH,C1204
ORD-010738,07/08/2025,Nasr City,AC03,1,26286.0,0.0,Mobile Wallet,C1913
ORD-010759,07/08/2025,Heliopolis,SP01,1,16540.0,0.0,Cash,C0505
ORD-010746,07/08/2025,Miami,SP03,1,58745.0,0.0,Valu/Installments,C0867
ORD-010734,07/08/2025,Miami,TB02,1,13115.0,0.0,mobile wallet,C2040
ORD-010735,07/08/2025,DOKKI,KA03,1,6640.0,0.0,Cash,C0357
ORD-010736,07/08/2025,Dokki,AC04,1,60134.0,0.05,Valu/Installments,C1235
ORD-010737,07/08/2025,MIAMI,TV03,1,14760.0,0.0,Cash,C2248
ORD-010739,07/08/2025,Heliopolis,AX03,4,557.0,0.0,credit card,C0689
ORD-010740,07/08/2025,Maadi,TV05,1,23350.0,0.0,credit card,C1828
RET-000104,07/08/2025,Maadi,SP04,-1,11834.0,0.0,CASH,C1782
ORD-010742,07/08/2025,Smouha,SP06,1,9723.0,0.0,credit card,C1975
ORD-010745,07/08/2025,6th of October,TV03,1,14478.0,0.0,Cash,C0997
ORD-010741,07/08/2025,Maadi,AX04,4,250.0,0.0,credit card,C0474
ORD-010747,07/08/2025,Maadi,AX08,5,1375.0,0.0,Installments,C0699
ORD-010743,07/08/2025,DOKKI,KA02,2,3667.0,0.0,Credit Card,C2215
ORD-010748,07/08/2025,Maadi,AX10,5,456.0,0.0,credit card,C0367
ORD-010751,07/08/2025,Miami,AC02,1,45922.0,0.0,Valu/Installments,C0120
ORD-010750,07/08/2025,Maadi,SP04,1,11834.0,0.0,CASH,C1782
ORD-010754,07/08/2025,Maadi,SP02,1,52462.0,0.0,CASH,C1571
ORD-010752,07/08/2025,Nasr City,AX01,3,941.0,0.0,Cash,C0657
ORD-010749,07/08/2025,Miami,AC02,1,47674.0,0.0,Credit Card,C0433
ORD-010744,07/08/2025,6th of October,AC04,1,58656.0,0.0,mobile wallet,C0987
ORD-010755,07/08/2025,Nasr City,AX09,3,1804.0,0.0,Valu/Installments,C1149
ORD-010756,07/08/2025,6th of October,SP08,1,44866.0,0.0,Cash,C0903
ORD-010757,07/08/2025,Nasr City,SP07,1,14608.0,0.0,Visa/Mastercard,C1056
ORD-010758,07/08/2025,Mansoura,AX07,5,749.0,0.0,Mobile Wallet,C1951
ORD-010753,07/08/2025,6th of October,AC06,1,42364.0,0.0,Cash,C1338
ORD-010773,08/08/2025,Heliopolis,LP02,1,43113.0,0.0,installments,C2302
ORD-010771,08/08/2025,Heliopolis,TV04,1,41725.0,0.0,Credit Card,C1564
ORD-010772,08/08/2025,Mansoura,SP06,1,9803.0,0.0,mobile wallet,
ORD-010763,08/08/2025,Heliopolis ,AU04,1,1446.0,0.0,VF Cash,C0371
ORD-010774,08/08/2025,Heliopolis,LP04,1,75952.0,0.0,credit card,C1790
ORD-010770,08/08/2025,6th of October,SP08,1,44582.0,0.0,credit card,C1545
ORD-010769,08/08/2025,Nasr City,SP06,1,9768.0,0.0,CASH,C1406
ORD-010761,08/08/2025,nasr city,SP05,1,19542.0,0.0,CASH,C2190
ORD-010765,08/08/2025,Nasr City,KA07,1,18478.0,0.0,CASH,C0917
ORD-010768,08/08/2025,Maadi,AX08,4,1361.0,0.05,credit card,C0265
ORD-010762,08/08/2025,Heliopolis,KA02,2,3601.0,0.0,VF Cash,C2016
ORD-010760,08/08/2025,maadi,AC03,1,25604.0,0.0,Visa/Mastercard,C0557
ORD-010767,08/08/2025,Mansoura,AX02,2,350.0,0.0,cash,C2461
ORD-010766,08/08/2025,Dokki,KA02,2,3502.0,0.0,CASH,C2360
ORD-010764,08/08/2025,Miami,AX03,5,538.0,0.0,CASH,C1364
ORD-010791,09/08/2025,Miami,AX05,3,2428.0,0.0,CASH,C1507
ORD-010796,09/08/2025,Mansoura,AU01,2,6609.0,0.0,Credit Card,C2364
ORD-010786,09/08/2025,Miami,KA06,2,,0.0,installments,
ORD-010775,09/08/2025,Miami,SP03,1,58931.0,0.0,installments,
ORD-010776,09/08/2025,Heliopolis,AX09,5,1858.0,0.0,Visa/Mastercard,C0956
ORD-010777,09/08/2025,Dokki,AC03,1,26107.0,0.0,Installments,C0916
ORD-010795,09/08/2025,Mansoura,AC04,1,59524.0,0.05,installments,
ORD-010794,09/08/2025,Smouha,LP03,1,31871.0,0.0,Valu/Installments,C1558
ORD-010787,09/08/2025,Dokki,AU05,1,3258.0,0.0,VF Cash,C2426
ORD-010792,09/08/2025,Smouha,AX10,1,458.0,0.0,Visa/Mastercard,C0522
ORD-010779,09/08/2025,Smouha,KA05,1,9552.0,0.0,cash,C0474
ORD-010793,09/08/2025,Heliopolis,AX07,4,748.0,0.0,VF Cash,C1284
ORD-010789,09/08/2025,Nasr City,SP04,1,11375.0,0.0,Valu/Installments,C0476
ORD-010788,09/08/2025,6th of October,TV04,1,41129.0,0.0,Visa/Mastercard,C0771
ORD-010778,09/08/2025,Smouha,AC01,1,33804.0,0.0,installments,C1062
ORD-010785,09/08/2025,Miami,SP04,1,11621.0,0.0,VF Cash,C1394
ORD-010784,09/08/2025,Maadi,TV04,1,41847.0,0.0,installments,C0366
ORD-010783,09/08/2025,Dokki,KA04,2,25199.0,0.0,Valu/Installments,C0457
ORD-010782,09/08/2025,Maadi,AX06,1,1136.0,0.0,Cash,
ORD-010781,09/08/2025,Miami,AU05,1,3295.0,0.0,CASH,C0360
ORD-010780,09/08/2025,Dokki,SP05,1,20078.0,0.0,installments,C1192
ORD-010790,09/08/2025,6th of october,SP03,1,56704.0,0.0,installments,C2347
ORD-010809,10/08/2025,Nasr City,LP02,1,41088.0,0.0,Cash,C2465
ORD-010810,10/08/2025,Dokki,AX12,5,874.0,0.0,mobile wallet,C2420
ORD-010799,10/08/2025,Mansoura,TV02,1,26506.0,0.05,Valu/Installments,C0254
ORD-010802,10/08/2025,6th of October,AX06,2,1174.0,0.0,CASH,C0778
ORD-010811,10/08/2025,Dokki,AC05,1,38089.0,0.05,Mobile Wallet,C0910
ORD-010801,10/08/2025,Dokki,AX10,3,453.0,0.0,Cash,C2194
ORD-010808,10/08/2025,Nasr City,AX06,3,1150.0,0.0,Cash,C2129
ORD-010807,10/08/2025,6th of October,TB01,1,24918.0,0.05,VF Cash,C0518
ORD-010800,10/08/2025,Dokki,SP07,1,14363.0,0.0,CASH,C2417
ORD-010805,10/08/2025,6th of October,TV04,1,41162.0,0.0,Credit Card,C1310
ORD-010804,10/08/2025,Smouha,TV06,1,91269.0,0.0,Visa/Mastercard,C1736
ORD-010806,10/08/2025,Smouha,LP04,1,79118.0,0.0,Mobile Wallet,C1496
ORD-010803,10/08/2025,Mansoura,AU04,1,1483.0,0.0,CASH,C1590
ORD-010798,10/08/2025,Dokki,AC03,1,26381.0,0.0,Credit Card,C1274
ORD-010797,10/08/2025,Smouha,AU01,1,6317.0,0.0,Visa/Mastercard,C0007
ORD-010822,11/08/2025,Heliopolis,SP08,1,45638.0,0.0,Credit Card,C2048
ORD-010821,11/08/2025,Heliopolis,AC06,1,40316.0,0.0,CASH,C0897
ORD-010820,11/08/2025,Heliopolis,LP06,1,22025.0,0.0,CASH,
ORD-010823,11/08/2025,Smouha,KA06,2,12618.0,0.0,installments,C1867
ORD-010818,11/08/2025,Nasr City,AX08,4,1363.0,0.0,Cash,C0593
ORD-010817,11/08/2025,Maadi,TV04,1,40012.0,0.05,Valu/Installments,C1295
ORD-010816,11/08/2025,Mansoura,LP03,1,31623.0,0.0,Cash,C1887
ORD-010815,11/08/2025,Miami,KA04,1,24599.0,0.0,Visa/Mastercard,C2205
ORD-010814,11/08/2025,Dokki,SP04,1,11741.0,0.0,Cash,C0038
ORD-010819,11/08/2025,Nasr City,TV02,1,26947.0,0.0,Valu/Installments,C1216
ORD-010812,11/08/2025,Smouha,AX03,5,565.0,0.0,Visa/Mastercard,C0437
ORD-010813,11/08/2025,Miami,KA03,2,6764.0,0.0,VF Cash,C1620
ORD-010837,12/08/2025,Smouha,AC02,1,47092.0,0.0,installments,
ORD-010826,12/08/2025,6th of October,AX07,1,768.0,0.0,installments,
ORD-010844,12/08/2025,Dokki,AC02,1,45748.0,0.0,credit card,C1543
ORD-010827,12/08/2025,Heliopolis,AX10,4,451.0,0.0,Credit Card,C2464
ORD-010832,12/08/2025,Miami,AC01,1,33538.0,0.0,credit card,C1312
ORD-010825,12/08/2025,Miami,TB03,1,9714.0,0.0,credit card,
ORD-010824,12/08/2025,Nasr City,AX04,4,251.0,0.0,VF Cash,C0604
ORD-010834,12/08/2025,Miami,SP01,1,16566.0,0.0,cash,C2058
ORD-010828,12/08/2025,Mansoura,TB04,1,17567.0,0.0,VF Cash,C1161
ORD-010845,12/08/2025,6th of October ,KA03,2,6632.0,0.0,mobile wallet,C0241
ORD-010846,12/08/2025,Smouha,TB04,1,17382.0,0.0,CASH,C1365
ORD-010833,12/08/2025,Heliopolis,AX06,2,1170.0,0.0,mobile wallet,C1266
ORD-010831,12/08/2025,Nasr City,SP06,1,9837.0,0.05,Cash,C2454
ORD-010829,12/08/2025,Heliopolis,AX02,1,340.0,0.0,Mobile Wallet,C0598
ORD-010835,12/08/2025,Nasr City,TB03,1,9487.0,0.0,Valu/Installments,C0506
ORD-010838,12/08/2025,Maadi,AC06,1,40478.0,0.0,cash,C2351
ORD-010839,12/08/2025,Smouha,TV05,1,24487.0,0.0,Installments,C1960
ORD-010840,12/08/2025,Dokki,AC02,1,45696.0,0.0,Cash,
ORD-010841,12/08/2025,Mansoura,AC02,1,46743.0,0.0,Credit Card,C0884
ORD-010842,12/08/2025,Smouha,AU02,2,8823.0,0.0,mobile wallet,C2028
ORD-010843,12/08/2025,Nasr City,AX12,3,908.0,0.0,credit card,C1194
ORD-010836,12/08/2025,Nasr City,AC04,1,58327.0,0.0,Valu/Installments,C1121
ORD-010830,12/08/2025,Nasr City,AU05,2,3278.0,0.0,VF Cash,C0141
ORD-010849,13/08/2025,6th of October,AX02,1,355.0,0.0,CASH,C0922
ORD-010855,13/08/2025,Nasr City,SP08,1,45689.0,0.0,installments,C1226
ORD-010851,13/08/2025,Mansoura,TB03,1,9221.0,0.0,CASH,C0734
ORD-010847,13/08/2025,Dokki ,KA03,1,6969.0,0.0,installments,C0626
ORD-010860,13/08/2025,Mansoura,AU03,2,13377.0,0.0,Credit Card,C1383
ORD-010859,13/08/2025,Mansoura,SP04,1,11535.0,0.0,mobile wallet,C1607
ORD-010858,13/08/2025,Mansoura,AC01,1,33644.0,0.0,Visa/Mastercard,C2245
ORD-010857,13/08/2025,Dokki,SP02,1,52503.0,0.0,CASH,C0089
ORD-010856,13/08/2025,Nasr City,TB04,1,17267.0,0.0,credit card,C0653
ORD-010848,13/08/2025,Dokki,SP04,1,11795.0,0.0,CASH,C0863
ORD-010854,13/08/2025,Mansoura,AC05,1,38262.0,0.0,Installments,
ORD-010853,13/08/2025,Maadi,TV01,1,32626.0,0.0,Credit Card,C1605
ORD-010855,13/08/2025,Nasr City,SP08,1,45689.0,0.0,installments,C1226
ORD-010849,13/08/2025,6th of October,AX02,1,355.0,0.0,CASH,C0922
ORD-010850,13/08/2025,Heliopolis,SP03,1,57082.0,0.0,Valu/Installments,C0216
ORD-010852,13/08/2025,Smouha,TV06,1,86403.0,0.0,CASH,C1997
ORD-010861,13/08/2025,Nasr City,KA04,1,24316.0,0.0,CASH,C1731
ORD-010872,14/08/2025,Dokki,KA06,2,12627.0,0.0,Credit Card,C1613
ORD-010862,14/08/2025,Maadi,AX10,1,447.0,0.0,cash,C1940
ORD-010880,14/08/2025,Miami,AU01,2,6653.0,0.0,cash,C0671
ORD-010872,14/08/2025,Dokki,KA06,2,12627.0,0.0,Credit Card,C1613
ORD-010865,14/08/2025,Mansoura,SP07,1,14369.0,0.0,CASH,C1602
ORD-010866,14/08/2025,6th of October,AC03,1,25227.0,0.0,Mobile Wallet,C0295
ORD-010867,14/08/2025,Miami,AU01,1,6469.0,0.0,Cash,C2163
ORD-010868,14/08/2025,Maadi,LP01,1,28308.0,0.0,CASH,C1160
ORD-010870,14/08/2025,Maadi,AX03,5,560.0,0.0,Credit Card,C0800
ORD-010871,14/08/2025,Nasr City,AC05,1,37469.0,0.0,Credit Card,C2245
ORD-010869,14/08/2025,6th of October,AX02,1,346.0,0.0,credit card,C1157
ORD-010873,14/08/2025,Miami,AX03,4,551.0,0.0,CASH,C0399
ORD-010874,14/08/2025,6th of October,KA02,1,3548.0,0.0,Mobile Wallet,C0537
ORD-010875,14/08/2025,Heliopolis ,SP02,1,53180.0,0.0,cash,C1325
ORD-010876,14/08/2025,Dokki,AX07,5,741.0,0.0,Installments,C2378
ORD-010877,14/08/2025,Heliopolis,AX06,5,1163.0,0.0,credit card,C0222
ORD-010878,14/08/2025,HELIOPOLIS,KA05,1,9731.0,0.0,Valu/Installments,C1246
ORD-010879,14/08/2025,Maadi,LP03,1,,0.0,Credit Card,C1875
ORD-010863,14/08/2025,maadi,AX08,1,1371.0,0.0,Installments,C1427
ORD-010864,14/08/2025,Miami,AX06,2,1152.0,0.0,Mobile Wallet,C1604
ORD-010881,15/08/2025,6th of October,AX02,2,340.0,0.0,cash,C2365
ORD-010883,15/08/2025,Maadi,AX07,1,750.0,0.0,Installments,C1810
ORD-010901,15/08/2025,6th of October,SP05,1,19310.0,0.0,credit card,C1457
ORD-010906,15/08/2025,Smouha,AX03,3,540.0,0.0,cash,C2112
ORD-010905,15/08/2025,6th of October,TB03,1,9343.0,0.0,Mobile Wallet,C0481
ORD-010904,15/08/2025,Maadi,KA05,1,9557.0,0.0,Cash,C0215
ORD-010903,15/08/2025,Miami,AU03,1,13204.0,0.0,Valu/Installments,C0736
ORD-010902,15/08/2025,Mansoura,AC04,1,58517.0,0.0,Credit Card,C1941
ORD-010900,15/08/2025,Miami,AX07,2,741.0,0.0,cash,C0394
ORD-010899,15/08/2025,Mansoura,AX01,3,974.0,0.0,Valu/Installments,C0231
ORD-010898,15/08/2025,Heliopolis,KA01,1,4216.0,0.0,Visa/Mastercard,C0690
ORD-010897,15/08/2025,6th of October,TV05,1,23982.0,0.0,credit card,C1750
ORD-010894,15/08/2025,Maadi,AX03,3,565.0,0.0,CASH,C0418
ORD-010893,15/08/2025,Nasr City,KA02,1,3689.0,0.0,mobile wallet,C2358
ORD-010896,15/08/2025,Nasr City,SP05,1,19840.0,0.05,VF Cash,C1543
ORD-010895,15/08/2025,Dokki,AC04,1,57476.0,0.0,Credit Card,C0605
ORD-010891,15/08/2025,Mansoura,AX12,4,885.0,0.0,Mobile Wallet,C0038
ORD-010882,15/08/2025,Heliopolis,LP03,1,30860.0,0.0,Credit Card,C0564
ORD-010892,15/08/2025,Nasr City,KA08,2,5470.0,0.0,credit card,C1484
ORD-010885,15/08/2025,Heliopolis,AU01,2,6610.0,0.0,Cash,C1977
ORD-010884,15/08/2025,Dokki,AC06,1,41453.0,0.0,Cash,
ORD-010887,15/08/2025,6th of October,LP03,1,30731.0,0.0,Installments,C0594
ORD-010888,15/08/2025,Nasr City,AC06,1,41928.0,0.0,credit card,C0860
ORD-010889,15/08/2025,Heliopolis,AX11,5,407.0,0.0,credit card,C0894
ORD-010890,15/08/2025,Mansoura,AX07,1,772.0,0.0,Installments,C0802
ORD-010886,15/08/2025,Mansoura,AX11,1,397.0,0.0,VF Cash,C1193
ORD-010933,16/08/2025,Dokki,AU02,2,8848.0,0.0,mobile wallet,C0500
ORD-010932,16/08/2025,Miami,AC02,1,47556.0,0.0,Credit Card,C0339
ORD-010930,16/08/2025,Maadi,AX02,3,347.0,0.0,Visa/Mastercard,C0492
ORD-010929,16/08/2025,Heliopolis,AC02,1,47415.0,0.0,cash,C0048
ORD-010916,16/08/2025,6th of October,LP03,1,30431.0,0.0,installments,C0987
ORD-010927,16/08/2025,Mansoura,AU04,1,1457.0,0.0,Visa/Mastercard,C1824
ORD-010931,16/08/2025,Dokki,KA04,2,24617.0,0.0,Valu/Installments,C0478
ORD-010935,16/08/2025,Maadi,SP07,1,14573.0,0.0,cash,
ORD-010928,16/08/2025,Dokki,AX11,3,389.0,0.0,credit card,C1505
ORD-010926,16/08/2025,Nasr City,AU04,1,1487.0,0.0,CASH,C1128
ORD-010936,16/08/2025,Maadi,KA06,2,12315.0,0.0,cash,C2088
ORD-010938,16/08/2025,6th of October,TV05,1,23598.0,0.0,Credit Card,C0095
ORD-010912,16/08/2025,Nasr City,AU04,2,1446.0,0.0,mobile wallet,C1655
ORD-010911,16/08/2025,6TH OF OCTOBER,AC01,1,32808.0,0.0,Mobile Wallet,C0609
ORD-010909,16/08/2025,Heliopolis,AX03,1,560.0,0.0,Visa/Mastercard,C2431
ORD-010908,16/08/2025,Mansoura,AX01,3,970.0,0.0,installments,
ORD-010907,16/08/2025,Nasr City,AX05,1,2487.0,0.05,Credit Card,C1387
ORD-010922,16/08/2025,Smouha,LP04,1,77979.0,0.0,Installments,C1538
ORD-010937,16/08/2025,6th of October,TV04,1,40889.0,0.05,installments,C0922
ORD-010921,16/08/2025,Miami,AX12,3,906.0,0.0,Credit Card,C0707
ORD-010923,16/08/2025,Smouha,AX03,2,560.0,0.0,Mobile Wallet,C0368
ORD-010934,16/08/2025,Nasr City,KA01,1,4151.0,0.0,CASH,C2004
ORD-010924,16/08/2025,Heliopolis,AC01,1,32635.0,0.05,CASH,C1900
RET-000047,16/08/2025,Heliopolis,AX07,-1,771.0,0.0,Valu/Installments,C2002
ORD-010910,16/08/2025,6th of October,AC04,1,57312.0,0.0,installments,C1777
ORD-010939,16/08/2025,Miami,AC06,1,41707.0,0.0,Valu/Installments,C2404
ORD-010925,16/08/2025,Nasr City,LP02,1,40945.0,0.0,Credit Card,C1566
ORD-010913,16/08/2025,Mansoura,AU01,2,6367.0,0.0,Credit Card,C1004
ORD-010915,16/08/2025,Nasr City,KA07,2,18881.0,0.0,Installments,C0487
ORD-010918,16/08/2025,Heliopolis,AX07,1,771.0,0.0,Valu/Installments,C2002
ORD-010919,16/08/2025,Nasr City,LP06,1,22575.0,0.0,Valu/Installments,C1240
ORD-010920,16/08/2025,Heliopolis,AX05,3,2491.0,0.0,CASH,C2442
ORD-010914,16/08/2025,Nasr City,KA08,2,5373.0,0.0,CASH,C0140
ORD-010917,16/08/2025,Maadi,TV04,1,41562.0,0.0,CASH,C1625
ORD-010945,17/08/2025,Nasr City,AX02,3,355.0,0.0,Credit Card,C2429
ORD-010946,17/08/2025,6th of October,AU02,1,9011.0,0.0,Valu/Installments,C0742
ORD-010951,17/08/2025,Heliopolis,SP04,1,11464.0,0.0,credit card,C2341
ORD-010947,17/08/2025,6th of October,SP05,1,19225.0,0.0,mobile wallet,C1573
ORD-010944,17/08/2025,6th of October,LP06,1,22054.0,0.0,Credit Card,C0388
ORD-010943,17/08/2025,6th of October,KA01,2,4178.0,0.05,credit card,C1122
ORD-010942,17/08/2025,Heliopolis,AC05,1,38610.0,0.05,mobile wallet,C1965
ORD-010941,17/08/2025,Miami,LP05,1,36405.0,0.0,Credit Card,C2346
ORD-010948,17/08/2025,Miami,AU03,2,13107.0,0.0,Credit Card,C1984
ORD-010949,17/08/2025,Mansoura ,AC01,1,34423.0,0.0,Visa/Mastercard,C1777
ORD-010952,17/08/2025,Dokki,SP03,1,59299.0,0.0,Credit Card,C0513
ORD-010953,17/08/2025,Miami ,AX03,2,557.0,0.0,Mobile Wallet,
ORD-010954,17/08/2025,Miami,AC04,1,58694.0,0.0,CASH,C0408
ORD-010955,17/08/2025,Heliopolis,AX11,4,402.0,0.0,Installments,C1333
ORD-010956,17/08/2025,Dokki,KA02,1,3683.0,0.05,Valu/Installments,C0261
ORD-010950,17/08/2025,Dokki,SP04,1,11164.0,0.0,cash,C1223
ORD-010940,17/08/2025,Mansoura,AX05,2,2378.0,0.0,Valu/Installments,C2347
ORD-010957,17/08/2025,Miami,AU01,1,6387.0,0.0,Mobile Wallet,C2202
ORD-010971,18/08/2025,Maadi,AC01,1,34483.0,0.0,Credit Card,
ORD-010967,18/08/2025,6th of October,SP01,1,16567.0,0.0,Visa/Mastercard,C2126
ORD-010966,18/08/2025,Heliopolis,TV05,1,24403.0,0.0,Installments,C0262
ORD-010965,18/08/2025,Dokki,AX05,4,2500.0,0.0,cash,C2002
ORD-010964,18/08/2025,Smouha,KA07,1,,0.0,mobile wallet,C2172
ORD-010963,18/08/2025,Smouha,SP04,1,11297.0,0.0,CASH,C2198
ORD-010959,18/08/2025,Smouha,AX06,3,1154.0,0.0,Valu/Installments,C1661
ORD-010961,18/08/2025,miami,SP06,1,9614.0,0.0,Credit Card,C1613
ORD-010960,18/08/2025,Dokki,AX07,1,766.0,0.0,cash,C0081
ORD-010958,18/08/2025,Mansoura,KA02,1,3584.0,0.0,installments,C0758
ORD-010970,18/08/2025,Nasr City,SP04,1,11434.0,0.0,Cash,C0509
ORD-010969,18/08/2025,Nasr City,AX07,1,752.0,0.0,Credit Card,C2208
ORD-010968,18/08/2025,Mansoura,AX03,3,538.0,0.05,installments,C2396
ORD-010962,18/08/2025,Heliopolis,LP06,1,22431.0,0.0,Installments,C2278
ORD-010976,18/08/2025,6th of October,SP03,1,58862.0,0.0,Valu/Installments,C0738
ORD-010972,18/08/2025,Nasr City,TV01,1,32536.0,0.0,VF Cash,C0850
ORD-010974,18/08/2025,6th of October,AX09,5,1831.0,0.0,Credit Card,C0741
ORD-010973,18/08/2025,Miami,LP05,1,34597.0,0.0,VF Cash,C0481
ORD-010975,18/08/2025,Dokki,AX02,4,343.0,0.0,Visa/Mastercard,C2454
ORD-010977,18/08/2025,Mansoura,AC03,1,26430.0,0.0,Cash,C0022
ORD-010982,19/08/2025,Nasr City,AU02,2,8886.0,0.0,mobile wallet,C0504
ORD-010989,19/08/2025,Mansoura,AU05,2,3209.0,0.0,cash,C0360
ORD-010984,19/08/2025,6th of October,AX11,2,398.0,0.0,Visa/Mastercard,C0528
ORD-010983,19/08/2025,Heliopolis,TV02,1,26450.0,0.0,CASH,C0161
ORD-010981,19/08/2025,Miami,AU04,1,1426.0,0.0,cash,C1288
ORD-010980,19/08/2025,Maadi,KA08,1,5443.0,0.0,Cash,C1832
ORD-010979,19/08/2025,Nasr City,LP04,1,79546.0,0.0,credit card,
ORD-010987,19/08/2025,Smouha,AC06,1,42497.0,0.0,Credit Card,
ORD-010985,19/08/2025,Nasr City,KA02,2,3551.0,0.0,cash,C2356
ORD-010986,19/08/2025,Miami,SP02,1,52443.0,0.0,installments,C0845
ORD-010988,19/08/2025,Miami,SP07,1,14095.0,0.0,CASH,C0661
RET-000051,19/08/2025,Mansoura,AU05,-2,3209.0,0.0,cash,C0360
ORD-010990,19/08/2025,Dokki,AU05,1,3216.0,0.0,Visa/Mastercard,C2304
ORD-010991,19/08/2025,Smouha,AU03,1,13412.0,0.0,Valu/Installments,C1052
ORD-010992,19/08/2025,6th of october,TV06,1,86548.0,0.0,Mobile Wallet,C0144
ORD-010978,19/08/2025,Dokki,AC05,1,39312.0,0.0,installments,C2273
ORD-010999,20/08/2025,Miami,AX12,2,891.0,0.0,Valu/Installments,C0703
ORD-010997,20/08/2025,Nasr City,SP07,1,14463.0,0.0,Credit Card,C1490
ORD-011010,20/08/2025,6th of October,AU05,1,3193.0,0.0,CASH,C1823
ORD-011009,20/08/2025,Miami,TV03,1,14260.0,0.0,installments,C2188
ORD-011008,20/08/2025,Heliopolis,SP07,1,14123.0,0.0,CASH,C1202
ORD-011007,20/08/2025,Maadi,LP05,1,35863.0,0.05,installments,C2128
ORD-011006,20/08/2025,HELIOPOLIS,AU05,1,3177.0,0.05,Cash,C0190
ORD-010998,20/08/2025,Dokki,AU05,1,3245.0,0.0,VF Cash,C2230
ORD-011005,20/08/2025,Maadi,AU01,1,6330.0,0.0,credit card,
ORD-011004,20/08/2025,Miami,TV01,1,31166.0,0.0,CASH,C1232
ORD-010996,20/08/2025,Heliopolis,TV06,1,91432.0,0.0,cash,C1223
ORD-011002,20/08/2025,Nasr City,AU04,1,1421.0,0.0,credit card,
ORD-011011,20/08/2025,Miami,AU03,2,13795.0,0.0,credit card,C0573
ORD-011001,20/08/2025,Mansoura,AX02,2,345.0,0.0,Installments,C0001
ORD-011000,20/08/2025,Maadi,SP07,1,14341.0,0.0,Visa/Mastercard,C1733
ORD-010994,20/08/2025,Miami,AX03,3,566.0,0.0,CASH,C0511
ORD-011003,20/08/2025,Maadi,AC01,1,32747.0,0.0,Valu/Installments,C1018
ORD-010993,20/08/2025,Dokki,AX03,2,550.0,0.0,cash,C0347
ORD-010995,20/08/2025,Smouha,KA03,1,6883.0,0.0,VF Cash,C2074
ORD-011031,21/08/2025,Nasr City,AC02,1,45983.0,0.0,Valu/Installments,C0882
ORD-011017,21/08/2025,Smouha,AC06,1,42275.0,0.0,VF Cash,C2141
ORD-011016,21/08/2025,Dokki,KA01,1,,0.0,Visa/Mastercard,
ORD-011032,21/08/2025,Maadi,AX05,5,2391.0,0.0,Credit Card,C0550
ORD-011020,21/08/2025,6th of October ,KA03,2,6988.0,0.0,Visa/Mastercard,C2205
ORD-011029,21/08/2025,heliopolis,TV03,1,14160.0,0.0,credit card,C0581
ORD-011028,21/08/2025,Heliopolis,KA08,2,5305.0,0.0,CASH,C0771
ORD-011027,21/08/2025,Dokki,AX07,1,743.0,0.0,CASH,C0151
ORD-011021,21/08/2025,Maadi,AC05,1,37425.0,0.0,Visa/Mastercard,C2092
ORD-011026,21/08/2025,Miami,LP04,1,79593.0,0.0,Installments,C0972
ORD-011030,21/08/2025,Smouha,TB04,1,17428.0,0.0,CASH,C1228
ORD-011024,21/08/2025,Nasr City,LP02,1,41793.0,0.0,mobile wallet,
ORD-011015,21/08/2025,Smouha,AX12,2,899.0,0.0,installments,C1282
ORD-011013,21/08/2025,Nasr City,LP02,1,41427.0,0.0,Installments,
ORD-011014,21/08/2025,Nasr City,KA08,1,5533.0,0.0,Visa/Mastercard,C2009
ORD-011023,21/08/2025,Miami,SP01,1,16253.0,0.0,cash,C0406
ORD-011019,21/08/2025,Nasr City,KA06,2,12857.0,0.0,CASH,C2483
ORD-011025,21/08/2025,Nasr City,LP01,1,28150.0,0.0,Valu/Installments,C0184
ORD-011018,21/08/2025,Maadi,SP07,1,14356.0,0.0,Mobile Wallet,C1443
ORD-011012,21/08/2025,Smouha,AC01,1,33787.0,0.0,Cash,C2364
ORD-011022,21/08/2025,Smouha,SP06,1,9964.0,0.0,Cash,C0860
ORD-011046,22/08/2025,Dokki,AX09,3,1849.0,0.0,Credit Card,C0669
ORD-011047,22/08/2025,Nasr City,AX10,1,453.0,0.05,credit card,C1639
ORD-011048,22/08/2025,Mansoura,AX04,1,256.0,0.0,Visa/Mastercard,C1869
ORD-011049,22/08/2025,Smouha,AC03,1,26091.0,0.0,Valu/Installments,C0342
ORD-011050,22/08/2025,Mansoura,AC06,1,42284.0,0.0,Cash,C1042
ORD-011053,22/08/2025,6th of October,AX11,3,391.0,0.05,Installments,C2196
ORD-011052,22/08/2025,Maadi,AX04,3,257.0,0.0,mobile wallet,C0587
ORD-011051,22/08/2025,Nasr City,KA01,1,4284.0,0.0,Visa/Mastercard,C1743
ORD-011044,22/08/2025,Nasr City,TV01,1,31439.0,0.0,Valu/Installments,C1068
ORD-011054,22/08/2025,Smouha,SP06,1,9962.0,0.0,mobile wallet,C0835
ORD-011033,22/08/2025,Maadi,AC01,1,32666.0,0.0,mobile wallet,C2467
ORD-011034,22/08/2025,Dokki,KA03,2,6820.0,0.0,Installments,C2262
ORD-011035,22/08/2025,Heliopolis,AX06,3,1154.0,0.0,Cash,C0885
ORD-011036,22/08/2025,Smouha,AX10,3,443.0,0.0,Installments,C2424
ORD-011038,22/08/2025,Dokki,AX04,4,250.0,0.0,cash,C1137
ORD-011039,22/08/2025,Nasr City,TB04,1,17395.0,0.0,installments,C0527
ORD-011040,22/08/2025,Nasr City,AU04,2,1445.0,0.0,Mobile Wallet,C1729
ORD-011041,22/08/2025,6th of October ,KA07,2,18310.0,0.0,installments,C0305
ORD-011042,22/08/2025,Miami,SP05,1,19083.0,0.0,Cash,C2253
ORD-011043,22/08/2025,6th of October,AC06,1,41679.0,0.0,Installments,C1045
ORD-011037,22/08/2025,Dokki,SP04,1,11669.0,0.0,Visa/Mastercard,C1471
ORD-011055,22/08/2025,Smouha,TV05,1,24204.0,0.0,Credit Card,C0290
ORD-011045,22/08/2025,Mansoura,KA07,1,18278.0,0.0,VF Cash,C1564
ORD-011070,23/08/2025,Miami,AC06,1,40472.0,0.0,Visa/Mastercard,
ORD-011063,23/08/2025,Nasr City,AU02,2,8753.0,0.0,CASH,C1720
ORD-011062,23/08/2025,Nasr City,LP01,1,28789.0,0.0,Valu/Installments,C0672
ORD-011061,23/08/2025,Maadi,AX09,5,1887.0,0.0,CASH,C2478
ORD-011068,23/08/2025,Heliopolis,AU02,1,9123.0,0.0,cash,C1777
ORD-011066,23/08/2025,6th of October,LP06,1,22599.0,0.0,Mobile Wallet,C0629
ORD-011067,23/08/2025,6th of October,TV02,1,26140.0,0.0,installments,C1296
ORD-011069,23/08/2025,Nasr City,AX04,3,257.0,0.0,Credit Card,C1553
ORD-011079,23/08/2025,Mansoura,AX07,1,762.0,0.0,Mobile Wallet,C2247
ORD-011071,23/08/2025,miami,SP04,1,11244.0,0.0,Cash,C0107
ORD-011073,23/08/2025,Nasr City,AX06,2,1175.0,0.0,Installments,C1014
ORD-011065,23/08/2025,Maadi,AX01,3,974.0,0.0,Cash,
ORD-011074,23/08/2025,Mansoura,TV05,1,24414.0,0.0,Visa/Mastercard,C0318
ORD-011076,23/08/2025,smouha,AU04,2,1415.0,0.05,Credit Card,C0511
ORD-011077,23/08/2025,Heliopolis,AX05,1,2443.0,0.0,VF Cash,C2177
ORD-011078,23/08/2025,6th of October,SP05,1,19943.0,0.0,VF Cash,C0451
ORD-011072,23/08/2025,6th of October,AX02,1,354.0,0.0,Cash,C2473
ORD-011057,23/08/2025,Smouha,AC06,1,42249.0,0.05,VF Cash,C0790
ORD-011060,23/08/2025,Mansoura,TB03,1,9567.0,0.0,cash,C2095
ORD-011058,23/08/2025,6th of October,SP05,1,19999.0,0.0,CASH,C1525
ORD-011056,23/08/2025,Smouha,AX06,3,1145.0,0.0,Visa/Mastercard,C1104
ORD-011059,23/08/2025,Heliopolis,TV03,1,14109.0,0.0,credit card,C2309
ORD-011075,23/08/2025,Nasr City,AX09,1,1817.0,0.0,Valu/Installments,C1107
ORD-011064,23/08/2025,Miami,AX05,3,2474.0,0.0,Valu/Installments,
RET-000125,24/08/2025,6th of October,AX05,-2,2394.0,0.0,credit card,C1551
ORD-011094,24/08/2025,Heliopolis,TB02,1,13751.0,0.0,Mobile Wallet,C0911
ORD-011080,24/08/2025,Mansoura,TV04,1,42055.0,0.0,VF Cash,C1667
ORD-011084,24/08/2025,Dokki,AU03,1,13868.0,0.0,Credit Card,C1487
ORD-011086,24/08/2025,Miami,AX11,4,392.0,0.0,mobile wallet,C1120
ORD-011088,24/08/2025,dokki,AX01,1,933.0,0.0,Visa/Mastercard,C0925
ORD-011085,24/08/2025,Heliopolis,AX02,1,357.0,0.0,Cash,C1367
ORD-011081,24/08/2025,Nasr City,AX08,3,1387.0,0.05,VF Cash,C0271
ORD-011089,24/08/2025,6th of October,TV03,1,14656.0,0.0,Cash,C1121
ORD-011090,24/08/2025,Maadi,KA02,2,3631.0,0.0,Visa/Mastercard,C0041
ORD-011087,24/08/2025,Nasr City,AX04,2,252.0,0.0,credit card,C0600
ORD-011083,24/08/2025,Smouha,SP05,1,19276.0,0.0,Mobile Wallet,C0365
ORD-011098,24/08/2025,Miami,AC01,1,32629.0,0.0,Credit Card,
ORD-011092,24/08/2025,nasr city,KA04,1,24291.0,0.0,Installments,C1545
ORD-011082,24/08/2025,Mansoura,AX05,5,2408.0,0.0,mobile wallet,C1350
ORD-011096,24/08/2025,Maadi,SP05,1,19588.0,0.0,CASH,C0431
ORD-011093,24/08/2025,Mansoura,SP01,1,16205.0,0.0,cash,
ORD-011095,24/08/2025,6th of October,AX05,2,2394.0,0.0,credit card,C1551
ORD-011097,24/08/2025,Heliopolis,AX12,4,878.0,0.0,Installments,C0506
ORD-011091,24/08/2025,Heliopolis,TV03,1,14908.0,0.0,cash,C0402
ORD-011108,25/08/2025,6th of October,AU04,2,1412.0,0.0,Cash,C1156
ORD-011113,25/08/2025,MANSOURA,SP04,1,11492.0,0.05,Mobile Wallet,C0197
ORD-011111,25/08/2025,Smouha,AX06,1,1117.0,0.0,Visa/Mastercard,C2489
RET-000004,25/08/2025,Smouha,AX06,-1,1117.0,0.0,Visa/Mastercard,C2489
ORD-011112,25/08/2025,Smouha,AX10,2,451.0,0.0,Cash,C0406
ORD-011110,25/08/2025,Mansoura,AX12,3,877.0,0.0,CASH,C1111
ORD-011107,25/08/2025,6th of October,AC03,1,26215.0,0.0,VF Cash,C2344
ORD-011105,25/08/2025,Dokki,AX02,3,345.0,0.0,Credit Card,C2167
ORD-011104,25/08/2025,Nasr City,KA02,2,3672.0,0.0,credit card,C0392
ORD-011106,25/08/2025,Dokki,AX04,3,250.0,0.0,mobile wallet,C1430
RET-000065,25/08/2025,Nasr City,KA02,-2,3672.0,0.0,credit card,C0392
ORD-011102,25/08/2025,Maadi,AC02,1,45717.0,0.0,credit card,C2412
ORD-011101,25/08/2025,Mansoura,KA02,2,3612.0,0.0,installments,C1256
ORD-011100,25/08/2025,Dokki,AX08,3,1366.0,0.05,Credit Card,C2157
ORD-011099,25/08/2025,Miami,SP08,1,45008.0,0.0,Visa/Mastercard,C0720
ORD-011109,25/08/2025,Dokki,AU03,2,13825.0,0.0,installments,C2260
ORD-011103,25/08/2025,6th of October,LP03,1,30518.0,0.0,Valu/Installments,C2006
ORD-011117,26/08/2025,6th of October,SP05,1,19647.0,0.0,Credit Card,C1596
ORD-011119,26/08/2025,Dokki,LP02,1,41242.0,0.0,credit card,
ORD-011115,26/08/2025,Heliopolis,AC04,1,59251.0,0.0,installments,C0700
ORD-011114,26/08/2025,Mansoura,AX04,2,247.0,0.0,CASH,
ORD-011116,26/08/2025,Mansoura,AX06,4,1166.0,0.0,CASH,C1303
ORD-011118,26/08/2025,Nasr City,SP06,1,9513.0,0.0,Cash,C0741
ORD-011124,26/08/2025,Heliopolis,LP01,1,29281.0,0.0,Installments,C1650
ORD-011120,26/08/2025,Smouha,AX03,1,555.0,0.0,Installments,C1414
ORD-011121,26/08/2025,Heliopolis,AU05,1,3288.0,0.0,cash,C2178
ORD-011123,26/08/2025,Smouha,KA08,2,5452.0,0.0,cash,C2436
ORD-011122,26/08/2025,Nasr City,AX06,4,1141.0,0.05,Mobile Wallet,C2260
ORD-011132,27/08/2025,Smouha,AU02,1,8875.0,0.0,CASH,C0518
ORD-011134,27/08/2025,Dokki,SP02,1,52494.0,0.0,CASH,C1552
ORD-011135,27/08/2025,Heliopolis,TV06,1,90251.0,0.0,Valu/Installments,C2325
ORD-011129,27/08/2025,Dokki,AX09,3,1835.0,0.0,cash,C0039
ORD-011137,27/08/2025,Nasr City,AU03,2,13767.0,0.05,Mobile Wallet,C0217
ORD-011139,27/08/2025,Smouha ,AX09,0,1900.0,0.0,credit card,C1021
ORD-011131,27/08/2025,Nasr City,SP03,1,59208.0,0.0,cash,C0637
ORD-011136,27/08/2025,Dokki,LP05,1,34602.0,0.0,installments,C1096
ORD-011130,27/08/2025,Smouha,KA02,1,3579.0,0.0,Visa/Mastercard,C2104
ORD-011138,27/08/2025,Dokki,AU04,1,1489.0,0.0,cash,C1517
ORD-011127,27/08/2025,6th of October,AX08,5,1314.0,0.0,CASH,C0523
ORD-011125,27/08/2025,Miami,TV02,1,26354.0,0.0,credit card,C1954
ORD-011126,27/08/2025,Nasr City,KA05,1,9911.0,0.0,Mobile Wallet,C2427
ORD-011128,27/08/2025,Smouha,AX09,1,1877.0,0.05,CASH,C1062
ORD-011133,27/08/2025,Heliopolis,SP02,1,50445.0,0.0,installments,C0585
ORD-011151,28/08/2025,6TH OF OCTOBER,AC02,1,47536.0,0.0,Visa/Mastercard,C2133
ORD-011143,28/08/2025,6th of october,TV02,1,26852.0,0.0,Credit Card,C0750
ORD-011152,28/08/2025,Maadi,SP03,1,59002.0,0.0,cash,C0938
ORD-011153,28/08/2025,Smouha,AC01,1,34442.0,0.0,Visa/Mastercard,C1251
ORD-011154,28/08/2025,6th of October,AU05,2,3182.0,0.0,Credit Card,C0357
ORD-011155,28/08/2025,Nasr City,AC05,1,37639.0,0.0,CASH,C1252
ORD-011156,28/08/2025,Miami,TB04,1,17004.0,0.0,Valu/Installments,C1666
ORD-011158,28/08/2025,nasr city,SP02,1,50602.0,0.0,credit card,C0370
ORD-011140,28/08/2025,Smouha,AC02,1,46187.0,0.0,Valu/Installments,C2494
ORD-011161,28/08/2025,Dokki,AX11,2,398.0,0.0,Installments,C0984
ORD-011149,28/08/2025,6th of October,AC02,1,46416.0,0.05,Valu/Installments,C1130
ORD-011148,28/08/2025,Smouha,SP06,1,9795.0,0.0,installments,C1175
ORD-011147,28/08/2025,Dokki,AC01,1,32631.0,0.0,Installments,C2058
ORD-011146,28/08/2025,Dokki,AX04,2,256.0,0.0,CASH,C1920
ORD-011145,28/08/2025,Dokki,AC05,1,38241.0,0.0,installments,C1450
ORD-011157,28/08/2025,6th of October,AX02,3,359.0,0.0,Cash,C1281
ORD-011150,28/08/2025,6th of October,AC05,1,38117.0,0.0,mobile wallet,C1753
ORD-011141,28/08/2025,Mansoura,AX10,5,441.0,0.0,credit card,C1714
ORD-011142,28/08/2025,Dokki,SP05,1,19693.0,0.0,cash,C1876
ORD-011160,28/08/2025,Nasr City,AU02,1,9120.0,0.0,Mobile Wallet,C0315
ORD-011159,28/08/2025,Miami,KA06,1,12415.0,0.0,credit card,C0326
ORD-011144,28/08/2025,Smouha,AX10,1,441.0,0.0,Credit Card,C1798
ORD-011168,29/08/2025,6th of October,AX11,4,389.0,0.0,Credit Card,C2270
ORD-011180,29/08/2025,Maadi,AX09,3,1830.0,0.0,credit card,C0057
ORD-011178,29/08/2025,Smouha,LP03,1,31025.0,0.0,CASH,C0511
ORD-011177,29/08/2025,Mansoura,AU03,1,13311.0,0.0,CASH,C2181
ORD-011176,29/08/2025,Miami,AC04,1,59253.0,0.0,cash,C2110
RET-000123,29/08/2025,Nasr City,SP01,-1,16550.0,0.0,CASH,C1737
ORD-011179,29/08/2025,6th of October,AX06,2,1179.0,0.0,Cash,C1661
ORD-011189,29/08/2025,Heliopolis,AU04,1,1438.0,0.0,CASH,C0174
ORD-011188,29/08/2025,Heliopolis,AC02,1,45945.0,0.0,Credit Card,C2496
ORD-011187,29/08/2025,Smouha,KA02,2,3506.0,0.0,Valu/Installments,C2164
ORD-011186,29/08/2025,Mansoura,LP01,1,27826.0,0.0,installments,C1001
ORD-011185,29/08/2025,6th of October,KA02,2,3541.0,0.0,CASH,C1414
ORD-011175,29/08/2025,Nasr City,KA01,1,4145.0,0.05,Installments,C2040
ORD-011184,29/08/2025,Dokki,LP03,1,31343.0,0.0,credit card,C2189
ORD-011181,29/08/2025,6TH OF OCTOBER,SP07,1,14175.0,0.0,VF Cash,C0779
ORD-011183,29/08/2025,Dokki,LP02,1,41697.0,0.0,installments,C1741
ORD-011174,29/08/2025,Miami,AX10,3,445.0,0.0,Mobile Wallet,C1965
ORD-011163,29/08/2025,Heliopolis,TB02,1,13800.0,0.0,Cash,C0677
ORD-011164,29/08/2025,Smouha,AU05,2,3254.0,0.0,credit card,C2357
ORD-011165,29/08/2025,Smouha,AX01,2,951.0,0.0,Installments,C0236
ORD-011166,29/08/2025,Maadi,AX08,1,1355.0,0.0,Cash,C0347
ORD-011167,29/08/2025,6th of october,LP02,1,43191.0,0.0,cash,C1171
ORD-011162,29/08/2025,Nasr City,AX06,2,1168.0,0.0,cash,C0384
ORD-011169,29/08/2025,Mansoura,AC04,1,57437.0,0.0,Valu/Installments,C2019
ORD-011170,29/08/2025,Heliopolis,TV02,1,26258.0,0.0,credit card,C0044
ORD-011171,29/08/2025,Nasr City,SP01,1,16550.0,0.0,CASH,C1737
ORD-011172,29/08/2025,Dokki,KA07,2,,0.0,Credit Card,C2084
ORD-011173,29/08/2025,Smouha,KA08,1,5239.0,0.0,CASH,C0559
ORD-011182,29/08/2025,Heliopolis,AC01,1,32646.0,0.0,Visa/Mastercard,C0030
ORD-011192,30/08/2025,6th of October,KA02,2,3502.0,0.05,Mobile Wallet,C0691
ORD-011190,30/08/2025,Maadi,AC05,1,39469.0,0.0,installments,C2488
ORD-011203,30/08/2025,MAADI,LP03,1,31535.0,0.0,Credit Card,C1732
ORD-011204,30/08/2025,Nasr City,AX01,5,967.0,0.0,Visa/Mastercard,C2030
ORD-011205,30/08/2025,Smouha,AU05,1,3224.0,0.0,credit card,C1553
ORD-011206,30/08/2025,Nasr City,AC04,1,57519.0,0.05,credit card,C0699
ORD-011209,30/08/2025,Nasr City,AC01,1,33059.0,0.0,Installments,C1385
ORD-011208,30/08/2025,Nasr City,LP03,1,31072.0,0.0,Credit Card,C0464
ORD-011210,30/08/2025,Nasr City,AX10,3,461.0,0.0,Cash,
ORD-011211,30/08/2025,Miami,AC03,1,26254.0,0.0,installments,C1024
ORD-011212,30/08/2025,Mansoura,KA01,1,4079.0,0.0,Mobile Wallet,C2209
ORD-011207,30/08/2025,Nasr City,LP02,1,40797.0,0.0,CASH,C1529
ORD-011201,30/08/2025,Nasr City,LP01,1,29111.0,0.0,Valu/Installments,C1448
ORD-011193,30/08/2025,Miami,SP03,1,58810.0,0.0,Credit Card,C2145
ORD-011199,30/08/2025,Smouha,AX04,2,253.0,0.05,Installments,C2105
ORD-011198,30/08/2025,Mansoura,SP02,1,52896.0,0.0,Cash,C0547
ORD-011197,30/08/2025,nasr city,AX09,3,1845.0,0.0,cash,C1504
ORD-011196,30/08/2025,Mansoura,AX11,5,396.0,0.0,installments,C0308
ORD-011195,30/08/2025,Dokki,AX10,5,457.0,0.0,Cash,C0717
ORD-011194,30/08/2025,Dokki,KA06,1,12194.0,0.0,mobile wallet,C0922
ORD-011191,30/08/2025,Dokki,AX09,1,1874.0,0.0,credit card,C1838
ORD-011200,30/08/2025,Heliopolis,AU02,2,8691.0,0.0,CASH,
ORD-011202,30/08/2025,Miami,AC01,1,33698.0,0.0,Mobile Wallet,C0209
ORD-011228,31/08/2025,Nasr City,AC02,1,45525.0,0.0,Cash,C2000
ORD-011225,31/08/2025,Heliopolis,KA07,2,18808.0,0.0,credit card,C2112
ORD-011229,31/08/2025,Mansoura,SP03,1,58693.0,0.0,credit card,C0236
ORD-011224,31/08/2025,6th of October,AU02,1,9126.0,0.0,Credit Card,C1249
ORD-011226,31/08/2025,Dokki,TB04,1,17949.0,0.0,Valu/Installments,C0146
ORD-011217,31/08/2025,Mansoura,AX03,5,560.0,0.0,credit card,C1203
ORD-011213,31/08/2025,Smouha,AX05,4,2489.0,0.0,Visa/Mastercard,C0483
ORD-011214,31/08/2025,Nasr City,AX07,1,732.0,0.0,Visa/Mastercard,C1189
ORD-011216,31/08/2025,Maadi,AC01,1,33845.0,0.0,credit card,C1979
ORD-011215,31/08/2025,Smouha,AX05,3,2413.0,0.05,credit card,C1226
ORD-011218,31/08/2025,Smouha,KA02,2,3576.0,0.0,mobile wallet,C1085
ORD-011220,31/08/2025,Heliopolis,LP02,1,42669.0,0.0,installments,C0010
ORD-011221,31/08/2025,Maadi,SP08,1,45230.0,0.0,VF Cash,C2330
ORD-011222,31/08/2025,Maadi,AX07,2,762.0,0.0,VF Cash,C1613
ORD-011219,31/08/2025,Nasr City,AX01,5,974.0,0.0,credit card,C0873
ORD-011223,31/08/2025,Nasr City,SP06,1,9828.0,0.0,Credit Card,C0891
ORD-011227,31/08/2025,Heliopolis,LP05,1,35293.0,0.05,cash,C1897
ORD-011238,01/09/2025,Mansoura,LP05,1,36425.0,0.0,installments,C1433
ORD-011237,01/09/2025,Miami,KA01,2,4088.0,0.0,CASH,C0022
ORD-011231,01/09/2025,Miami,TB03,1,9311.0,0.0,Installments,C0025
ORD-011230,01/09/2025,Heliopolis,AC02,1,45650.0,0.0,Installments,C1458
ORD-011233,01/09/2025,Nasr City,AC03,1,26744.0,0.0,credit card,C1346
ORD-011235,01/09/2025,Heliopolis,LP01,1,27994.0,0.0,installments,C1450
ORD-011242,01/09/2025,Mansoura,AU01,2,6557.0,0.0,Visa/Mastercard,C1647
ORD-011232,01/09/2025,Miami,TV06,1,87709.0,0.0,Installments,C1886
ORD-011239,01/09/2025,Mansoura,TB02,1,13204.0,0.0,Visa/Mastercard,
ORD-011249,01/09/2025,6th of October,TB01,1,25223.0,0.0,Valu/Installments,C0810
ORD-011241,01/09/2025,6TH OF OCTOBER,TB04,1,17691.0,0.0,Installments,
ORD-011243,01/09/2025,Maadi,AU04,1,1422.0,0.0,Credit Card,C1453
ORD-011244,01/09/2025,6th of October,LP04,1,77654.0,0.0,Credit Card,C0037
ORD-011245,01/09/2025,6th of October,SP07,1,14152.0,0.0,Cash,C0416
ORD-011246,01/09/2025,Miami,AU02,1,8890.0,0.05,credit card,C1765
ORD-011247,01/09/2025,6TH OF OCTOBER,AU05,2,3235.0,0.0,Installments,C2016
ORD-011248,01/09/2025,Heliopolis,KA07,1,18430.0,0.0,mobile wallet,
ORD-011236,01/09/2025,Mansoura,KA06,1,12576.0,0.0,credit card,C0439
ORD-011240,01/09/2025,Heliopolis,SP04,1,11834.0,0.0,Visa/Mastercard,C0763
ORD-011234,01/09/2025,Nasr City,SP04,1,11805.0,0.0,VF Cash,C1223
ORD-011265,02/09/2025,Nasr City,TB01,1,23987.0,0.0,Mobile Wallet,C1928
ORD-011257,02/09/2025,Smouha,LP06,1,21544.0,0.0,Installments,C0508
ORD-011253,02/09/2025,Miami,AX02,2,351.0,0.0,Cash,
ORD-011252,02/09/2025,Nasr City,AX07,5,744.0,0.0,Valu/Installments,C2107
ORD-011251,02/09/2025,6th of October,KA05,1,9600.0,0.0,Cash,C2168
ORD-011250,02/09/2025,Miami,SP05,1,19163.0,0.0,Cash,C0348
RET-000037,02/09/2025,Nasr City,AX05,-5,2424.0,0.0,Valu/Installments,C0638
ORD-011255,02/09/2025,6th of October ,AU04,2,1436.0,0.0,mobile wallet,C0630
ORD-011254,02/09/2025,Nasr City,AX02,3,357.0,0.0,Credit Card,
ORD-011258,02/09/2025,Dokki,AX03,2,541.0,0.05,cash,
ORD-011264,02/09/2025,Smouha,AU03,2,13327.0,0.0,Valu/Installments,C0927
ORD-011263,02/09/2025,Maadi,KA06,2,12471.0,0.05,Mobile Wallet,C1025
ORD-011262,02/09/2025,Nasr City,AX05,5,2424.0,0.0,Valu/Installments,C0638
ORD-011261,02/09/2025,Maadi,AX04,5,250.0,0.0,installments,
ORD-011260,02/09/2025,Nasr City,SP03,1,59727.0,0.0,Installments,C0029
ORD-011259,02/09/2025,Nasr City,LP06,1,22588.0,0.0,Visa/Mastercard,C1997
ORD-011256,02/09/2025,6th of October,AC05,1,38306.0,0.0,installments,C1683
ORD-011274,03/09/2025,Heliopolis,SP07,1,14132.0,0.0,cash,C1104
ORD-011281,03/09/2025,6th of October,KA06,2,12837.0,0.0,Visa/Mastercard,C0573
ORD-011271,03/09/2025,Nasr City,KA08,2,5506.0,0.0,Mobile Wallet,C1755
ORD-011269,03/09/2025,Nasr City,LP03,1,31135.0,0.0,Credit Card,C1226
ORD-011286,03/09/2025,Nasr City,LP01,1,29354.0,0.0,Installments,C0813
ORD-011287,03/09/2025,Nasr City,KA03,2,6832.0,0.0,installments,
ORD-011288,03/09/2025,Nasr City,TV05,1,23346.0,0.0,installments,C0454
ORD-011292,03/09/2025,Nasr City,TV01,1,32343.0,0.0,Credit Card,C0165
ORD-011275,03/09/2025,Miami,SP03,1,59040.0,0.0,Valu/Installments,C0446
ORD-011283,03/09/2025,6th of October,TB04,1,17859.0,0.0,VF Cash,C1778
ORD-011270,03/09/2025,6th of October,TV05,1,24459.0,0.0,VF Cash,C1493
ORD-011273,03/09/2025,Maadi,SP04,1,11381.0,0.0,CASH,C2198
ORD-011267,03/09/2025,Heliopolis,TV01,1,31931.0,0.0,Valu/Installments,C1534
RET-000074,03/09/2025,Dokki,AX06,-5,1175.0,0.0,Valu/Installments,C1797
ORD-011272,03/09/2025,miami,KA06,1,12417.0,0.0,credit card,C0747
ORD-011266,03/09/2025,6th of October,SP08,1,44846.0,0.0,Cash,C1620
ORD-011290,03/09/2025,Nasr City,AX01,2,978.0,0.0,cash,C0777
ORD-011268,03/09/2025,Nasr City,SP04,1,11575.0,0.0,Cash,
ORD-011291,03/09/2025,Nasr City,KA05,1,9772.0,0.0,cash,C1167
ORD-011285,03/09/2025,Nasr City,AX02,1,346.0,0.0,mobile wallet,C1472
ORD-011284,03/09/2025,Smouha,AU04,2,1433.0,0.0,Cash,C0024
ORD-011277,03/09/2025,Smouha,TB03,1,9267.0,0.0,CASH,
ORD-011289,03/09/2025,Mansoura,AX03,4,552.0,0.0,CASH,
ORD-011280,03/09/2025,Maadi,LP05,1,36126.0,0.0,Mobile Wallet,C0663
ORD-011279,03/09/2025,Miami,KA06,1,12633.0,0.0,VF Cash,C1800
ORD-011278,03/09/2025,Nasr City,SP08,1,46005.0,0.0,Installments,
ORD-011282,03/09/2025,6th of October,SP05,1,19938.0,0.0,Credit Card,C1449
ORD-011276,03/09/2025,Dokki,AX06,5,,0.0,Valu/Installments,C1797
ORD-011303,04/09/2025,Nasr City,AU03,1,13185.0,0.05,credit card,C0487
ORD-011306,04/09/2025,Smouha,KA04,2,24181.0,0.0,Credit Card,C2254
ORD-011301,04/09/2025,Nasr City,KA05,2,9939.0,0.0,CASH,C1964
ORD-011302,04/09/2025,Miami,LP04,1,80167.0,0.0,credit card,C1089
ORD-011305,04/09/2025,Heliopolis,AC02,1,45925.0,0.0,Valu/Installments,C2004
ORD-011298,04/09/2025,Dokki,LP06,1,22147.0,0.0,installments,C0130
ORD-011294,04/09/2025,6th of October,KA07,1,18797.0,0.0,Visa/Mastercard,C1617
ORD-011295,04/09/2025,Miami,AX09,3,1889.0,0.0,Visa/Mastercard,C1725
ORD-011297,04/09/2025,Dokki,KA06,1,12254.0,0.0,credit card,
ORD-011293,04/09/2025,Maadi,AX04,5,248.0,0.0,credit card,C0548
ORD-011304,04/09/2025,Nasr City,AX04,1,244.0,0.0,Cash,C1725
ORD-011307,04/09/2025,Nasr City,LP06,1,21541.0,0.0,VF Cash,C2030
ORD-011310,04/09/2025,Nasr City,TB03,1,9554.0,0.0,CASH,C1638
ORD-011309,04/09/2025,Nasr City,LP03,1,31813.0,0.05,installments,C1331
ORD-011299,04/09/2025,Maadi,TB03,1,9432.0,0.0,credit card,C0657
ORD-011311,04/09/2025,6th of October,KA08,1,5272.0,0.0,Cash,
ORD-011312,04/09/2025,Smouha,SP04,1,11785.0,0.0,cash,C2056
ORD-011296,04/09/2025,Smouha,SP08,1,45497.0,0.0,Cash,C1357
ORD-011308,04/09/2025,Dokki,KA05,1,10021.0,0.0,cash,C0522
ORD-011300,04/09/2025,Mansoura,KA04,1,24872.0,0.0,Installments,C0816
ORD-011321,05/09/2025,Miami,SP05,1,19732.0,0.0,Mobile Wallet,C2049
ORD-011327,05/09/2025,Dokki,AU02,1,9115.0,0.05,installments,C1760
ORD-011326,05/09/2025,Heliopolis,AC01,1,33898.0,0.05,installments,C1402
ORD-011325,05/09/2025,Miami,AC01,1,33823.0,0.0,Visa/Mastercard,C0214
ORD-011324,05/09/2025,Heliopolis,LP06,1,22310.0,0.0,Installments,C0969
ORD-011323,05/09/2025,Heliopolis,AX08,4,1374.0,0.0,Credit Card,C0056
ORD-011318,05/09/2025,Dokki,SP01,1,16560.0,0.0,credit card,C0517
ORD-011322,05/09/2025,Dokki,TB02,1,13526.0,0.0,cash,
ORD-011319,05/09/2025,Mansoura,LP02,1,42001.0,0.0,Credit Card,C0638
ORD-011313,05/09/2025,Nasr City,AX08,5,1387.0,0.0,Cash,C1593
ORD-011314,05/09/2025,Nasr City,KA02,1,3510.0,0.0,Visa/Mastercard,C0539
ORD-011315,05/09/2025,6th of October,TB04,1,17564.0,0.0,cash,C0450
ORD-011317,05/09/2025,6th of October ,TV01,1,31077.0,0.05,Valu/Installments,C0087
ORD-011320,05/09/2025,Maadi,AX09,3,1859.0,0.0,cash,C1410
ORD-011316,05/09/2025,Miami,LP04,1,78124.0,0.0,Visa/Mastercard,C0442
ORD-011333,06/09/2025,Maadi,LP03,1,30133.0,0.0,Valu/Installments,C1186
ORD-011336,06/09/2025,Mansoura,KA07,1,18508.0,0.0,Credit Card,C0339
ORD-011342,06/09/2025,Miami,AX09,3,1902.0,0.0,Credit Card,C1022
ORD-011330,06/09/2025,Miami,SP07,1,14756.0,0.0,Cash,C1780
ORD-011337,06/09/2025,Mansoura,AU01,1,6473.0,0.0,mobile wallet,C1757
ORD-011338,06/09/2025,Mansoura,AX03,5,553.0,0.05,Visa/Mastercard,C1015
ORD-011339,06/09/2025,Maadi,TV02,1,26520.0,0.05,installments,C0625
ORD-011340,06/09/2025,6th of October,AX12,2,894.0,0.0,Cash,C2095
ORD-011334,06/09/2025,Nasr City,TV06,1,89697.0,0.0,Valu/Installments,C1156
ORD-011328,06/09/2025,Heliopolis,TV01,1,32167.0,0.0,Valu/Installments,C2446
ORD-011329,06/09/2025,Nasr City,AX01,2,938.0,0.0,Installments,C0033
ORD-011341,06/09/2025,Dokki,TV06,1,86796.0,0.0,mobile wallet,C0766
ORD-011343,06/09/2025,6th of October,AX07,2,743.0,0.0,Credit Card,C1152
ORD-011332,06/09/2025,Smouha,SP08,1,45744.0,0.0,Visa/Mastercard,
ORD-011351,06/09/2025,smouha,AU02,1,9164.0,0.0,installments,C2058
ORD-011355,06/09/2025,Nasr City,TV02,1,26496.0,0.0,credit card,C2422
ORD-011354,06/09/2025,mansoura,AC01,1,32705.0,0.0,Visa/Mastercard,C0773
ORD-011353,06/09/2025,DOKKI,LP04,1,77291.0,0.0,CASH,
ORD-011352,06/09/2025,dokki,LP06,1,22255.0,0.0,Installments,C0743
ORD-011335,06/09/2025,Heliopolis,LP05,1,35710.0,0.0,installments,C1991
ORD-011350,06/09/2025,Mansoura,AX01,4,976.0,0.0,cash,C0423
ORD-011348,06/09/2025,Nasr City,TV02,1,26125.0,0.0,installments,C0813
ORD-011347,06/09/2025,6th of October,KA06,1,12364.0,0.0,Valu/Installments,C1758
ORD-011346,06/09/2025,Miami,KA04,1,23932.0,0.0,Valu/Installments,C1014
ORD-011349,06/09/2025,Heliopolis,SP07,1,14264.0,0.0,Mobile Wallet,C1942
ORD-011345,06/09/2025,6th of October,AX10,5,442.0,0.05,Cash,C1080
ORD-011344,06/09/2025,6th of October,KA01,1,4141.0,0.0,Credit Card,C0472
ORD-011331,06/09/2025,Mansoura,LP05,1,35828.0,0.0,credit card,C1967
ORD-011366,07/09/2025,Miami,SP05,1,19718.0,0.0,installments,C1747
ORD-011367,07/09/2025,mansoura,SP02,1,53101.0,0.0,credit card,C0073
ORD-011362,07/09/2025,6th of October,LP05,1,36223.0,0.0,Credit Card,C0158
ORD-011369,07/09/2025,6th of October,LP03,1,30601.0,0.0,installments,C0373
ORD-011363,07/09/2025,NASR CITY,LP05,1,35414.0,0.0,Valu/Installments,C1122
ORD-011361,07/09/2025,Maadi,AX08,3,,0.0,CASH,C1644
ORD-011360,07/09/2025,Smouha,TB04,1,16984.0,0.0,CASH,C0542
ORD-011359,07/09/2025,Mansoura,TV03,1,14275.0,0.0,cash,C0494
ORD-011358,07/09/2025,6th of October,TV03,1,14790.0,0.0,cash,C0940
ORD-011357,07/09/2025,Dokki ,AX12,3,893.0,0.05,credit card,
ORD-011356,07/09/2025,Miami,LP01,1,28009.0,0.0,Installments,C0610
ORD-011365,07/09/2025,Maadi,KA02,1,3539.0,0.0,credit card,C0599
ORD-011370,07/09/2025,Maadi,AX10,2,447.0,0.0,Visa/Mastercard,C0209
ORD-011371,07/09/2025,Mansoura,AX05,4,2491.0,0.0,Mobile Wallet,C1558
ORD-011372,07/09/2025,Nasr City,TV01,1,32385.0,0.0,Credit Card,C1669
ORD-011373,07/09/2025,Miami,TV02,1,25719.0,0.0,Installments,C2151
ORD-011374,07/09/2025,Miami,KA02,2,3675.0,0.0,cash,C1256
ORD-011375,07/09/2025,6th of October,LP05,1,35435.0,0.0,Valu/Installments,C0948
ORD-011368,07/09/2025,6th of October,TB04,1,17738.0,0.0,mobile wallet,C0818
ORD-011364,07/09/2025,6th of October,SP05,1,19820.0,0.0,credit card,C0788
ORD-011385,08/09/2025,Dokki,AX03,1,537.0,0.0,Visa/Mastercard,C0451
ORD-011377,08/09/2025,Mansoura,AX05,2,2419.0,0.0,VF Cash,C1377
ORD-011381,08/09/2025,Smouha,LP06,1,21877.0,0.0,installments,C2089
ORD-011391,08/09/2025,Maadi,AC01,1,33842.0,0.0,Installments,C1012
ORD-011392,08/09/2025,Miami,TV06,1,87470.0,0.0,installments,C1311
ORD-011390,08/09/2025,Maadi,AX04,5,254.0,0.0,Mobile Wallet,C1713
ORD-011389,08/09/2025,Mansoura,LP04,1,78729.0,0.0,Credit Card,C1438
ORD-011376,08/09/2025,Maadi,AC01,1,34447.0,0.0,Valu/Installments,C0909
ORD-011378,08/09/2025,Smouha,AX10,2,450.0,0.0,cash,C1746
ORD-011380,08/09/2025,Heliopolis,AX03,3,544.0,0.0,CASH,C0252
ORD-011379,08/09/2025,Miami,AX04,1,257.0,0.0,credit card,C1963
ORD-011382,08/09/2025,Miami,SP01,1,16647.0,0.0,cash,C1750
ORD-011384,08/09/2025,Nasr City,AX06,1,1124.0,0.0,mobile wallet,C1247
ORD-011385,08/09/2025,Dokki,AX03,1,537.0,0.0,Visa/Mastercard,C0451
ORD-011386,08/09/2025,Smouha,AC02,1,46422.0,0.0,installments,C1103
ORD-011387,08/09/2025,Heliopolis,SP01,1,16949.0,0.0,Visa/Mastercard,C1490
ORD-011383,08/09/2025,6th of October,LP01,1,28921.0,0.0,installments,C0212
ORD-011388,08/09/2025,Heliopolis,LP01,1,28698.0,0.0,Cash,C1150
ORD-011397,09/09/2025,Smouha,LP01,1,28289.0,0.0,mobile wallet,C0168
ORD-011400,09/09/2025,Heliopolis,AU03,2,13854.0,0.0,credit card,C1318
ORD-011398,09/09/2025,Nasr City,AX12,1,892.0,0.05,CASH,C0003
ORD-011396,09/09/2025,Maadi,AX07,3,731.0,0.0,installments,C0745
ORD-011399,09/09/2025,Dokki,KA05,2,9751.0,0.05,installments,C0214
ORD-011394,09/09/2025,Heliopolis,AU01,2,6672.0,0.0,cash,
ORD-011393,09/09/2025,6th of October,AX03,3,548.0,0.0,cash,C0195
ORD-011401,09/09/2025,Mansoura,TV01,1,31392.0,0.0,cash,C0869
ORD-011395,09/09/2025,Smouha,AX06,5,1128.0,0.0,Visa/Mastercard,
ORD-011403,09/09/2025,6th of October,TB02,1,13506.0,0.0,Visa/Mastercard,C1934
ORD-011410,09/09/2025,Mansoura,AU05,2,3131.0,0.05,mobile wallet,
ORD-011405,09/09/2025,Mansoura,AX05,4,2491.0,0.0,Credit Card,C2485
ORD-011412,09/09/2025,Dokki,AX08,1,1373.0,0.0,CASH,C1490
ORD-011407,09/09/2025,Maadi,AC04,1,58348.0,0.0,cash,C1765
ORD-011408,09/09/2025,Maadi,KA08,1,5547.0,0.0,Credit Card,C0758
ORD-011409,09/09/2025,Smouha,LP03,1,31633.0,0.0,installments,C1034
ORD-011402,09/09/2025,Maadi,AX10,4,444.0,0.0,cash,C1169
ORD-011411,09/09/2025,Nasr City,KA03,1,6900.0,0.0,VF Cash,C2013
ORD-011406,09/09/2025,Mansoura,KA05,1,9527.0,0.0,credit card,C0413
ORD-011404,09/09/2025,6th of October,SP08,1,45860.0,0.0,Credit Card,C1148
ORD-011419,10/09/2025,Maadi,LP06,1,21649.0,0.0,installments,C2261
RET-000027,10/09/2025,Smouha,TV06,-1,86901.0,0.0,Credit Card,C1477
ORD-011414,10/09/2025,6th of October,AX07,4,755.0,0.0,credit card,C1247
ORD-011429,10/09/2025,Nasr City,SP08,1,45156.0,0.0,Visa/Mastercard,C0976
ORD-011418,10/09/2025,Miami,AX12,3,879.0,0.0,installments,C0056
ORD-011426,10/09/2025,Maadi,AU01,2,6566.0,0.05,cash,C2167
RET-000027,10/09/2025,Smouha,TV06,-1,86901.0,0.0,Credit Card,C1477
ORD-011415,10/09/2025,6th of October,AX07,3,746.0,0.0,cash,C0457
ORD-011416,10/09/2025,Smouha,LP02,1,41174.0,0.0,mobile wallet,C0397
ORD-011419,10/09/2025,Maadi,LP06,1,21649.0,0.0,installments,C2261
ORD-011420,10/09/2025,Heliopolis,AX10,1,449.0,0.0,Valu/Installments,C0534
ORD-011421,10/09/2025,Nasr City,SP01,1,16011.0,0.0,mobile wallet,
ORD-011423,10/09/2025,Smouha,TV06,1,86901.0,0.0,Credit Card,C1477
ORD-011424,10/09/2025,6th of October,TV04,1,40943.0,0.0,VF Cash,C1481
ORD-011422,10/09/2025,Maadi,AX04,3,249.0,0.0,Visa/Mastercard,C1357
ORD-011417,10/09/2025,Nasr City,SP06,1,9510.0,0.0,Installments,
ORD-011427,10/09/2025,Heliopolis,TB03,1,9723.0,0.0,CASH,C2477
ORD-011431,10/09/2025,Heliopolis,SP02,1,51141.0,0.0,Credit Card,C0861
ORD-011428,10/09/2025,Mansoura,AX04,2,248.0,0.05,cash,C1523
ORD-011434,10/09/2025,miami,AU03,2,13675.0,0.0,Installments,C0358
ORD-011433,10/09/2025,Maadi,AX01,3,929.0,0.0,Visa/Mastercard,C1574
ORD-011432,10/09/2025,mansoura,AX06,1,1160.0,0.0,credit card,C2394
ORD-011413,10/09/2025,MIAMI,SP03,1,56785.0,0.0,installments,C1370
ORD-011430,10/09/2025,Heliopolis,TB02,1,13888.0,0.05,mobile wallet,C1131
ORD-011425,10/09/2025,dokki,LP01,1,29205.0,0.0,credit card,C2413
ORD-011460,11/09/2025,Heliopolis,LP04,1,75728.0,0.0,Valu/Installments,C1035
ORD-011456,11/09/2025,6th of October,AX12,3,892.0,0.0,Mobile Wallet,C0786
ORD-011457,11/09/2025,Nasr City,AX01,1,,0.0,CASH,
ORD-011458,11/09/2025,Dokki,LP03,1,,0.0,installments,C1713
ORD-011459,11/09/2025,Miami ,AX09,1,1836.0,0.0,Cash,C2255
ORD-011461,11/09/2025,Maadi,TB01,1,25007.0,0.0,credit card,C2296
ORD-011448,11/09/2025,Miami,KA06,2,12205.0,0.0,Credit Card,C1405
ORD-011439,11/09/2025,Nasr City,AX06,5,1162.0,0.0,Visa/Mastercard,C0169
ORD-011436,11/09/2025,Mansoura,SP05,1,19724.0,0.05,Credit Card,C0535
ORD-011437,11/09/2025,Heliopolis,AX12,4,888.0,0.0,Visa/Mastercard,C2466
ORD-011435,11/09/2025,Maadi,AX06,5,1178.0,0.0,Installments,C0436
ORD-011455,11/09/2025,Dokki,TB02,1,13174.0,0.0,mobile wallet,C0524
ORD-011462,11/09/2025,Maadi,AX01,3,960.0,0.0,VF Cash,C1423
ORD-011454,11/09/2025,Smouha,AU02,1,9057.0,0.0,Cash,C0180
ORD-011453,11/09/2025,Dokki,KA08,1,5322.0,0.0,VF Cash,C0630
ORD-011438,11/09/2025,Miami,TV06,1,91647.0,0.0,mobile wallet,C0493
ORD-011447,11/09/2025,Smouha,KA08,1,5394.0,0.0,Cash,
ORD-011451,11/09/2025,Dokki,TB02,1,13315.0,0.0,cash,C0828
ORD-011450,11/09/2025,Nasr City,KA06,2,12508.0,0.0,installments,C1943
ORD-011441,11/09/2025,Mansoura,LP03,1,30606.0,0.0,installments,C0781
ORD-011442,11/09/2025,Smouha,LP03,1,31806.0,0.0,Cash,C0791
ORD-011440,11/09/2025,Maadi,AX07,2,748.0,0.0,cash,C2403
ORD-011444,11/09/2025,Heliopolis ,LP05,1,,0.0,Credit Card,C0405
ORD-011445,11/09/2025,Smouha,AX11,1,391.0,0.05,VF Cash,C0307
ORD-011446,11/09/2025,Smouha,KA02,2,3700.0,0.0,cash,C2239
ORD-011452,11/09/2025,Dokki,TB04,1,17015.0,0.0,Cash,C2186
ORD-011443,11/09/2025,Dokki,AC05,1,38711.0,0.0,installments,C1826
ORD-011449,11/09/2025,Smouha,AU03,2,13781.0,0.0,Valu/Installments,C1235
ORD-011484,12/09/2025,Smouha,AX08,4,1365.0,0.0,Credit Card,C2181
ORD-011472,12/09/2025,Mansoura,AX03,3,547.0,0.0,VF Cash,C0090
ORD-011482,12/09/2025,Dokki,AX07,4,748.0,0.0,installments,C1629
ORD-011481,12/09/2025,Maadi,TB04,1,17427.0,0.05,Valu/Installments,C0780
ORD-011480,12/09/2025,Heliopolis,SP03,1,59124.0,0.0,credit card,C0250
ORD-011477,12/09/2025,6th of October,AC04,1,58761.0,0.0,Mobile Wallet,C1187
ORD-011476,12/09/2025,6th of October,TV01,1,32663.0,0.0,Visa/Mastercard,C0529
RET-000060,12/09/2025,Maadi,TB04,-1,17427.0,0.05,Valu/Installments,C0780
ORD-011463,12/09/2025,Maadi,SP08,1,,0.0,Credit Card,C1500
ORD-011464,12/09/2025,6th of October,LP03,1,31119.0,0.0,Installments,C1837
ORD-011465,12/09/2025,Mansoura,KA01,1,4225.0,0.0,CASH,C0481
ORD-011466,12/09/2025,Smouha,KA06,1,12488.0,0.0,VF Cash,C1787
ORD-011467,12/09/2025,Smouha,AX07,2,729.0,0.0,credit card,C0278
ORD-011478,12/09/2025,Miami,TB02,1,13401.0,0.0,cash,C0187
ORD-011468,12/09/2025,Maadi,AU01,2,6333.0,0.0,Cash,C1978
ORD-011470,12/09/2025,Nasr City,AX09,2,1821.0,0.0,Visa/Mastercard,C2146
ORD-011471,12/09/2025,6th of October,LP06,1,21663.0,0.0,CASH,C2064
ORD-011483,12/09/2025,Maadi,TV06,1,87032.0,0.0,Visa/Mastercard,C2028
ORD-011473,12/09/2025,Nasr City,KA07,1,18599.0,0.0,mobile wallet,C0684
ORD-011474,12/09/2025,6th of October,LP03,1,30112.0,0.0,Visa/Mastercard,C2455
ORD-011475,12/09/2025,HELIOPOLIS,AU04,2,1451.0,0.0,CASH,C1123
ORD-011469,12/09/2025,Smouha,AX09,1,1845.0,0.0,Cash,C1717
ORD-011479,12/09/2025,Nasr City,SP06,1,9977.0,0.0,Installments,C2320
ORD-011501,13/09/2025,Maadi,LP03,1,31816.0,0.0,CASH,C0015
ORD-011494,13/09/2025,Miami,AX03,5,548.0,0.0,CASH,C1642
ORD-011489,13/09/2025,Maadi,KA07,1,18782.0,0.0,Valu/Installments,C1794
ORD-011490,13/09/2025,MIAMI,LP01,1,28651.0,0.0,Valu/Installments,C2087
ORD-011491,13/09/2025,Maadi,LP06,1,21893.0,0.0,Cash,C1574
ORD-011492,13/09/2025,Heliopolis,AX07,1,735.0,0.0,Mobile Wallet,C2304
ORD-011493,13/09/2025,Mansoura,LP06,1,22529.0,0.0,mobile wallet,C1599
ORD-011498,13/09/2025,Maadi,AX01,5,931.0,0.0,Visa/Mastercard,C1113
ORD-011500,13/09/2025,Mansoura,AX03,1,534.0,0.0,Cash,C0754
ORD-011503,13/09/2025,6th of october,AX04,4,248.0,0.0,CASH,C2343
ORD-011502,13/09/2025,Mansoura,AX06,2,1116.0,0.05,cash,C0656
ORD-011504,13/09/2025,6th of October,KA04,1,25192.0,0.0,installments,C0893
ORD-011505,13/09/2025,Dokki,SP07,1,14578.0,0.0,cash,C2426
ORD-011499,13/09/2025,SMOUHA,AX06,5,1168.0,0.0,Cash,C0848
ORD-011507,13/09/2025,Smouha,SP07,1,14600.0,0.0,VF Cash,C2101
ORD-011506,13/09/2025,6th of October,TB01,1,23995.0,0.0,installments,C0037
ORD-011486,13/09/2025,Mansoura,SP03,1,59183.0,0.0,Credit Card,C2104
ORD-011487,13/09/2025,maadi,TB02,1,13416.0,0.0,mobile wallet,C0308
ORD-011496,13/09/2025,6th of October,AX09,4,1859.0,0.0,cash,
ORD-011488,13/09/2025,6th of October,TB01,1,24509.0,0.0,Credit Card,C0678
ORD-011485,13/09/2025,Miami,LP04,1,79495.0,0.0,installments,
ORD-011495,13/09/2025,Mansoura,KA08,2,5434.0,0.0,Visa/Mastercard,C2488
ORD-011497,13/09/2025,Nasr City,KA08,1,5270.0,0.05,mobile wallet,
ORD-011509,13/09/2025,6th of october,LP04,1,80100.0,0.0,Installments,C2064
ORD-011508,13/09/2025,Heliopolis,AC04,1,59398.0,0.0,Credit Card,C1866
ORD-011511,14/09/2025,Miami,SP04,1,11544.0,0.0,Credit Card,C1061
ORD-011518,14/09/2025,Miami,AX01,2,972.0,0.0,Credit Card,C0701
ORD-011520,14/09/2025,Heliopolis,AU04,2,1425.0,0.0,credit card,C0187
ORD-011519,14/09/2025,Miami,SP06,1,9909.0,0.0,Cash,C0918
ORD-011517,14/09/2025,Smouha,AU05,2,3157.0,0.0,Visa/Mastercard,C0488
ORD-011514,14/09/2025,Dokki,SP06,1,9920.0,0.0,cash,C1214
ORD-011515,14/09/2025,Nasr City,AC06,1,41167.0,0.0,Cash,C1100
ORD-011513,14/09/2025,Heliopolis,AX07,2,732.0,0.0,Mobile Wallet,C0903
ORD-011512,14/09/2025,Dokki,LP01,1,27914.0,0.0,Installments,C1243
ORD-011510,14/09/2025,Nasr City,SP02,1,51838.0,0.0,Valu/Installments,C2151
ORD-011516,14/09/2025,Miami,LP04,1,78390.0,0.0,Visa/Mastercard,C2262
ORD-011534,15/09/2025,6th of October,LP05,1,34595.0,0.0,VF Cash,C2190
ORD-011530,15/09/2025,Mansoura,LP05,1,35976.0,0.0,Valu/Installments,C1108
ORD-011533,15/09/2025,Nasr City,AX12,1,874.0,0.0,cash,C0861
ORD-011531,15/09/2025,6th of October,TB04,1,17669.0,0.05,Credit Card,C0212
ORD-011526,15/09/2025,Mansoura,TV03,1,14882.0,0.0,cash,C0607
ORD-011521,15/09/2025,6th of October,SP05,1,19143.0,0.0,cash,C2186
ORD-011529,15/09/2025,Smouha,LP05,1,36402.0,0.0,Cash,C0545
ORD-011528,15/09/2025,Miami,KA08,1,5268.0,0.0,VF Cash,C1138
ORD-011536,15/09/2025,Heliopolis,AX04,3,252.0,0.0,Credit Card,C0006
ORD-011522,15/09/2025,NASR CITY,AX11,3,404.0,0.0,Visa/Mastercard,C0976
ORD-011535,15/09/2025,Dokki,AC03,1,26511.0,0.0,Cash,C0476
ORD-011524,15/09/2025,Miami,AU04,2,1463.0,0.0,Cash,C0161
ORD-011525,15/09/2025,Smouha,AX02,2,359.0,0.0,Visa/Mastercard,
ORD-011532,15/09/2025,Dokki,AX10,5,445.0,0.0,Credit Card,C1020
ORD-011527,15/09/2025,Miami,KA08,1,5249.0,0.0,Mobile Wallet,
ORD-011523,15/09/2025,Smouha,AX11,5,402.0,0.0,cash,C1196
ORD-011538,16/09/2025,MAADI,AX08,5,1322.0,0.0,Cash,C2479
RET-000021,16/09/2025,6th of October,AX03,-1,564.0,0.0,cash,C2250
ORD-011537,16/09/2025,Nasr City,AX06,5,1176.0,0.0,CASH,C1424
ORD-011553,16/09/2025,Maadi,AX12,2,886.0,0.0,installments,
ORD-011552,16/09/2025,Nasr City,KA03,1,6845.0,0.05,Cash,C0899
ORD-011551,16/09/2025,Heliopolis,LP04,1,76010.0,0.0,installments,C1457
ORD-011549,16/09/2025,HELIOPOLIS,AX10,5,455.0,0.0,VF Cash,C0235
ORD-011550,16/09/2025,Nasr City,LP01,1,27861.0,0.0,Visa/Mastercard,C0043
ORD-011540,16/09/2025,Heliopolis,AU01,1,6538.0,0.0,Credit Card,C1512
ORD-011546,16/09/2025,Nasr City,AU05,1,3119.0,0.0,Installments,C1673
ORD-011544,16/09/2025,6th of October,AX06,5,1118.0,0.0,mobile wallet,C1082
ORD-011543,16/09/2025,6th of October,AX03,1,564.0,0.0,cash,C2250
ORD-011542,16/09/2025,Mansoura,AU03,1,13757.0,0.0,VF Cash,C0341
ORD-011547,16/09/2025,Dokki,AC02,1,45790.0,0.0,credit card,C1208
ORD-011539,16/09/2025,Heliopolis,AX09,5,,0.0,installments,
ORD-011541,16/09/2025,6th of October,KA06,1,12139.0,0.0,CASH,C1330
ORD-011548,16/09/2025,Mansoura,AX11,5,402.0,0.0,CASH,C1330
ORD-011545,16/09/2025,Maadi,SP05,1,19890.0,0.0,Credit Card,C0548
ORD-011571,17/09/2025,Maadi,AC04,1,59505.0,0.0,cash,C1101
ORD-011563,17/09/2025,Mansoura,SP05,1,19566.0,0.0,CASH,C1055
ORD-011568,17/09/2025,Dokki,AU05,2,3139.0,0.0,Visa/Mastercard,C0904
ORD-011569,17/09/2025,Nasr City,AU01,2,6663.0,0.0,Visa/Mastercard,
ORD-011570,17/09/2025,Smouha,TB01,1,24000.0,0.0,installments,C1329
ORD-011572,17/09/2025,Nasr City,SP07,1,14925.0,0.0,Mobile Wallet,C0836
ORD-011567,17/09/2025,Miami,SP02,1,50567.0,0.0,Installments,C1812
ORD-011573,17/09/2025,Maadi,KA07,2,18255.0,0.0,Visa/Mastercard,C2383
ORD-011566,17/09/2025,Smouha,AX06,3,1182.0,0.0,Cash,C0845
ORD-011574,17/09/2025,Nasr City,AU01,2,6416.0,0.0,Visa/Mastercard,C1620
ORD-011575,17/09/2025,Maadi,AU01,1,6531.0,0.0,CASH,C0638
ORD-011554,17/09/2025,Nasr City,AU02,1,8645.0,0.0,Mobile Wallet,C1146
ORD-011562,17/09/2025,Nasr City,SP05,1,19490.0,0.0,mobile wallet,C1565
ORD-011561,17/09/2025,6th of October,AX06,4,1155.0,0.0,credit card,C0436
ORD-011560,17/09/2025,Maadi,SP03,1,58276.0,0.0,Valu/Installments,C2390
ORD-011559,17/09/2025,Smouha,LP03,1,30828.0,0.0,installments,C2202
ORD-011558,17/09/2025,6th of October,AX12,5,920.0,0.0,credit card,C0065
ORD-011557,17/09/2025,6th of October,AU03,1,13215.0,0.0,cash,C1049
ORD-011556,17/09/2025,Nasr City,SP02,1,51538.0,0.0,credit card,C0724
ORD-011564,17/09/2025,6TH OF OCTOBER,LP05,1,35478.0,0.0,CASH,C2476
ORD-011565,17/09/2025,Miami,SP03,1,57011.0,0.0,CASH,C2257
ORD-011555,17/09/2025,Heliopolis,AU02,1,8788.0,0.0,cash,
ORD-011578,18/09/2025,MANSOURA,AU03,2,13663.0,0.0,Visa/Mastercard,C1778
ORD-011584,18/09/2025,Smouha,AX04,3,255.0,0.0,CASH,C0744
ORD-011576,18/09/2025,Dokki,TB04,1,17130.0,0.0,CASH,C1828
ORD-011585,18/09/2025,6th of October,LP05,1,35594.0,0.0,Credit Card,C1882
ORD-011586,18/09/2025,Heliopolis,SP07,1,14687.0,0.0,cash,
ORD-011577,18/09/2025,Mansoura,LP05,1,36395.0,0.0,credit card,C0950
ORD-011580,18/09/2025,Nasr City,LP04,1,80177.0,0.0,Visa/Mastercard,C0608
ORD-011579,18/09/2025,Smouha,AX07,3,738.0,0.0,Visa/Mastercard,C1510
RET-000131,18/09/2025,Mansoura,SP05,-1,19838.0,0.0,installments,C0774
ORD-011582,18/09/2025,Heliopolis,AX06,4,1177.0,0.0,Cash,C0384
ORD-011587,18/09/2025,6th of October,LP02,1,41205.0,0.0,cash,C0758
ORD-011588,18/09/2025,Heliopolis,TV06,1,90344.0,0.0,Credit Card,C0722
ORD-011589,18/09/2025,Mansoura,SP05,1,19838.0,0.0,installments,C0774
ORD-011590,18/09/2025,Dokki ,TV06,1,86647.0,0.0,Credit Card,C2334
ORD-011591,18/09/2025,Dokki,LP06,1,21601.0,0.0,Credit Card,C2010
ORD-011592,18/09/2025,Heliopolis,AU05,2,3147.0,0.0,mobile wallet,C0739
ORD-011581,18/09/2025,Nasr City,AX09,4,1871.0,0.0,CASH,C1963
ORD-011583,18/09/2025,Mansoura,AX12,1,918.0,0.0,Credit Card,C2032
ORD-011607,19/09/2025,6th of October,AX07,2,738.0,0.0,VF Cash,C1649
ORD-011603,19/09/2025,Mansoura,KA04,2,24792.0,0.0,cash,C0296
ORD-011609,19/09/2025,SMOUHA,LP06,1,22371.0,0.0,Cash,C2158
ORD-011610,19/09/2025,Mansoura,KA02,2,3574.0,0.0,cash,C0563
ORD-011611,19/09/2025,Smouha,KA02,2,3649.0,0.0,cash,C0049
ORD-011612,19/09/2025,Mansoura,LP05,1,36286.0,0.0,Valu/Installments,C2472
ORD-011602,19/09/2025,Heliopolis,KA05,1,9622.0,0.0,Visa/Mastercard,C0588
ORD-011613,19/09/2025,6th of October,TB02,1,13461.0,0.0,Credit Card,
ORD-011604,19/09/2025,Smouha,TB02,1,13460.0,0.0,installments,C1747
ORD-011614,19/09/2025,Mansoura,KA08,1,5260.0,0.0,Credit Card,C0409
ORD-011608,19/09/2025,Maadi ,KA08,2,5355.0,0.0,Credit Card,C0411
ORD-011595,19/09/2025,Nasr City,SP02,1,52628.0,0.0,Valu/Installments,C1271
ORD-011594,19/09/2025,Heliopolis,KA02,2,3594.0,0.0,Cash,C0087
ORD-011596,19/09/2025,Mansoura,SP04,1,11825.0,0.0,installments,C0668
ORD-011597,19/09/2025,Heliopolis,TB03,1,9782.0,0.0,Cash,C0728
ORD-011598,19/09/2025,Miami,KA05,1,10022.0,0.0,cash,C1615
ORD-011599,19/09/2025,Mansoura,AU01,1,6426.0,0.0,CASH,C2490
ORD-011600,19/09/2025,Miami,LP04,1,77627.0,0.0,Cash,C0770
ORD-011601,19/09/2025,Dokki,TB02,1,13350.0,0.0,cash,C0285
ORD-011605,19/09/2025,Nasr City,AX02,5,352.0,0.0,Visa/Mastercard,C1005
ORD-011615,19/09/2025,Nasr City,AX08,4,1389.0,0.0,mobile wallet,C1548
ORD-011606,19/09/2025,6th of October,AX09,1,1811.0,0.0,CASH,C1864
ORD-011593,19/09/2025,Miami,TB01,1,24393.0,0.0,Credit Card,C1156
ORD-011629,20/09/2025,6th of October,AC04,1,57656.0,0.0,Valu/Installments,
ORD-011616,20/09/2025,Miami,TV06,1,88004.0,0.0,Credit Card,C1573
ORD-011631,20/09/2025,Mansoura,AX09,4,1880.0,0.0,Credit Card,C0039
ORD-011628,20/09/2025,Nasr City,TV05,1,24356.0,0.0,cash,C2457
ORD-011619,20/09/2025,Smouha,TV04,1,,0.0,credit card,C0056
ORD-011620,20/09/2025,Nasr City,AX06,2,1175.0,0.0,Credit Card,C0180
ORD-011632,20/09/2025,Mansoura,AC04,1,59253.0,0.0,Installments,
ORD-011621,20/09/2025,Dokki,AU05,1,3274.0,0.0,mobile wallet,C0542
ORD-011622,20/09/2025,6th of October,KA06,1,12589.0,0.0,CASH,C1018
ORD-011624,20/09/2025,Smouha,LP05,1,35387.0,0.0,mobile wallet,
ORD-011623,20/09/2025,Smouha,SP03,1,59221.0,0.05,Valu/Installments,C0343
ORD-011626,20/09/2025,Mansoura,TB04,1,17885.0,0.0,Valu/Installments,C0585
ORD-011633,20/09/2025,Heliopolis,LP03,1,30902.0,0.0,cash,C0436
ORD-011637,20/09/2025,Mansoura,AX11,5,401.0,0.0,credit card,
ORD-011635,20/09/2025,Miami,AU02,1,,0.0,cash,C1387
ORD-011627,20/09/2025,Dokki,LP02,1,41898.0,0.0,installments,
ORD-011630,20/09/2025,6th of October,AC03,1,25490.0,0.0,Installments,C0056
ORD-011638,20/09/2025,Nasr City,SP01,1,16673.0,0.0,CASH,C0829
ORD-011634,20/09/2025,Miami,AU05,1,3244.0,0.0,Credit Card,C2222
ORD-011625,20/09/2025,Maadi,LP03,1,31083.0,0.0,Mobile Wallet,C1097
ORD-011636,20/09/2025,heliopolis,SP03,1,58914.0,0.0,Cash,C0349
ORD-011618,20/09/2025,Nasr City,SP07,1,14336.0,0.0,Credit Card,C0451
ORD-011617,20/09/2025,Heliopolis,SP02,1,51778.0,0.0,credit card,C0085
ORD-011641,21/09/2025,Miami,LP05,1,35469.0,0.0,installments,C2306
ORD-011644,21/09/2025,Heliopolis,SP01,1,,0.0,Visa/Mastercard,C0669
ORD-011645,21/09/2025,Nasr City,TB03,1,9772.0,0.0,Cash,C1260
ORD-011639,21/09/2025,6th of October ,LP05,1,35722.0,0.0,credit card,C0571
ORD-011647,21/09/2025,Miami,AU05,1,3289.0,0.0,cash,C1962
ORD-011646,21/09/2025,Heliopolis,TV04,1,40437.0,0.0,Visa/Mastercard,C1359
ORD-011648,21/09/2025,Nasr City,TV06,1,91255.0,0.0,Installments,
ORD-011649,21/09/2025,Heliopolis,AU01,2,6338.0,0.0,Cash,C0633
RET-000113,21/09/2025,Nasr City,TB03,-1,9772.0,0.0,Cash,C1260
ORD-011640,21/09/2025,Smouha,TB03,1,9383.0,0.0,Installments,C1968
ORD-011643,21/09/2025,Heliopolis,AX01,2,929.0,0.0,Cash,C1820
ORD-011642,21/09/2025,Maadi,AX08,4,1389.0,0.0,mobile wallet,
ORD-011658,22/09/2025,Dokki,SP03,1,58619.0,0.0,installments,C0422
ORD-011661,22/09/2025,Mansoura,AX02,4,351.0,0.0,Mobile Wallet,C0421
ORD-011657,22/09/2025,Nasr City,LP02,1,41142.0,0.0,Credit Card,C0183
ORD-011660,22/09/2025,6th of October,TB04,1,17861.0,0.0,cash,C1216
ORD-011655,22/09/2025,Nasr City,AX09,4,1889.0,0.0,Credit Card,C0505
ORD-011654,22/09/2025,Mansoura,AX10,2,437.0,0.0,Cash,C2227
ORD-011653,22/09/2025,Heliopolis,AU03,1,13257.0,0.0,Cash,C1096
ORD-011652,22/09/2025,Dokki,TB03,1,9285.0,0.0,Cash,C2227
ORD-011651,22/09/2025,Mansoura,AX08,2,1385.0,0.0,Cash,C0229
ORD-011656,22/09/2025,Mansoura,KA01,1,4196.0,0.0,installments,C0087
ORD-011650,22/09/2025,Dokki,AX07,3,738.0,0.0,cash,C0999
ORD-011659,22/09/2025,6th of October,TB04,1,17384.0,0.0,credit card,C2231
ORD-011670,23/09/2025,Miami,AU01,1,6608.0,0.0,CASH,
ORD-011675,23/09/2025,Nasr City,AU03,2,13133.0,0.0,Valu/Installments,C0926
ORD-011674,23/09/2025,Smouha,AX12,5,882.0,0.0,Valu/Installments,C1175
ORD-011673,23/09/2025,Dokki,KA08,1,5526.0,0.0,Visa/Mastercard,C1448
ORD-011672,23/09/2025,Nasr City,AX12,2,876.0,0.0,Mobile Wallet,C0604
ORD-011671,23/09/2025,Mansoura,SP05,1,19029.0,0.0,Visa/Mastercard,C1579
ORD-011667,23/09/2025,Dokki,AX01,2,944.0,0.0,Installments,C0099
ORD-011668,23/09/2025,Smouha,AX03,5,536.0,0.0,Mobile Wallet,C0929
ORD-011666,23/09/2025,Nasr City,AC06,1,41925.0,0.05,Valu/Installments,C0919
ORD-011665,23/09/2025,Dokki,KA04,1,24897.0,0.0,Valu/Installments,C0005
ORD-011664,23/09/2025,Miami,AX07,5,734.0,0.05,Cash,C0581
ORD-011663,23/09/2025,6th of October,SP02,1,51301.0,0.0,Valu/Installments,C1702
ORD-011662,23/09/2025,6th of October,AU01,2,6421.0,0.0,Visa/Mastercard,C2096
ORD-011669,23/09/2025,Maadi,AC06,1,41802.0,0.05,Valu/Installments,C1750
RET-000072,23/09/2025,Miami,AX07,-5,734.0,0.05,Cash,C0581
ORD-011683,24/09/2025,Maadi,AX04,4,247.0,0.0,Credit Card,C1155
ORD-011687,24/09/2025,Maadi,AU04,2,1474.0,0.0,credit card,C0485
ORD-011676,24/09/2025,Mansoura,AX06,4,1183.0,0.0,installments,C1576
ORD-011688,24/09/2025,Miami,SP02,1,51606.0,0.0,installments,C1477
ORD-011689,24/09/2025,6th of October,AU01,2,6502.0,0.0,VF Cash,C0348
ORD-011685,24/09/2025,Maadi,KA02,1,3660.0,0.0,VF Cash,C0313
ORD-011691,24/09/2025,Nasr City,AX05,3,2456.0,0.0,credit card,C2477
ORD-011692,24/09/2025,Miami,AU02,2,9080.0,0.0,CASH,
ORD-011693,24/09/2025,Mansoura,KA05,2,9752.0,0.0,Credit Card,C0619
ORD-011686,24/09/2025,6th of October,AX11,3,409.0,0.0,Visa/Mastercard,C1367
ORD-011684,24/09/2025,Heliopolis,KA01,2,4074.0,0.0,Installments,C1464
ORD-011681,24/09/2025,Mansoura,AX10,1,463.0,0.0,Installments,C0920
ORD-011680,24/09/2025,Miami,AX10,3,455.0,0.0,CASH,C0452
ORD-011679,24/09/2025,Maadi,KA01,2,4230.0,0.0,cash,C0695
ORD-011678,24/09/2025,Heliopolis,AX06,1,1143.0,0.0,CASH,C2015
ORD-011677,24/09/2025,6th of October,AX07,4,768.0,0.0,CASH,C0461
ORD-011690,24/09/2025,Miami,AX10,5,459.0,0.0,installments,C0178
ORD-011682,24/09/2025,Dokki,TB02,1,13132.0,0.0,Cash,C0417
ORD-011700,25/09/2025,Maadi,LP01,1,28148.0,0.05,Credit Card,C0743
ORD-011698,25/09/2025,Nasr City,AX02,3,358.0,0.0,VF Cash,
ORD-011694,25/09/2025,Heliopolis,LP02,1,41351.0,0.0,CASH,C0730
ORD-011695,25/09/2025,6th of October,AX05,4,2442.0,0.0,CASH,C1756
ORD-011696,25/09/2025,6th of October,AX07,5,737.0,0.0,cash,C2173
ORD-011697,25/09/2025,Nasr City,SP03,1,58879.0,0.0,Valu/Installments,C1372
ORD-011699,25/09/2025,Heliopolis,AX09,5,1840.0,0.0,Cash,C2457
ORD-011703,25/09/2025,Mansoura,AC04,1,57066.0,0.0,installments,C1236
ORD-011701,25/09/2025,Maadi,LP02,1,42225.0,0.0,Installments,C1742
ORD-011704,25/09/2025,Dokki,SP05,1,18980.0,0.0,credit card,C1176
ORD-011705,25/09/2025,Dokki,AX05,1,2477.0,0.0,credit card,C1427
ORD-011706,25/09/2025,6th of October,KA08,2,5430.0,0.0,Valu/Installments,C0426
ORD-011708,25/09/2025,6th of October,AX06,2,1168.0,0.05,Cash,C2045
ORD-011709,25/09/2025,Dokki,LP06,1,21342.0,0.0,Visa/Mastercard,C1512
ORD-011710,25/09/2025,Mansoura,SP03,1,56345.0,0.0,Credit Card,C1088
ORD-011707,25/09/2025,Heliopolis,LP01,1,28247.0,0.0,mobile wallet,C1111
ORD-011702,25/09/2025,Maadi,LP04,1,78653.0,0.0,VF Cash,C0616
ORD-011720,26/09/2025,Heliopolis,KA07,2,18369.0,0.0,mobile wallet,C1600
ORD-011711,26/09/2025,Nasr City,SP07,1,14284.0,0.05,cash,C0313
RET-000100,26/09/2025,Mansoura,AU05,-2,3177.0,0.0,Mobile Wallet,C1751
ORD-011713,26/09/2025,Smouha,SP01,1,16320.0,0.0,Mobile Wallet,C0609
ORD-011718,26/09/2025,Miami,TB01,1,23918.0,0.0,Mobile Wallet,C1312
ORD-011715,26/09/2025,Mansoura,SP05,1,,0.0,cash,
ORD-011712,26/09/2025,Dokki,TB03,1,9717.0,0.0,credit card,C0009
ORD-011717,26/09/2025,Smouha,AX11,1,396.0,0.0,installments,C0601
ORD-011719,26/09/2025,Dokki,AX11,4,397.0,0.0,CASH,C0606
ORD-011714,26/09/2025,6th of October,SP07,1,14219.0,0.0,Visa/Mastercard,
ORD-011721,26/09/2025,Heliopolis,TB04,1,17950.0,0.05,Cash,C1830
ORD-011724,26/09/2025,Nasr City,AX01,4,935.0,0.0,VF Cash,C1960
ORD-011723,26/09/2025,Nasr City,AX12,3,925.0,0.0,Visa/Mastercard,
ORD-011731,26/09/2025,Heliopolis,SP06,1,9598.0,0.0,Mobile Wallet,C0371
ORD-011730,26/09/2025,Mansoura,AC01,1,32678.0,0.0,Installments,C0593
ORD-011729,26/09/2025,Nasr City,AX12,5,925.0,0.0,Credit Card,C1141
ORD-011722,26/09/2025,6th of October,TV03,1,14819.0,0.0,Credit Card,
ORD-011727,26/09/2025,6TH OF OCTOBER,TV01,1,32824.0,0.0,CASH,C2367
ORD-011725,26/09/2025,Miami,TV05,1,23664.0,0.0,VF Cash,C0276
ORD-011716,26/09/2025,6th of October,AU04,2,1435.0,0.0,CASH,
ORD-011726,26/09/2025,Mansoura,AX10,3,443.0,0.0,credit card,C0464
ORD-011717,26/09/2025,Smouha,AX11,1,396.0,0.0,installments,C0601
ORD-011728,26/09/2025,Mansoura,AU05,2,3177.0,0.0,Mobile Wallet,C1751
ORD-011742,27/09/2025,Maadi,KA08,2,5551.0,0.0,credit card,C1696
ORD-011750,27/09/2025,Dokki,AX05,5,2396.0,0.0,CASH,C2251
ORD-011751,27/09/2025,Maadi,AX01,1,972.0,0.0,CASH,C2037
RET-000014,27/09/2025,Heliopolis,AX09,-4,1848.0,0.0,Credit Card,C1008
ORD-011755,27/09/2025,Miami,AX02,4,341.0,0.0,Cash,C2018
ORD-011752,27/09/2025,Mansoura,AX05,2,2488.0,0.0,Credit Card,C2207
ORD-011753,27/09/2025,Dokki,AC02,1,46871.0,0.0,Valu/Installments,
ORD-011740,27/09/2025,Dokki,SP04,1,11450.0,0.0,Cash,C1737
ORD-011732,27/09/2025,Smouha,AX05,2,2452.0,0.0,Visa/Mastercard,
ORD-011733,27/09/2025,Mansoura,AX11,5,406.0,0.0,mobile wallet,C1324
ORD-011734,27/09/2025,Nasr City,KA01,1,4214.0,0.0,mobile wallet,C0523
ORD-011735,27/09/2025,6th of October,LP05,1,34671.0,0.0,credit card,C0745
ORD-011737,27/09/2025,Smouha,AU05,2,3258.0,0.0,mobile wallet,C1445
ORD-011738,27/09/2025,6th of October,TV06,1,91463.0,0.0,Valu/Installments,C1308
ORD-011736,27/09/2025,Maadi,TV03,1,14702.0,0.0,Credit Card,C1578
ORD-011754,27/09/2025,Smouha,AX11,1,394.0,0.0,Installments,C2187
ORD-011749,27/09/2025,Miami,AX02,3,345.0,0.0,Visa/Mastercard,C1715
ORD-011748,27/09/2025,Miami,KA01,1,4281.0,0.0,Cash,C1570
ORD-011747,27/09/2025,Heliopolis,AX09,4,1848.0,0.0,Credit Card,C1008
ORD-011739,27/09/2025,Heliopolis,SP06,1,9513.0,0.0,Visa/Mastercard,C2025
ORD-011745,27/09/2025,mansoura,AC06,1,41745.0,0.0,CASH,
ORD-011746,27/09/2025,Miami,SP03,1,57282.0,0.0,Credit Card,C0567
ORD-011744,27/09/2025,Miami,KA03,1,6720.0,0.0,credit card,C1366
ORD-011743,27/09/2025,Heliopolis,TV06,1,89609.0,0.0,installments,C2465
ORD-011741,27/09/2025,Miami,AX01,0,938.0,0.0,Cash,C1972
ORD-011770,28/09/2025,6th of October,AX11,1,410.0,0.0,credit card,C0012
ORD-011776,28/09/2025,Miami,AU01,1,6534.0,0.0,cash,C0548
ORD-011773,28/09/2025,Nasr City,AX03,1,551.0,0.0,Credit Card,C1485
ORD-011774,28/09/2025,Smouha,KA03,2,6926.0,0.0,Visa/Mastercard,C2288
ORD-011775,28/09/2025,Mansoura ,KA01,1,4278.0,0.0,Visa/Mastercard,C1942
ORD-011771,28/09/2025,Nasr City,TB01,1,24049.0,0.0,Credit Card,C0833
ORD-011777,28/09/2025,Heliopolis,KA03,2,6729.0,0.0,CASH,C0452
ORD-011758,28/09/2025,Miami,SP05,1,20050.0,0.0,credit card,C0943
ORD-011779,28/09/2025,Mansoura,AX12,1,925.0,0.0,Visa/Mastercard,C1431
ORD-011780,28/09/2025,Nasr City,TB01,1,24969.0,0.0,Cash,C1479
ORD-011781,28/09/2025,Dokki,SP01,1,16443.0,0.0,Visa/Mastercard,C0571
ORD-011782,28/09/2025,Mansoura,AX12,4,925.0,0.0,Credit Card,C1208
ORD-011783,28/09/2025,Miami,AU05,2,3172.0,0.0,Visa/Mastercard,C1886
ORD-011772,28/09/2025,Maadi,AX08,1,1343.0,0.0,Mobile Wallet,C0071
ORD-011764,28/09/2025,Miami,KA02,2,3595.0,0.0,CASH,C2159
ORD-011778,28/09/2025,Dokki,AX05,3,2456.0,0.0,cash,C0245
ORD-011757,28/09/2025,Miami,AC05,1,38882.0,0.0,installments,C2197
ORD-011768,28/09/2025,Smouha,AX08,1,1346.0,0.0,credit card,C0964
ORD-011762,28/09/2025,Heliopolis,AX06,3,1178.0,0.0,cash,
ORD-011767,28/09/2025,Maadi,AX01,1,966.0,0.0,credit card,C0358
ORD-011766,28/09/2025,Maadi,AC03,1,26424.0,0.0,Installments,C0899
ORD-011765,28/09/2025,Dokki,AX01,3,954.0,0.0,credit card,C2367
ORD-011764,28/09/2025,Miami,KA02,2,3595.0,0.0,CASH,C2159
ORD-011756,28/09/2025,6th of October,KA04,2,24974.0,0.0,Credit Card,C2182
ORD-011760,28/09/2025,Heliopolis ,AU05,1,3147.0,0.0,Cash,C0343
ORD-011761,28/09/2025,Heliopolis,KA06,1,12744.0,0.0,credit card,C2380
ORD-011769,28/09/2025,Heliopolis,AC02,1,45767.0,0.0,installments,C1482
ORD-011759,28/09/2025,Mansoura,AX09,4,1894.0,0.0,Valu/Installments,C1576
ORD-011763,28/09/2025,Dokki,AX12,3,890.0,0.0,VF Cash,C1728
ORD-011787,29/09/2025,6th of October,SP03,1,59476.0,0.0,Valu/Installments,C0994
ORD-011795,29/09/2025,Smouha,SP01,1,16888.0,0.0,Installments,C0108
ORD-011794,29/09/2025,Heliopolis,KA03,1,6735.0,0.0,Credit Card,C1547
ORD-011793,29/09/2025,Mansoura,TV01,1,31525.0,0.0,Valu/Installments,C0587
ORD-011791,29/09/2025,Smouha,SP07,1,14894.0,0.0,Cash,C0565
ORD-011792,29/09/2025,Mansoura,AX02,4,350.0,0.05,credit card,C0481
ORD-011790,29/09/2025,Heliopolis,KA08,1,5339.0,0.0,cash,C0229
ORD-011785,29/09/2025,Miami,TB02,1,13524.0,0.0,Credit Card,C2259
ORD-011788,29/09/2025,Nasr City,TV06,1,90321.0,0.0,cash,C0864
ORD-011786,29/09/2025,Maadi,AX04,4,255.0,0.0,CASH,C1725
ORD-011784,29/09/2025,Smouha,LP06,1,22382.0,0.0,Visa/Mastercard,C0591
ORD-011789,29/09/2025,6th of October,AU05,2,3287.0,0.05,CASH,C0920
ORD-011796,30/09/2025,mansoura,AC06,1,42055.0,0.0,credit card,C1740
ORD-011814,30/09/2025,Miami,KA04,2,24357.0,0.0,Installments,C2332
ORD-011813,30/09/2025,Heliopolis,LP06,1,21777.0,0.0,mobile wallet,C0052
ORD-011812,30/09/2025,Nasr City,LP03,1,31612.0,0.0,Valu/Installments,C0316
ORD-011811,30/09/2025,Nasr City,AU05,1,3173.0,0.0,Cash,C1004
ORD-011810,30/09/2025,Smouha,AU02,1,9121.0,0.0,credit card,C0324
ORD-011809,30/09/2025,Mansoura,AX07,4,771.0,0.0,VF Cash,
ORD-011807,30/09/2025,Nasr City,AX08,1,1361.0,0.0,cash,C1497
ORD-011808,30/09/2025,Heliopolis,TB01,1,23888.0,0.0,Visa/Mastercard,C0579
ORD-011805,30/09/2025,Maadi,LP06,1,22638.0,0.0,Installments,C0124
ORD-011804,30/09/2025,DOKKI,AX02,3,342.0,0.0,Cash,C0648
ORD-011803,30/09/2025,Nasr City,AX02,3,356.0,0.0,Valu/Installments,C2433
ORD-011802,30/09/2025,Nasr City,AX05,4,2408.0,0.0,Visa/Mastercard,C1954
ORD-011801,30/09/2025,Heliopolis,LP02,1,41508.0,0.0,Visa/Mastercard,C0303
ORD-011800,30/09/2025,Nasr City,AX09,2,1889.0,0.0,Mobile Wallet,C2383
ORD-011799,30/09/2025,Nasr City,SP07,1,14734.0,0.0,credit card,C0435
ORD-011798,30/09/2025,Maadi,AX05,5,2523.0,0.05,CASH,C0222
ORD-011806,30/09/2025,Mansoura,TB02,1,13377.0,0.0,Cash,C0602
ORD-011797,30/09/2025,Dokki,KA03,1,6825.0,0.0,credit card,C1523
ORD-011834,01/10/2025,6th of October,AX07,1,757.0,0.0,Credit Card,C2062
ORD-011835,01/10/2025,6TH OF OCTOBER,KA03,2,6689.0,0.0,Credit Card,C0657
ORD-011831,01/10/2025,Dokki,AX08,3,1373.0,0.0,cash,C0132
ORD-011816,01/10/2025,Smouha,TV02,1,26144.0,0.0,installments,C0614
ORD-011838,01/10/2025,6th of October,TV05,1,24572.0,0.0,Installments,C1624
ORD-011825,01/10/2025,Maadi,AX05,1,2389.0,0.0,cash,C1819
ORD-011815,01/10/2025,Nasr City,AX11,3,406.0,0.0,CASH,C1706
ORD-011817,01/10/2025,6th of October,LP02,1,43183.0,0.0,Installments,C0748
ORD-011818,01/10/2025,Nasr City,AU01,1,,0.0,Cash,C1925
ORD-011819,01/10/2025,Mansoura,TB02,1,13726.0,0.0,CASH,C0574
ORD-011820,01/10/2025,Nasr City,TV05,1,23699.0,0.0,CASH,C2161
ORD-011821,01/10/2025,Smouha,AX02,3,350.0,0.0,CASH,C1227
ORD-011822,01/10/2025,Dokki,AX01,1,961.0,0.0,cash,C1926
ORD-011823,01/10/2025,6th of October,AX01,5,953.0,0.0,Visa/Mastercard,C1686
ORD-011826,01/10/2025,Mansoura,AX07,2,740.0,0.0,cash,C0055
ORD-011824,01/10/2025,Nasr City,AX04,5,253.0,0.0,cash,C1382
ORD-011827,01/10/2025,Heliopolis,AU02,2,8649.0,0.0,cash,C1175
ORD-011828,01/10/2025,6th of October,AU05,1,3177.0,0.0,Mobile Wallet,C0456
ORD-011830,01/10/2025,Nasr City,AX10,2,444.0,0.05,CASH,C0246
ORD-011832,01/10/2025,Dokki,AC01,1,34285.0,0.0,installments,C2475
ORD-011833,01/10/2025,Smouha,KA01,2,4238.0,0.0,mobile wallet,C0711
ORD-011834,01/10/2025,6th of October,AX07,1,757.0,0.0,Credit Card,C2062
ORD-011835,01/10/2025,6TH OF OCTOBER,KA03,2,6689.0,0.0,Credit Card,C0657
ORD-011839,01/10/2025,6th of October,TV04,1,41212.0,0.05,cash,C1736
ORD-011836,01/10/2025,Smouha,SP01,1,16371.0,0.0,Cash,C0045
ORD-011829,01/10/2025,6th of October,KA06,2,12537.0,0.0,Installments,C0639
ORD-011837,01/10/2025,Maadi,AU01,1,6463.0,0.0,CASH,
ORD-011841,02/10/2025,Heliopolis,AX08,4,1368.0,0.0,CASH,C2270
ORD-011842,02/10/2025,Heliopolis,SP07,1,14581.0,0.0,cash,C1057
ORD-011840,02/10/2025,Smouha,AC05,1,39506.0,0.0,installments,C1861
ORD-011847,02/10/2025,Mansoura ,TB04,1,17558.0,0.0,CASH,C1736
ORD-011844,02/10/2025,Smouha,AC03,1,25751.0,0.0,Valu/Installments,C2056
ORD-011846,02/10/2025,Dokki,AX02,5,355.0,0.0,credit card,C0932
ORD-011848,02/10/2025,Miami,AX01,4,924.0,0.0,cash,C0643
ORD-011845,02/10/2025,Dokki,TV05,1,23813.0,0.0,Valu/Installments,C1254
ORD-011843,02/10/2025,Smouha,AC02,1,46442.0,0.0,Valu/Installments,C2344
ORD-011864,03/10/2025,6th of October,AX03,1,566.0,0.0,Mobile Wallet,C1956
ORD-011861,03/10/2025,Miami,AX10,1,463.0,0.0,credit card,C2479
ORD-011871,03/10/2025,Maadi,TV06,1,86476.0,0.0,credit card,C1522
ORD-011872,03/10/2025,6th of October,KA03,1,6666.0,0.05,Cash,C1738
ORD-011870,03/10/2025,Miami,TB01,1,24822.0,0.0,credit card,C0224
ORD-011869,03/10/2025,Nasr City,KA08,2,5494.0,0.0,cash,C0676
ORD-011868,03/10/2025,Dokki,AX03,2,562.0,0.0,Visa/Mastercard,C1559
ORD-011867,03/10/2025,Miami,AX02,1,355.0,0.0,Mobile Wallet,C1660
ORD-011865,03/10/2025,Nasr City,AU05,2,3162.0,0.0,credit card,
ORD-011863,03/10/2025,6th of october,SP05,1,19808.0,0.05,Cash,C1919
ORD-011862,03/10/2025,Mansoura,SP03,1,57911.0,0.0,credit card,C0317
ORD-011855,03/10/2025,Mansoura,AX10,2,456.0,0.0,Valu/Installments,C1641
ORD-011856,03/10/2025,Dokki,AX05,4,2522.0,0.0,installments,C0230
ORD-011854,03/10/2025,Mansoura,AU01,2,6500.0,0.05,Visa/Mastercard,C0868
ORD-011860,03/10/2025,6th of October,KA05,1,10019.0,0.0,Cash,C2291
ORD-011857,03/10/2025,Mansoura,TV01,1,31584.0,0.0,Installments,C0897
ORD-011849,03/10/2025,Smouha,LP04,1,77970.0,0.0,cash,C1114
ORD-011853,03/10/2025,6th of October,AX04,2,253.0,0.05,mobile wallet,C0513
ORD-011851,03/10/2025,Smouha,AX06,1,1139.0,0.0,credit card,C2137
ORD-011850,03/10/2025,Maadi,AX04,4,255.0,0.0,Cash,C0377
ORD-011859,03/10/2025,Dokki,AX10,4,451.0,0.0,Cash,C0753
ORD-011858,03/10/2025,SMOUHA,SP04,1,11357.0,0.0,installments,C1607
ORD-011866,03/10/2025,Smouha,AX06,1,1179.0,0.0,Visa/Mastercard,C1283
ORD-011852,03/10/2025,Mansoura,AX11,1,397.0,0.0,credit card,C1547
ORD-011890,04/10/2025,Nasr City,LP04,1,78515.0,0.0,cash,C0045
ORD-011883,04/10/2025,Mansoura,LP05,1,34936.0,0.0,Valu/Installments,C1156
ORD-011891,04/10/2025,Dokki,KA01,1,4095.0,0.0,Visa/Mastercard,C1267
ORD-011889,04/10/2025,smouha,SP06,1,9536.0,0.0,Credit Card,C2446
ORD-011888,04/10/2025,6th of October,SP08,1,44911.0,0.0,Installments,C0868
ORD-011887,04/10/2025,Mansoura,TV06,1,87686.0,0.0,installments,C0268
ORD-011885,04/10/2025,6th of October,TB04,1,17236.0,0.0,Mobile Wallet,C2219
ORD-011886,04/10/2025,Maadi,SP06,1,9883.0,0.0,cash,C0437
ORD-011882,04/10/2025,Maadi,AU05,2,3113.0,0.0,Cash,C0982
ORD-011877,04/10/2025,Dokki,AX11,1,400.0,0.0,installments,C0319
ORD-011880,04/10/2025,Nasr City,AX11,5,410.0,0.0,Visa/Mastercard,C1375
ORD-011878,04/10/2025,Heliopolis,SP02,1,51496.0,0.0,VF Cash,C1486
ORD-011876,04/10/2025,Nasr City,SP01,1,16018.0,0.0,Visa/Mastercard,C0428
ORD-011875,04/10/2025,Mansoura,AU01,2,6677.0,0.0,Visa/Mastercard,C0445
ORD-011874,04/10/2025,Miami,AX02,2,356.0,0.0,CASH,C1106
ORD-011873,04/10/2025,Dokki ,AU04,2,1438.0,0.0,credit card,C0798
ORD-011881,04/10/2025,6th of October,AX03,2,543.0,0.05,CASH,C0115
ORD-011884,04/10/2025,Miami,AX11,1,391.0,0.0,Visa/Mastercard,C0667
ORD-011879,04/10/2025,Dokki,AX02,4,350.0,0.0,Visa/Mastercard,C2471
ORD-011896,05/10/2025,Heliopolis,AX07,4,756.0,0.0,cash,C0985
ORD-011897,05/10/2025,6th of October,SP03,1,58338.0,0.0,credit card,C1103
ORD-011908,05/10/2025,Smouha,AX10,3,441.0,0.0,Credit Card,C0382
ORD-011907,05/10/2025,Miami,LP03,1,31317.0,0.0,Visa/Mastercard,C1289
ORD-011906,05/10/2025,6th of October,KA01,2,4308.0,0.0,Mobile Wallet,C0197
ORD-011905,05/10/2025,Smouha,SP08,1,44262.0,0.0,VF Cash,C0188
ORD-011904,05/10/2025,Smouha,TB03,1,9756.0,0.0,CASH,C1982
ORD-011903,05/10/2025,Maadi,AU02,2,8638.0,0.0,CASH,C2310
ORD-011902,05/10/2025,Maadi,AX08,5,1356.0,0.0,CASH,C0184
ORD-011898,05/10/2025,Miami,AX02,3,349.0,0.0,Credit Card,C0349
ORD-011900,05/10/2025,6th of October,AX07,5,731.0,0.0,Credit Card,
ORD-011901,05/10/2025,Nasr City,AX04,4,252.0,0.05,Cash,C2314
ORD-011895,05/10/2025,Dokki,AX03,4,551.0,0.0,VF Cash,C0133
ORD-011894,05/10/2025,6th of October,SP08,1,45130.0,0.0,Installments,C0827
ORD-011893,05/10/2025,Heliopolis,SP07,1,14078.0,0.0,Credit Card,C2260
ORD-011892,05/10/2025,6th of October,AX08,2,1334.0,0.0,credit card,C0769
ORD-011899,05/10/2025,Heliopolis,AX06,3,1163.0,0.0,installments,C2336
ORD-011910,06/10/2025,Mansoura,SP02,1,51253.0,0.0,installments,C0035
ORD-011920,06/10/2025,Miami,SP06,1,9529.0,0.0,cash,C0531
ORD-011919,06/10/2025,Heliopolis,AU04,1,1466.0,0.0,mobile wallet,C1458
ORD-011912,06/10/2025,Miami,TB03,1,9735.0,0.0,Cash,C1157
RET-000018,06/10/2025,Nasr City,LP01,-1,28110.0,0.0,mobile wallet,C2049
ORD-011918,06/10/2025,6th of October,KA06,2,12758.0,0.0,Mobile Wallet,
ORD-011919,06/10/2025,Heliopolis,AU04,1,1466.0,0.0,mobile wallet,C1458
ORD-011913,06/10/2025,Smouha,TB03,1,9760.0,0.0,mobile wallet,C1631
ORD-011909,06/10/2025,Maadi,AU04,2,1468.0,0.0,VF Cash,C1265
ORD-011914,06/10/2025,Nasr City,LP01,1,28110.0,0.0,mobile wallet,C2049
ORD-011915,06/10/2025,Nasr City,AC02,1,45830.0,0.0,credit card,C0799
ORD-011916,06/10/2025,Nasr City,KA05,2,9972.0,0.0,Visa/Mastercard,C1289
ORD-011917,06/10/2025,Dokki,AX10,5,443.0,0.0,Credit Card,C1601
ORD-011911,06/10/2025,Smouha,TV06,1,86854.0,0.0,Credit Card,C1461
ORD-011923,07/10/2025,Dokki,AC02,1,47483.0,0.0,Cash,C1669
ORD-011922,07/10/2025,Dokki,LP03,1,31806.0,0.0,Visa/Mastercard,C1358
ORD-011945,07/10/2025,smouha,AX01,3,951.0,0.0,credit card,C2055
ORD-011936,07/10/2025,Nasr City,AC02,1,46300.0,0.0,Installments,C0661
ORD-011925,07/10/2025,Nasr City,LP06,1,22072.0,0.05,installments,C0414
ORD-011926,07/10/2025,Mansoura,KA01,2,4096.0,0.0,credit card,C2057
ORD-011927,07/10/2025,Maadi,SP04,1,11543.0,0.0,CASH,C0616
ORD-011937,07/10/2025,miami,AU04,2,1478.0,0.0,Valu/Installments,C0621
RET-000005,07/10/2025,Dokki,SP07,-1,14284.0,0.0,Visa/Mastercard,C1954
ORD-011940,07/10/2025,Dokki,AX03,5,566.0,0.0,mobile wallet,C0383
ORD-011921,07/10/2025,Maadi,TV01,1,32698.0,0.0,Credit Card,C0399
ORD-011938,07/10/2025,Dokki,AX11,5,407.0,0.0,CASH,C1897
ORD-011939,07/10/2025,Maadi,TB01,1,24496.0,0.0,cash,C0323
ORD-011941,07/10/2025,6th of October,AX09,2,1879.0,0.0,Credit Card,C0949
ORD-011942,07/10/2025,Mansoura,TV01,1,32821.0,0.05,Installments,C0884
ORD-011943,07/10/2025,Maadi,TV01,1,32187.0,0.0,Cash,C0577
ORD-011944,07/10/2025,Maadi,SP01,1,16168.0,0.0,CASH,C0660
ORD-011928,07/10/2025,Smouha,SP06,1,9764.0,0.05,Valu/Installments,C0098
ORD-011922,07/10/2025,Dokki,LP03,1,31806.0,0.0,Visa/Mastercard,C1358
ORD-011935,07/10/2025,Dokki,TV06,1,91285.0,0.0,Installments,C1189
ORD-011929,07/10/2025,Nasr City,TB04,1,17555.0,0.0,installments,C2406
ORD-011931,07/10/2025,Dokki,SP07,1,14284.0,0.0,Visa/Mastercard,C1954
ORD-011930,07/10/2025,Mansoura,AC03,1,25769.0,0.0,Valu/Installments,C1566
ORD-011934,07/10/2025,Mansoura ,AX06,1,1162.0,0.0,Credit Card,
ORD-011924,07/10/2025,Miami,AX08,4,1361.0,0.0,Credit Card,C2063
ORD-011932,07/10/2025,6th of October,AX10,4,454.0,0.0,CASH,C2402
ORD-011933,07/10/2025,Smouha,AX07,4,765.0,0.0,Visa/Mastercard,C0154
ORD-011954,08/10/2025,Miami,LP02,1,41443.0,0.0,Mobile Wallet,C1192
ORD-011959,08/10/2025,Miami,AX04,3,256.0,0.0,CASH,
ORD-011958,08/10/2025,Nasr City,AU02,1,8831.0,0.05,Cash,C1588
ORD-011957,08/10/2025,Heliopolis,AC06,1,42715.0,0.05,Cash,C0164
ORD-011956,08/10/2025,Mansoura,AU05,2,3174.0,0.0,CASH,C1765
ORD-011955,08/10/2025,Mansoura,KA08,1,5476.0,0.0,mobile wallet,C1476
ORD-011954,08/10/2025,Miami,LP02,1,41443.0,0.0,Mobile Wallet,C1192
ORD-011953,08/10/2025,Maadi,AX03,3,535.0,0.0,CASH,C1389
ORD-011950,08/10/2025,Miami,KA01,2,4149.0,0.0,Credit Card,C1399
ORD-011949,08/10/2025,Heliopolis,SP04,1,11727.0,0.0,Valu/Installments,C2144
ORD-011947,08/10/2025,MAADI,AU04,2,1425.0,0.05,Credit Card,
ORD-011946,08/10/2025,Miami,AX10,1,443.0,0.0,Mobile Wallet,C2115
ORD-011948,08/10/2025,Nasr City,SP08,1,45562.0,0.0,cash,C2494
ORD-011952,08/10/2025,Dokki,AU04,1,1492.0,0.0,Cash,C0538
ORD-011951,08/10/2025,Dokki,KA03,2,6880.0,0.0,Visa/Mastercard,C1833
ORD-011978,09/10/2025,Heliopolis,KA04,1,24444.0,0.0,Visa/Mastercard,C1285
ORD-011960,09/10/2025,Dokki,TV02,1,26458.0,0.0,installments,C0980
ORD-011977,09/10/2025,Maadi,SP04,1,11580.0,0.0,cash,C1863
ORD-011962,09/10/2025,6th of October,SP04,1,11630.0,0.0,Cash,C2486
ORD-011968,09/10/2025,Heliopolis,AX09,3,1817.0,0.0,Cash,
ORD-011963,09/10/2025,Dokki,AX08,3,1356.0,0.0,cash,C0308
ORD-011964,09/10/2025,Maadi,AU05,2,3205.0,0.0,Valu/Installments,C0625
ORD-011965,09/10/2025,Nasr City,KA04,1,24145.0,0.0,VF Cash,C2323
ORD-011966,09/10/2025,Nasr City,AX04,2,249.0,0.0,mobile wallet,C2038
ORD-011976,09/10/2025,Heliopolis,TB01,1,24793.0,0.0,Installments,C0386
ORD-011967,09/10/2025,Nasr City,AX04,4,255.0,0.0,credit card,C0399
ORD-011969,09/10/2025,Dokki,AX10,5,445.0,0.0,cash,C0062
ORD-011970,09/10/2025,Heliopolis,AX11,3,409.0,0.0,cash,
ORD-011971,09/10/2025,Maadi,AX10,4,462.0,0.0,Cash,C0585
ORD-011972,09/10/2025,smouha,SP03,1,57611.0,0.05,credit card,C1268
ORD-011973,09/10/2025,Mansoura,LP03,1,30675.0,0.0,Installments,C2242
ORD-011974,09/10/2025,6th of October,AX11,2,393.0,0.0,Visa/Mastercard,C0358
ORD-011961,09/10/2025,Dokki,AX08,3,1343.0,0.0,Visa/Mastercard,C0856
ORD-011975,09/10/2025,6th of October,AX03,3,547.0,0.0,Installments,C2044
ORD-011999,10/10/2025,Nasr City,AX11,5,389.0,0.0,credit card,C2330
ORD-011983,10/10/2025,Dokki,AX06,2,1152.0,0.0,Mobile Wallet,
RET-000088,10/10/2025,Heliopolis,AX02,-5,360.0,0.0,installments,C0280
ORD-011998,10/10/2025,Mansoura,AX06,2,1147.0,0.0,credit card,C0508
ORD-011979,10/10/2025,Heliopolis,LP04,1,79368.0,0.0,Installments,C0696
ORD-011980,10/10/2025,Nasr City,AC05,1,39221.0,0.0,installments,C1211
ORD-011981,10/10/2025,Heliopolis,AX11,5,412.0,0.0,credit card,C0662
ORD-011982,10/10/2025,Heliopolis,AX02,5,360.0,0.0,installments,C0280
ORD-011987,10/10/2025,Heliopolis,AX10,4,454.0,0.0,Credit Card,C1448
ORD-011985,10/10/2025,Dokki,AC04,1,58652.0,0.0,Cash,C2362
ORD-011986,10/10/2025,Miami,AX12,1,919.0,0.0,installments,C1489
ORD-012000,10/10/2025,6th of October,AX06,5,1157.0,0.0,Credit Card,
ORD-011984,10/10/2025,Mansoura,KA05,2,9866.0,0.0,Mobile Wallet,C1148
ORD-011997,10/10/2025,Maadi,KA01,1,4180.0,0.0,CASH,C0576
ORD-011995,10/10/2025,Heliopolis,KA07,1,18768.0,0.0,Cash,C1811
ORD-012001,10/10/2025,MIAMI,KA08,2,5301.0,0.0,cash,C2000
ORD-011993,10/10/2025,6th of October,LP04,1,75975.0,0.0,Visa/Mastercard,C1939
ORD-011991,10/10/2025,Nasr City,KA06,1,12144.0,0.0,Credit Card,C1888
ORD-011996,10/10/2025,Dokki,SP02,1,51417.0,0.0,installments,
ORD-011994,10/10/2025,Maadi,SP05,1,19739.0,0.0,Credit Card,C1049
ORD-011989,10/10/2025,Maadi,AX05,5,2434.0,0.0,Visa/Mastercard,C0292
ORD-011988,10/10/2025,Mansoura,AX09,2,1892.0,0.0,cash,C0366
ORD-011992,10/10/2025,Heliopolis,AX07,4,769.0,0.0,Cash,C1057
ORD-011990,10/10/2025,Heliopolis,AX11,3,390.0,0.0,Visa/Mastercard,C0734
ORD-012015,11/10/2025,Nasr City,TV06,1,88799.0,0.0,cash,C1693
ORD-012012,11/10/2025,6th of October,AX07,2,769.0,0.0,Visa/Mastercard,C1285
ORD-012011,11/10/2025,Smouha,AX12,2,890.0,0.0,mobile wallet,C2100
ORD-012020,11/10/2025,Nasr City,SP04,1,11548.0,0.0,cash,C0234
ORD-012019,11/10/2025,Heliopolis,AX06,3,1138.0,0.0,Cash,C0175
ORD-012018,11/10/2025,Heliopolis,KA06,1,12156.0,0.0,Installments,C1077
ORD-012017,11/10/2025,Heliopolis,AX02,5,349.0,0.0,Mobile Wallet,C1844
ORD-012016,11/10/2025,Heliopolis,SP05,1,19176.0,0.0,Visa/Mastercard,C2073
ORD-012014,11/10/2025,Nasr City,AX06,1,1170.0,0.0,Visa/Mastercard,C0342
ORD-012002,11/10/2025,Nasr City,SP06,1,9511.0,0.0,CASH,C0163
ORD-012004,11/10/2025,Mansoura,TB03,1,9643.0,0.0,CASH,C1175
ORD-012005,11/10/2025,Smouha,TV03,1,14877.0,0.0,cash,C1643
ORD-012006,11/10/2025,6th of October,AX09,3,1876.0,0.0,credit card,C1676
ORD-012007,11/10/2025,Heliopolis,AC06,1,40886.0,0.0,Installments,C0529
ORD-012008,11/10/2025,6th of October,AU04,1,1417.0,0.0,VF Cash,C1806
ORD-012013,11/10/2025,Maadi,AX11,5,403.0,0.0,VF Cash,C1531
ORD-012010,11/10/2025,6th of October,SP07,1,14377.0,0.0,CASH,
ORD-012009,11/10/2025,6TH OF OCTOBER,TB01,1,24881.0,0.0,Valu/Installments,C1503
ORD-012003,11/10/2025,Miami,KA06,1,12788.0,0.0,credit card,C1489
ORD-012023,12/10/2025,Maadi,SP08,1,45943.0,0.0,installments,C0033
ORD-012021,12/10/2025,Dokki,KA06,2,12187.0,0.0,Installments,C1003
ORD-012022,12/10/2025,Smouha,AX06,4,1164.0,0.0,Cash,C2298
ORD-012041,12/10/2025,Maadi,LP03,1,30984.0,0.0,Credit Card,C0447
ORD-012025,12/10/2025,Mansoura,AX04,3,255.0,0.0,Valu/Installments,C0432
ORD-012038,12/10/2025,Maadi,LP02,1,41786.0,0.0,credit card,C1919
ORD-012039,12/10/2025,Smouha,AX04,2,254.0,0.0,Valu/Installments,C2192
ORD-012024,12/10/2025,Miami,AX09,2,1856.0,0.0,cash,C0634
ORD-012036,12/10/2025,Miami,AX10,5,459.0,0.0,credit card,C1430
ORD-012035,12/10/2025,Smouha,AX11,4,411.0,0.0,Visa/Mastercard,C0383
ORD-012032,12/10/2025,Nasr City,SP01,1,16527.0,0.05,credit card,C0914
ORD-012037,12/10/2025,6th of October,LP05,1,35327.0,0.0,Mobile Wallet,C1909
ORD-012031,12/10/2025,MANSOURA,AU03,1,13192.0,0.0,Cash,C0299
ORD-012030,12/10/2025,Maadi,TB03,1,9650.0,0.0,Visa/Mastercard,C1636
ORD-012033,12/10/2025,Mansoura,AX01,5,926.0,0.0,CASH,C1591
ORD-012028,12/10/2025,Nasr City,TV04,1,41973.0,0.0,installments,C0649
ORD-012027,12/10/2025,Maadi,LP02,1,41584.0,0.0,Installments,C1540
ORD-012040,12/10/2025,Maadi,LP03,1,31069.0,0.0,Credit Card,C1905
ORD-012026,12/10/2025,Heliopolis,LP02,1,42911.0,0.0,Visa/Mastercard,C1191
ORD-012043,12/10/2025,Nasr City,TV04,1,40234.0,0.05,cash,C0739
ORD-012034,12/10/2025,Miami,AX10,2,447.0,0.0,VF Cash,C1894
ORD-012042,12/10/2025,Heliopolis,KA04,1,24675.0,0.0,VF Cash,C0352
ORD-012029,12/10/2025,Nasr City,SP08,1,44168.0,0.0,VF Cash,C2336
ORD-012046,13/10/2025,Smouha,TV03,1,14846.0,0.0,Mobile Wallet,C1775
ORD-012044,13/10/2025,Maadi,TB01,1,25081.0,0.0,CASH,C0444
ORD-012045,13/10/2025,Dokki,LP06,1,21864.0,0.0,Installments,C1626
ORD-012047,13/10/2025,Dokki,TV02,1,26095.0,0.0,Credit Card,C0818
ORD-012048,13/10/2025,6th of October,AX02,2,346.0,0.0,mobile wallet,C1645
ORD-012049,13/10/2025,6th of October,AX07,5,,0.0,Visa/Mastercard,C1347
ORD-012056,13/10/2025,Dokki,AX04,4,257.0,0.0,Mobile Wallet,C1951
ORD-012055,13/10/2025,6th of October,LP06,1,21468.0,0.0,installments,C0871
ORD-012057,13/10/2025,Mansoura,AU03,1,13510.0,0.0,VF Cash,C0469
ORD-012053,13/10/2025,Miami,TV02,1,27062.0,0.05,Cash,C2476
ORD-012052,13/10/2025,Maadi,TB02,1,13454.0,0.0,Installments,C1403
ORD-012051,13/10/2025,Miami,TV04,1,42098.0,0.0,Credit Card,C1300
ORD-012054,13/10/2025,Smouha,AX04,3,256.0,0.0,CASH,C1992
ORD-012044,13/10/2025,Maadi,TB01,1,25081.0,0.0,CASH,C0444
ORD-012058,13/10/2025,Heliopolis,TV06,1,89760.0,0.0,installments,C1141
ORD-012050,13/10/2025,Nasr City,AX11,5,390.0,0.0,Visa/Mastercard,C0265
ORD-012061,14/10/2025,Maadi,TB03,1,9467.0,0.0,cash,C2233
ORD-012068,14/10/2025,Mansoura,SP08,1,44706.0,0.0,VF Cash,C0129
ORD-012074,14/10/2025,Heliopolis,KA06,2,12367.0,0.0,Installments,
ORD-012073,14/10/2025,Maadi,AX06,3,,0.05,Installments,C1762
ORD-012072,14/10/2025,Heliopolis,TV02,1,26580.0,0.0,Valu/Installments,C1481
ORD-012071,14/10/2025,Mansoura,KA07,1,18084.0,0.0,installments,C0256
ORD-012070,14/10/2025,6th of October,AX06,1,1171.0,0.0,credit card,C1558
ORD-012067,14/10/2025,6th of October,AX05,1,2508.0,0.0,installments,C2328
ORD-012069,14/10/2025,MANSOURA,AX01,3,949.0,0.0,Credit Card,C2463
ORD-012065,14/10/2025,Heliopolis,TB01,1,24077.0,0.0,Cash,C0875
RET-000059,14/10/2025,Nasr City,SP08,-1,44326.0,0.0,cash,C0638
ORD-012064,14/10/2025,6th of October,KA05,1,10035.0,0.05,cash,C0597
ORD-012066,14/10/2025,6th of October,AX02,4,340.0,0.0,Mobile Wallet,C1312
ORD-012059,14/10/2025,Nasr City,AU05,2,3285.0,0.0,VF Cash,C1862
ORD-012063,14/10/2025,Maadi,AX06,4,1127.0,0.0,CASH,C1925
ORD-012062,14/10/2025,Nasr City,SP08,1,44326.0,0.0,cash,C0638
ORD-012060,14/10/2025,6th of October,SP03,1,57471.0,0.0,installments,C0157
ORD-012085,15/10/2025,Mansoura,AC03,1,26082.0,0.0,CASH,C0343
ORD-012076,15/10/2025,Dokki,AU01,1,6655.0,0.0,Mobile Wallet,C0875
ORD-012075,15/10/2025,Dokki,AX08,5,1335.0,0.0,Credit Card,C1940
ORD-012089,15/10/2025,Miami,TV06,1,90818.0,0.0,installments,C1122
ORD-012088,15/10/2025,Nasr City,KA04,1,24352.0,0.0,Credit Card,C0284
ORD-012079,15/10/2025,Heliopolis ,AU02,1,8856.0,0.0,credit card,C0094
ORD-012082,15/10/2025,Maadi,KA08,2,5427.0,0.0,Installments,
ORD-012080,15/10/2025,Nasr City,KA01,2,4200.0,0.0,Installments,C1733
ORD-012077,15/10/2025,Maadi,AC04,1,57717.0,0.0,Installments,C0222
ORD-012078,15/10/2025,Maadi,AX11,4,406.0,0.0,cash,C0867
ORD-012083,15/10/2025,Smouha,AC06,1,41388.0,0.05,installments,C1033
ORD-012084,15/10/2025,6th of October,SP08,1,45464.0,0.0,Mobile Wallet,C0722
ORD-012086,15/10/2025,Nasr City,SP06,1,9742.0,0.0,installments,C0581
ORD-012087,15/10/2025,Smouha,AC01,1,34269.0,0.0,Visa/Mastercard,
ORD-012081,15/10/2025,Mansoura,AX08,3,1362.0,0.0,cash,C1106
ORD-012094,16/10/2025,Mansoura,KA02,2,3701.0,0.0,VF Cash,C1850
ORD-012104,16/10/2025,Nasr City,SP05,1,19961.0,0.0,Credit Card,C1756
ORD-012105,16/10/2025,Dokki,KA07,2,18286.0,0.0,Cash,C1401
ORD-012103,16/10/2025,Mansoura,AC01,1,33014.0,0.0,mobile wallet,
ORD-012102,16/10/2025,Mansoura,KA04,1,24592.0,0.0,Visa/Mastercard,C0379
ORD-012109,16/10/2025,Nasr City,AX01,5,927.0,0.0,Mobile Wallet,C1431
ORD-012108,16/10/2025,Mansoura,AX01,1,941.0,0.0,Cash,C0814
ORD-012106,16/10/2025,6th of October,AX09,5,1878.0,0.0,Visa/Mastercard,C1217
ORD-012107,16/10/2025,6th of October,LP04,1,,0.0,Credit Card,C0674
ORD-012101,16/10/2025,Dokki,AX12,1,876.0,0.0,Mobile Wallet,C0221
ORD-012098,16/10/2025,Maadi,AU04,2,1430.0,0.0,Installments,
ORD-012097,16/10/2025,Mansoura,SP08,1,46333.0,0.0,Installments,C0877
ORD-012095,16/10/2025,Mansoura,LP03,1,31165.0,0.0,Installments,C1720
ORD-012093,16/10/2025,nasr city,AX09,4,1854.0,0.0,Installments,C1222
ORD-012092,16/10/2025,Nasr City,TV04,1,40181.0,0.0,Valu/Installments,C0335
ORD-012091,16/10/2025,Dokki,LP03,1,30951.0,0.0,Installments,C1660
ORD-012090,16/10/2025,Nasr City,KA03,2,7002.0,0.0,credit card,
ORD-012099,16/10/2025,Mansoura,AX05,4,2398.0,0.0,Installments,C1063
ORD-012100,16/10/2025,Maadi,TV03,1,14530.0,0.0,Cash,C0754
ORD-012096,16/10/2025,Smouha,AX11,3,391.0,0.0,Mobile Wallet,C2150
ORD-012111,17/10/2025,Miami,KA03,2,6949.0,0.0,Mobile Wallet,
ORD-012124,17/10/2025,Maadi,AC04,1,58222.0,0.0,credit card,C0814
ORD-012122,17/10/2025,Dokki,AC04,1,57737.0,0.0,VF Cash,C2298
ORD-012121,17/10/2025,Dokki,AU04,1,1431.0,0.0,Cash,C0041
ORD-012120,17/10/2025,Nasr City,AX04,1,251.0,0.0,CASH,
ORD-012118,17/10/2025,Smouha,LP02,1,42872.0,0.0,Installments,C2337
ORD-012110,17/10/2025,Miami,SP06,1,9870.0,0.0,Cash,C1717
ORD-012116,17/10/2025,Maadi,AU01,1,6582.0,0.0,cash,C1790
ORD-012115,17/10/2025,6th of October,AU04,1,1454.0,0.0,cash,C0659
ORD-012114,17/10/2025,6th of October,AX03,5,556.0,0.0,CASH,C2194
ORD-012113,17/10/2025,Nasr City,AU02,2,8743.0,0.0,cash,C1948
ORD-012119,17/10/2025,Smouha,AX04,4,255.0,0.0,Mobile Wallet,C1594
ORD-012112,17/10/2025,Maadi,LP04,1,80206.0,0.0,installments,C1973
ORD-012117,17/10/2025,Dokki,AX12,2,874.0,0.0,installments,C1453
ORD-012123,17/10/2025,Mansoura,TB03,1,9275.0,0.0,mobile wallet,C2446
ORD-012126,17/10/2025,NASR CITY,TB01,1,24551.0,0.0,Valu/Installments,C2370
ORD-012127,17/10/2025,Heliopolis,AX09,3,1819.0,0.0,CASH,C0593
ORD-012128,17/10/2025,Mansoura,AX09,1,1814.0,0.0,Cash,C1327
ORD-012129,17/10/2025,Dokki,AX09,1,1810.0,0.0,cash,C1297
ORD-012125,17/10/2025,6th of October,SP04,1,11532.0,0.0,Credit Card,C0319
ORD-012131,18/10/2025,6th of October,AX04,3,256.0,0.0,installments,C0617
ORD-012132,18/10/2025,Nasr City,AX04,4,255.0,0.0,CASH,C1879
ORD-012133,18/10/2025,6th of October,AC06,1,41197.0,0.0,cash,C0605
ORD-012134,18/10/2025,Dokki,AC05,1,37522.0,0.0,installments,C2046
ORD-012135,18/10/2025,Dokki,AC01,1,34469.0,0.0,Installments,C1297
ORD-012130,18/10/2025,Dokki,AX04,2,254.0,0.0,credit card,C0059
ORD-012137,18/10/2025,6th of October,AU04,1,1489.0,0.0,Mobile Wallet,C1665
ORD-012138,18/10/2025,Dokki,SP04,1,11259.0,0.0,Mobile Wallet,C1077
ORD-012140,18/10/2025,HELIOPOLIS,TV05,1,24321.0,0.0,cash,C0016
ORD-012141,18/10/2025,Dokki,AX09,2,1796.0,0.0,Cash,C1846
ORD-012142,18/10/2025,Smouha,AU01,1,6447.0,0.0,Mobile Wallet,C0515
ORD-012136,18/10/2025,Smouha,AX03,5,559.0,0.0,cash,C0466
ORD-012139,18/10/2025,Heliopolis,AC03,1,,0.0,Valu/Installments,C2133
ORD-012144,18/10/2025,Smouha ,AU01,2,6590.0,0.0,Cash,C2370
ORD-012145,18/10/2025,Miami,TB01,1,24903.0,0.0,Credit Card,C0400
ORD-012143,18/10/2025,6th of October,TV05,1,24686.0,0.0,credit card,C1841
ORD-012146,19/10/2025,Smouha,LP06,1,21918.0,0.0,cash,C0150
ORD-012147,19/10/2025,Miami,AX01,4,969.0,0.0,cash,C0896
RET-000036,19/10/2025,Dokki,LP03,-1,31781.0,0.0,credit card,C0783
ORD-012157,19/10/2025,Heliopolis,AX04,2,255.0,0.0,Valu/Installments,C0860
ORD-012156,19/10/2025,6TH OF OCTOBER,LP03,1,31698.0,0.0,CASH,C1426
ORD-012155,19/10/2025,Heliopolis,AC03,1,26548.0,0.0,Installments,C0886
ORD-012154,19/10/2025,Smouha,AX01,4,929.0,0.0,cash,C1547
ORD-012153,19/10/2025,Dokki,AU01,2,6440.0,0.0,installments,C2462
ORD-012152,19/10/2025,Smouha,AU04,1,1481.0,0.0,cash,C0681
ORD-012151,19/10/2025,Maadi,KA05,2,9604.0,0.0,mobile wallet,C2237
ORD-012150,19/10/2025,6th of October,AX04,1,252.0,0.0,VF Cash,C1722
ORD-012158,19/10/2025,Dokki,LP03,1,31781.0,0.0,credit card,C0783
ORD-012159,19/10/2025,Heliopolis,SP01,1,16192.0,0.0,cash,C2363
ORD-012148,19/10/2025,Mansoura,KA06,2,12384.0,0.0,Installments,C0769
ORD-012149,19/10/2025,6th of October,SP06,1,9703.0,0.05,Cash,
ORD-012174,20/10/2025,MIAMI,AU01,1,6310.0,0.0,CASH,C1443
ORD-012172,20/10/2025,6th of October,AU03,2,13426.0,0.0,Valu/Installments,C1681
ORD-012163,20/10/2025,Smouha,SP07,1,14913.0,0.0,Mobile Wallet,C0067
ORD-012181,20/10/2025,Mansoura,SP08,1,43888.0,0.0,Mobile Wallet,C1880
ORD-012182,20/10/2025,Smouha,AX10,5,448.0,0.0,Cash,
ORD-012180,20/10/2025,Miami,AX10,4,460.0,0.0,Installments,C0721
ORD-012179,20/10/2025,Dokki,TV03,1,14780.0,0.0,Visa/Mastercard,C0465
ORD-012178,20/10/2025,Heliopolis,LP03,1,30237.0,0.0,Installments,C1376
ORD-012173,20/10/2025,Miami,AU05,1,3144.0,0.0,credit card,C1441
ORD-012177,20/10/2025,Mansoura ,SP08,1,44052.0,0.0,Cash,C2143
ORD-012176,20/10/2025,Mansoura,SP08,1,44869.0,0.0,Credit Card,C1745
ORD-012170,20/10/2025,Maadi,AX10,1,451.0,0.0,credit card,C1868
ORD-012171,20/10/2025,mansoura,AX01,5,970.0,0.0,Cash,C1696
ORD-012175,20/10/2025,Smouha,LP05,1,34571.0,0.05,installments,C2222
ORD-012169,20/10/2025,Smouha,KA07,2,19050.0,0.0,Installments,C2045
ORD-012168,20/10/2025,6th of October,AX11,5,389.0,0.0,Mobile Wallet,C0511
ORD-012167,20/10/2025,Heliopolis,AC01,1,33302.0,0.0,Installments,
ORD-012166,20/10/2025,Nasr City,SP02,1,51657.0,0.0,credit card,C2057
ORD-012165,20/10/2025,Smouha,AX04,2,257.0,0.0,CASH,C1258
ORD-012164,20/10/2025,Dokki,AU03,1,13303.0,0.0,Valu/Installments,C1237
ORD-012162,20/10/2025,Heliopolis,SP04,1,11612.0,0.0,cash,C1491
ORD-012160,20/10/2025,Nasr City,AX12,2,911.0,0.0,Cash,C0059
ORD-012161,20/10/2025,Miami,TV03,1,14700.0,0.0,VF Cash,C1517
ORD-012189,21/10/2025,Maadi,KA05,2,9649.0,0.05,credit card,C2224
ORD-012191,21/10/2025,Maadi,AX08,5,1386.0,0.0,CASH,C1786
ORD-012185,21/10/2025,Heliopolis,SP03,1,57558.0,0.0,cash,C0725
ORD-012193,21/10/2025,Mansoura,AU01,2,6360.0,0.0,Cash,C1168
ORD-012194,21/10/2025,Dokki,AU01,2,6344.0,0.0,Mobile Wallet,C1792
ORD-012195,21/10/2025,mansoura,AU05,1,3234.0,0.0,mobile wallet,C1161
ORD-012199,21/10/2025,Miami,AX01,3,964.0,0.0,Cash,C0368
ORD-012197,21/10/2025,Dokki,TV01,1,31267.0,0.0,installments,C0359
ORD-012198,21/10/2025,Heliopolis,SP04,1,11711.0,0.0,Visa/Mastercard,C0426
ORD-012192,21/10/2025,Smouha,LP03,1,30530.0,0.0,Installments,C1563
ORD-012188,21/10/2025,Smouha,LP06,1,22001.0,0.0,mobile wallet,C0667
ORD-012186,21/10/2025,Heliopolis,AX01,3,966.0,0.0,Credit Card,C2265
ORD-012187,21/10/2025,Dokki,SP02,1,52812.0,0.05,credit card,C2437
ORD-012201,21/10/2025,Dokki,TV05,1,24501.0,0.0,Installments,C1685
ORD-012199,21/10/2025,Miami,AX01,3,964.0,0.0,Cash,C0368
ORD-012190,21/10/2025,Maadi,TV06,1,87972.0,0.0,Installments,
ORD-012200,21/10/2025,6th of October,SP03,1,58018.0,0.0,credit card,C0068
ORD-012196,21/10/2025,Dokki,TB01,1,24358.0,0.0,installments,C0407
ORD-012203,21/10/2025,Smouha,LP02,1,42158.0,0.0,VF Cash,C2034
ORD-012183,21/10/2025,Smouha,AU04,1,1421.0,0.0,Credit Card,C1755
ORD-012184,21/10/2025,Smouha,AX04,5,249.0,0.0,installments,C1529
ORD-012202,21/10/2025,Nasr City,AX04,5,247.0,0.0,Cash,C0425
ORD-012218,22/10/2025,Heliopolis,SP02,1,51933.0,0.0,Credit Card,C0802
ORD-012217,22/10/2025,Maadi,LP04,1,80256.0,0.0,credit card,C0469
ORD-012211,22/10/2025,6th of October,TB03,1,9574.0,0.0,Valu/Installments,C1723
ORD-012210,22/10/2025,Dokki,TB02,1,13262.0,0.0,CASH,C1188
ORD-012213,22/10/2025,Dokki,SP02,1,51487.0,0.0,Credit Card,C0913
ORD-012220,22/10/2025,Dokki,AU03,2,13443.0,0.0,Credit Card,C0510
ORD-012222,22/10/2025,Nasr City,AX10,3,447.0,0.0,credit card,C1437
ORD-012215,22/10/2025,DOKKI,LP02,1,42498.0,0.0,Visa/Mastercard,C2260
ORD-012221,22/10/2025,Nasr City,KA02,1,3598.0,0.05,Visa/Mastercard,
ORD-012205,22/10/2025,Heliopolis,TB01,1,24199.0,0.0,installments,C0409
ORD-012216,22/10/2025,Nasr City,KA06,2,12192.0,0.0,Credit Card,C1561
ORD-012206,22/10/2025,Nasr City,AX08,3,1361.0,0.0,Valu/Installments,C1820
ORD-012212,22/10/2025,Mansoura,SP05,1,20048.0,0.0,VF Cash,C0868
ORD-012207,22/10/2025,Heliopolis,TB02,1,13709.0,0.0,CASH,C2062
ORD-012204,22/10/2025,Nasr City,AX03,4,552.0,0.0,Mobile Wallet,C2232
ORD-012209,22/10/2025,Nasr City,AX12,1,873.0,0.0,Visa/Mastercard,C0134
ORD-012208,22/10/2025,Maadi,AX11,1,395.0,0.0,Installments,C2381
ORD-012214,22/10/2025,Mansoura,LP05,1,36306.0,0.0,mobile wallet,C1863
ORD-012219,22/10/2025,Maadi,AX10,1,447.0,0.05,Mobile Wallet,C1924
ORD-012227,23/10/2025,Smouha,AC03,1,26240.0,0.0,installments,C1535
ORD-012230,23/10/2025,HELIOPOLIS,SP08,1,43945.0,0.0,Visa/Mastercard,C1162
RET-000105,23/10/2025,Smouha,KA07,-2,18100.0,0.05,Installments,
ORD-012223,23/10/2025,Miami,AC03,1,25567.0,0.0,Credit Card,C1901
ORD-012224,23/10/2025,Smouha,AX03,3,565.0,0.05,cash,C1692
ORD-012239,23/10/2025,Smouha,KA07,2,18100.0,0.05,Installments,
ORD-012232,23/10/2025,Miami,AX03,4,540.0,0.0,CASH,C1084
ORD-012238,23/10/2025,nasr city,AX06,4,1153.0,0.0,Cash,C0134
ORD-012226,23/10/2025,Nasr City,AU02,1,9055.0,0.0,Cash,C0032
ORD-012240,23/10/2025,Heliopolis,AX04,5,249.0,0.0,Visa/Mastercard,C0064
ORD-012235,23/10/2025,6th of October,AX05,3,2433.0,0.0,credit card,C0990
ORD-012234,23/10/2025,Nasr City,TV02,1,26613.0,0.0,Cash,C1699
ORD-012225,23/10/2025,Smouha,SP06,1,9623.0,0.0,Installments,C1622
ORD-012231,23/10/2025,Nasr City,AX05,2,2404.0,0.0,Cash,C1097
ORD-012237,23/10/2025,Nasr City,KA03,2,6922.0,0.0,credit card,C1699
ORD-012229,23/10/2025,Nasr City,KA03,1,6712.0,0.0,Valu/Installments,C2079
ORD-012228,23/10/2025,Smouha,AC04,1,59068.0,0.0,Credit Card,C0918
ORD-012236,23/10/2025,Maadi,KA07,2,18553.0,0.0,Valu/Installments,C0018
ORD-012233,23/10/2025,6th of October,TV06,1,88447.0,0.0,Installments,C1260
ORD-012255,24/10/2025,Heliopolis,AX12,2,921.0,0.0,Mobile Wallet,C0790
ORD-012250,24/10/2025,6th of October,AU01,2,6585.0,0.0,installments,C2344
ORD-012242,24/10/2025,6th of October,KA08,1,5266.0,0.0,Valu/Installments,
ORD-012243,24/10/2025,Nasr City,AC03,1,25542.0,0.0,Visa/Mastercard,C0629
ORD-012244,24/10/2025,Dokki,AX03,5,562.0,0.0,Mobile Wallet,C1534
ORD-012245,24/10/2025,Mansoura,AX03,2,559.0,0.0,VF Cash,C2126
ORD-012247,24/10/2025,Heliopolis,AC06,1,42344.0,0.0,Installments,C1301
ORD-012248,24/10/2025,Mansoura,AX04,1,247.0,0.0,VF Cash,C1373
ORD-012246,24/10/2025,Dokki,AX08,4,1384.0,0.0,Cash,C2458
ORD-012249,24/10/2025,Smouha,AU05,2,3240.0,0.0,Cash,C0699
ORD-012251,24/10/2025,Miami,SP02,1,51408.0,0.0,Visa/Mastercard,C1762
ORD-012257,24/10/2025,Heliopolis,AX06,4,1135.0,0.0,installments,C0212
ORD-012256,24/10/2025,MIAMI,LP03,1,31681.0,0.05,Installments,C1612
ORD-012258,24/10/2025,Dokki,AC04,1,57466.0,0.0,Installments,C2367
ORD-012254,24/10/2025,Dokki,AX04,5,252.0,0.0,installments,C1604
ORD-012253,24/10/2025,Nasr City,TV04,1,41567.0,0.0,credit card,C2277
ORD-012252,24/10/2025,Maadi,TB04,1,17134.0,0.0,Cash,C0991
ORD-012241,24/10/2025,Smouha,LP03,1,31199.0,0.0,credit card,C0108
ORD-012278,25/10/2025,6th of October,SP03,1,58814.0,0.0,installments,C1321
ORD-012267,25/10/2025,Mansoura,SP01,1,16234.0,0.0,mobile wallet,C1792
ORD-012264,25/10/2025,Maadi,AX10,4,453.0,0.0,cash,C1304
ORD-012277,25/10/2025,Heliopolis,AX05,3,,0.0,Credit Card,C0652
ORD-012276,25/10/2025,Mansoura,AU03,2,13554.0,0.0,Credit Card,C2265
ORD-012275,25/10/2025,Heliopolis,SP02,1,50495.0,0.0,installments,C1066
ORD-012274,25/10/2025,Nasr City,AC04,1,58921.0,0.0,installments,C1606
ORD-012273,25/10/2025,6th of October,AX03,3,548.0,0.0,mobile wallet,C2364
RET-000132,25/10/2025,Nasr City,KA08,-1,5271.0,0.0,Cash,C0518
ORD-012269,25/10/2025,Dokki,LP02,1,42160.0,0.0,Installments,C0408
ORD-012271,25/10/2025,Dokki,LP06,1,22342.0,0.0,mobile wallet,C2066
ORD-012262,25/10/2025,Heliopolis,AU03,1,13171.0,0.0,Visa/Mastercard,C0712
ORD-012259,25/10/2025,Mansoura,LP04,1,77507.0,0.0,Valu/Installments,C1758
ORD-012260,25/10/2025,Heliopolis,TB04,1,17672.0,0.0,installments,C0528
ORD-012261,25/10/2025,6th of October,AX07,1,,0.0,Visa/Mastercard,C1600
ORD-012270,25/10/2025,Nasr City,KA08,1,5271.0,0.0,Cash,C0518
ORD-012263,25/10/2025,SMOUHA,KA04,2,24989.0,0.0,Valu/Installments,C1652
ORD-012265,25/10/2025,6th of October,KA04,1,24387.0,0.0,VF Cash,C2119
ORD-012266,25/10/2025,Smouha,SP03,1,59217.0,0.0,Valu/Installments,C0649
ORD-012268,25/10/2025,Dokki,TB01,1,23967.0,0.0,CASH,C0947
ORD-012272,25/10/2025,Dokki ,TV03,1,14857.0,0.0,Cash,C0485
ORD-012292,26/10/2025,Miami,SP07,1,14265.0,0.0,Mobile Wallet,C0104
ORD-012287,26/10/2025,Dokki,SP05,1,18997.0,0.0,cash,C0114
ORD-012279,26/10/2025,Maadi,LP03,1,31708.0,0.0,credit card,C0835
ORD-012283,26/10/2025,6th of October,AX10,4,458.0,0.0,Credit Card,C1792
ORD-012284,26/10/2025,Mansoura,TV03,1,14369.0,0.0,Credit Card,C0048
ORD-012285,26/10/2025,6th of October,AX06,4,1118.0,0.0,Credit Card,C2431
ORD-012286,26/10/2025,nasr city,AU01,1,6367.0,0.0,Mobile Wallet,C0627
ORD-012288,26/10/2025,6th of October,SP06,1,9679.0,0.0,Mobile Wallet,C2227
ORD-012289,26/10/2025,Miami,AX10,4,463.0,0.0,Cash,C0323
ORD-012290,26/10/2025,Dokki,AX08,1,1342.0,0.0,Mobile Wallet,C2343
ORD-012293,26/10/2025,Nasr City,AX04,3,253.0,0.0,cash,C0535
ORD-012294,26/10/2025,Heliopolis,AU02,1,8998.0,0.0,credit card,C1859
ORD-012295,26/10/2025,Maadi,KA06,2,12386.0,0.0,cash,C1467
ORD-012282,26/10/2025,6th of October,AX02,5,356.0,0.0,Visa/Mastercard,C0106
ORD-012280,26/10/2025,Maadi,LP01,1,28944.0,0.0,Installments,C0382
RET-000077,26/10/2025,6th of October,SP06,-1,9679.0,0.0,Mobile Wallet,C2227
ORD-012281,26/10/2025,Mansoura,KA07,2,18547.0,0.0,Cash,C0383
ORD-012291,26/10/2025,6TH OF OCTOBER,AX01,5,924.0,0.0,VF Cash,C1567
ORD-012300,27/10/2025,Smouha,AU04,2,1411.0,0.0,credit card,C0794
ORD-012302,27/10/2025,6th of October,AX12,1,885.0,0.0,mobile wallet,C2194
ORD-012296,27/10/2025,Smouha,TV02,1,27285.0,0.05,installments,C0765
ORD-012299,27/10/2025,Mansoura,AX11,4,389.0,0.0,cash,C1217
ORD-012306,27/10/2025,Nasr City,AX01,3,942.0,0.0,mobile wallet,C0212
ORD-012297,27/10/2025,DOKKI,AC06,1,40762.0,0.0,credit card,C0982
ORD-012303,27/10/2025,6th of October,AU03,1,13512.0,0.0,CASH,C1005
ORD-012298,27/10/2025,Nasr City,AX11,3,389.0,0.0,Cash,C0909
ORD-012304,27/10/2025,Mansoura,TV02,1,26725.0,0.05,Credit Card,C1549
ORD-012308,27/10/2025,Maadi,TV05,1,23668.0,0.0,Installments,C0340
ORD-012301,27/10/2025,Smouha,AX12,5,881.0,0.0,credit card,
ORD-012307,27/10/2025,Dokki,AX09,1,1832.0,0.0,credit card,C1127
ORD-012309,27/10/2025,Maadi,AX05,5,2519.0,0.0,Cash,
ORD-012310,27/10/2025,Smouha,AU04,1,1479.0,0.0,mobile wallet,
ORD-012311,27/10/2025,6th of October,AU02,1,9106.0,0.0,CASH,C0589
ORD-012312,27/10/2025,Mansoura,KA02,1,3692.0,0.0,Cash,C0095
ORD-012313,27/10/2025,Mansoura,KA01,1,4187.0,0.0,credit card,C2374
ORD-012305,27/10/2025,maadi,AX11,5,396.0,0.0,Visa/Mastercard,C1067
ORD-012319,28/10/2025,6th of October,AX08,3,1321.0,0.0,cash,C0439
RET-000118,28/10/2025,Dokki,AC05,-1,39037.0,0.0,VF Cash,C2025
ORD-012314,28/10/2025,Dokki,AX07,1,740.0,0.0,Credit Card,C0424
ORD-012315,28/10/2025,Miami,SP02,1,52886.0,0.0,CASH,C0455
ORD-012317,28/10/2025,Miami,AX04,4,246.0,0.0,Credit Card,C2441
ORD-012321,28/10/2025,6th of October,AU01,2,6446.0,0.0,Installments,C1157
ORD-012316,28/10/2025,Mansoura,AU05,1,3279.0,0.0,Cash,C1881
ORD-012320,28/10/2025,6th of October,AC04,1,58952.0,0.0,Credit Card,C0581
ORD-012322,28/10/2025,6th of October,AX05,1,2454.0,0.0,Credit Card,C1074
ORD-012323,28/10/2025,Maadi,AX10,1,461.0,0.0,mobile wallet,C0740
ORD-012325,28/10/2025,Nasr City,AU03,2,13466.0,0.0,Cash,C0317
ORD-012318,28/10/2025,Nasr City,TV03,1,14348.0,0.0,Mobile Wallet,C0503
ORD-012324,28/10/2025,Miami,AU04,1,1408.0,0.0,Credit Card,C0381
ORD-012327,28/10/2025,Mansoura,AX06,5,1156.0,0.0,Cash,C1481
ORD-012328,28/10/2025,miami,AC01,1,33695.0,0.05,Installments,C0852
ORD-012326,28/10/2025,Dokki,AC05,1,39037.0,0.0,VF Cash,C2025
RET-000054,28/10/2025,Nasr City,AU03,-2,13466.0,0.0,Cash,C0317
ORD-012334,29/10/2025,Maadi,AU03,2,13874.0,0.0,Valu/Installments,C0302
ORD-012336,29/10/2025,Miami,SP04,1,11263.0,0.0,credit card,C0313
ORD-012331,29/10/2025,Maadi,KA08,2,5382.0,0.0,credit card,C2012
ORD-012332,29/10/2025,Nasr City,AX08,3,1351.0,0.05,Cash,C0090
ORD-012333,29/10/2025,Heliopolis,LP04,1,78358.0,0.0,Valu/Installments,C1695
ORD-012335,29/10/2025,Miami,LP04,1,80064.0,0.0,Credit Card,C1993
ORD-012337,29/10/2025,Smouha,AX10,5,458.0,0.0,cash,
ORD-012329,29/10/2025,Smouha,AX09,1,1838.0,0.0,Cash,C1601
ORD-012338,29/10/2025,Maadi,AX04,1,252.0,0.05,Installments,C0862
ORD-012339,29/10/2025,Nasr City,AX11,5,409.0,0.0,cash,C1720
ORD-012340,29/10/2025,Mansoura,AX11,4,389.0,0.0,Credit Card,
ORD-012341,29/10/2025,Heliopolis,AX12,4,926.0,0.0,CASH,
ORD-012330,29/10/2025,Mansoura,AU04,2,1412.0,0.0,CASH,C0413
ORD-012349,30/10/2025,Nasr City,TV03,1,14820.0,0.0,Credit Card,C0732
ORD-012345,30/10/2025,Smouha,SP05,1,20049.0,0.0,Credit Card,C0660
ORD-012347,30/10/2025,6th of October,SP02,1,51065.0,0.0,Cash,C1224
ORD-012346,30/10/2025,Nasr City,AX12,1,913.0,0.0,Installments,C0737
ORD-012343,30/10/2025,Dokki,AX02,5,,0.0,Installments,C1285
ORD-012344,30/10/2025,Maadi,SP07,1,14612.0,0.0,CASH,C1847
ORD-012342,30/10/2025,Miami,AX02,1,350.0,0.0,Cash,C1538
ORD-012353,30/10/2025,smouha,AX12,2,904.0,0.05,Credit Card,C0481
ORD-012354,30/10/2025,Mansoura,SP04,1,11419.0,0.0,Cash,C1405
ORD-012350,30/10/2025,Smouha,KA01,2,4259.0,0.0,cash,C2324
ORD-012351,30/10/2025,MIAMI,SP05,1,19004.0,0.0,Credit Card,C2485
ORD-012352,30/10/2025,Mansoura,TV03,1,14518.0,0.0,Cash,C0129
ORD-012348,30/10/2025,Miami,SP05,1,19618.0,0.0,CASH,C0042
ORD-012368,31/10/2025,Smouha,TB04,1,17231.0,0.05,CASH,
ORD-012367,31/10/2025,Heliopolis,LP05,1,34581.0,0.0,Visa/Mastercard,C2196
ORD-012366,31/10/2025,Nasr City,AX04,0,247.0,0.0,Cash,C0122
ORD-012365,31/10/2025,6th of October,AC02,1,46366.0,0.0,Valu/Installments,C2483
ORD-012363,31/10/2025,Maadi,SP08,1,44427.0,0.0,Visa/Mastercard,C0499
ORD-012361,31/10/2025,Dokki,LP04,1,79543.0,0.0,CASH,C2138
ORD-012364,31/10/2025,Nasr City,AX03,4,544.0,0.0,Cash,C0790
ORD-012358,31/10/2025,Maadi,TV01,1,31105.0,0.0,Valu/Installments,C2239
ORD-012357,31/10/2025,Smouha,AC05,1,37869.0,0.0,Installments,C2458
ORD-012356,31/10/2025,heliopolis,TV04,1,39780.0,0.05,credit card,C1983
ORD-012355,31/10/2025,Dokki,TV03,1,14651.0,0.0,Cash,C1421
ORD-012362,31/10/2025,Mansoura,LP03,1,31833.0,0.0,Valu/Installments,C1043
ORD-012360,31/10/2025,6th of October,SP03,1,58158.0,0.05,Visa/Mastercard,C0649
ORD-012369,31/10/2025,Nasr City,SP08,1,45528.0,0.0,Valu/Installments,C0095
ORD-012359,31/10/2025,Heliopolis,AX05,5,2473.0,0.0,mobile wallet,C0021
ORD-012370,31/10/2025,6th of October,AU05,2,3169.0,0.0,CASH,C2122
ORD-012371,01/11/2025,Dokki,AX08,1,1313.0,0.0,Visa/Mastercard,C2097
ORD-012381,01/11/2025,Heliopolis,TV05,1,23359.0,0.0,installments,C0901
ORD-012372,01/11/2025,Mansoura,TV02,1,25829.0,0.0,VF Cash,C0625
ORD-012373,01/11/2025,6th of October,AU01,2,6537.0,0.0,installments,C0886
ORD-012374,01/11/2025,Dokki,AU01,1,6531.0,0.0,mobile wallet,C1495
ORD-012375,01/11/2025,Nasr City,AU02,1,8874.0,0.0,CASH,C0471
ORD-012376,01/11/2025,Heliopolis,SP05,1,19833.0,0.0,Installments,C0889
ORD-012377,01/11/2025,Nasr City ,SP04,1,11712.0,0.0,Installments,C0121
ORD-012380,01/11/2025,Nasr City,SP03,1,57191.0,0.0,Visa/Mastercard,
ORD-012378,01/11/2025,Mansoura,AX04,3,,0.0,Valu/Installments,C1342
ORD-012379,01/11/2025,Dokki,KA03,1,6720.0,0.0,CASH,C0568
ORD-012397,01/11/2025,Heliopolis,LP06,1,21378.0,0.0,installments,C0791
ORD-012399,01/11/2025,Heliopolis ,KA06,2,12462.0,0.0,Installments,C0709
ORD-012398,01/11/2025,Smouha,KA07,1,18439.0,0.0,cash,C1025
RET-000055,01/11/2025,Heliopolis,LP05,-1,35188.0,0.05,Valu/Installments,C2100
ORD-012396,01/11/2025,Smouha,AU03,2,13336.0,0.0,Valu/Installments,C1639
ORD-012395,01/11/2025,Heliopolis,LP05,1,35188.0,0.05,Valu/Installments,C2100
ORD-012394,01/11/2025,6th of October,AX02,4,354.0,0.0,Installments,C1787
ORD-012392,01/11/2025,6th of October,AX01,3,949.0,0.0,credit card,C1914
ORD-012393,01/11/2025,6th of october,AC02,1,46959.0,0.0,Visa/Mastercard,C2031
ORD-012390,01/11/2025,6th of october,TB03,1,9452.0,0.0,Visa/Mastercard,C2259
ORD-012389,01/11/2025,Maadi,LP06,1,21460.0,0.0,Credit Card,C1428
ORD-012388,01/11/2025,Nasr City,AU02,1,9030.0,0.0,Cash,C0377
ORD-012387,01/11/2025,Nasr City,KA05,1,9521.0,0.0,mobile wallet,C0817
ORD-012386,01/11/2025,Maadi,AX06,4,1138.0,0.0,CASH,C1973
ORD-012385,01/11/2025,6th of October,AX04,1,245.0,0.0,mobile wallet,C1121
ORD-012384,01/11/2025,Miami,AX03,3,550.0,0.0,mobile wallet,C1097
ORD-012391,01/11/2025,Dokki,KA03,2,6670.0,0.0,Valu/Installments,C1206
ORD-012382,01/11/2025,Maadi,AC04,1,60107.0,0.0,Visa/Mastercard,C0342
ORD-012391,01/11/2025,Dokki,KA03,2,6670.0,0.0,Valu/Installments,C1206
ORD-012383,01/11/2025,Miami,AX12,3,894.0,0.0,Visa/Mastercard,C0519
ORD-012401,02/11/2025,Smouha,AU01,1,6341.0,0.0,installments,C1152
ORD-012417,02/11/2025,mansoura,AX02,1,342.0,0.0,Valu/Installments,C1113
ORD-012407,02/11/2025,Heliopolis,AC05,1,38178.0,0.0,mobile wallet,C0679
ORD-012411,02/11/2025,Nasr City,AU04,2,1434.0,0.0,installments,C1999
ORD-012410,02/11/2025,Dokki,LP03,1,31577.0,0.0,mobile wallet,C0844
ORD-012409,02/11/2025,Heliopolis,TV06,1,90822.0,0.0,Visa/Mastercard,
ORD-012408,02/11/2025,HELIOPOLIS,AU03,2,13744.0,0.0,Valu/Installments,
ORD-012404,02/11/2025,Mansoura,AX02,1,353.0,0.0,CASH,C2391
ORD-012406,02/11/2025,Nasr City,AX11,2,395.0,0.0,Credit Card,C1277
ORD-012405,02/11/2025,6th of October,AX01,1,938.0,0.0,Cash,C2407
ORD-012419,02/11/2025,Dokki,AX12,1,917.0,0.0,CASH,
ORD-012400,02/11/2025,Nasr City,TB03,1,9771.0,0.0,CASH,C0811
ORD-012412,02/11/2025,Mansoura,SP02,1,53170.0,0.0,Cash,C1776
ORD-012413,02/11/2025,Smouha,AX12,3,903.0,0.0,cash,C1828
ORD-012415,02/11/2025,Mansoura,KA07,1,18643.0,0.0,Valu/Installments,C1736
ORD-012421,02/11/2025,Nasr City,SP02,1,52903.0,0.05,Valu/Installments,
ORD-012403,02/11/2025,Mansoura,AC03,1,25417.0,0.0,Installments,C0422
ORD-012423,02/11/2025,Nasr City,SP07,1,14419.0,0.0,credit card,C1569
ORD-012422,02/11/2025,Miami,SP07,1,14204.0,0.0,credit card,C2488
ORD-012402,02/11/2025,Mansoura,KA05,1,9844.0,0.0,VF Cash,C1610
ORD-012414,02/11/2025,Smouha,TV05,1,24694.0,0.0,Valu/Installments,
ORD-012420,02/11/2025,Mansoura,AX04,3,257.0,0.0,installments,C0441
ORD-012418,02/11/2025,Miami,SP06,1,9722.0,0.0,mobile wallet,C1306
ORD-012416,02/11/2025,Heliopolis,SP08,1,45997.0,0.0,Valu/Installments,C2443
ORD-012433,03/11/2025,Smouha,TV03,1,14287.0,0.0,CASH,C0139
ORD-012440,03/11/2025,Dokki,AU01,1,6330.0,0.0,Visa/Mastercard,C2474
ORD-012446,03/11/2025,Nasr City,AU05,1,3292.0,0.0,Cash,
ORD-012445,03/11/2025,Miami,LP06,1,21871.0,0.0,Installments,C0470
ORD-012444,03/11/2025,Dokki,LP02,1,41676.0,0.0,Visa/Mastercard,C0123
ORD-012443,03/11/2025,Miami,AX09,1,1824.0,0.0,Visa/Mastercard,C1632
ORD-012442,03/11/2025,Mansoura,SP06,1,10093.0,0.0,Cash,C1443
ORD-012441,03/11/2025,mansoura,AC02,1,45474.0,0.0,credit card,C2173
ORD-012438,03/11/2025,Nasr City,AU05,1,3141.0,0.0,Installments,
ORD-012439,03/11/2025,Nasr City,KA01,2,4305.0,0.0,CASH,C1203
ORD-012431,03/11/2025,Miami,AX04,2,245.0,0.0,Installments,C1841
ORD-012424,03/11/2025,Dokki,AC03,1,25861.0,0.0,installments,C1759
ORD-012425,03/11/2025,Maadi,SP01,1,16405.0,0.0,Cash,C0819
ORD-012426,03/11/2025,Mansoura,LP03,1,31610.0,0.0,Visa/Mastercard,C2324
ORD-012428,03/11/2025,Maadi,TB04,1,17058.0,0.0,Mobile Wallet,C1446
ORD-012429,03/11/2025,Mansoura,SP01,1,16954.0,0.0,installments,C1532
ORD-012430,03/11/2025,Dokki,AX02,3,343.0,0.0,installments,C0264
ORD-012427,03/11/2025,Mansoura,KA07,2,18879.0,0.0,Credit Card,
ORD-012432,03/11/2025,Smouha,TB02,1,13633.0,0.0,cash,C0686
ORD-012437,03/11/2025,Mansoura,AX12,1,874.0,0.0,Installments,C1679
ORD-012435,03/11/2025,Miami,LP05,1,34723.0,0.0,Valu/Installments,C1037
ORD-012434,03/11/2025,Miami,AX08,4,1361.0,0.0,credit card,C2095
ORD-012436,03/11/2025,Heliopolis,KA05,2,10089.0,0.0,CASH,C2404
ORD-012467,04/11/2025,Nasr City,TV03,1,14345.0,0.0,cash,C1907
ORD-012452,04/11/2025,Mansoura,TB02,1,13222.0,0.0,Cash,C1466
ORD-012465,04/11/2025,Maadi,AX09,5,1873.0,0.0,credit card,C1348
ORD-012464,04/11/2025,Dokki,AX09,3,1819.0,0.05,Cash,C0045
ORD-012466,04/11/2025,Heliopolis,AX05,1,2424.0,0.0,installments,C0876
ORD-012449,04/11/2025,Nasr City,AX10,4,456.0,0.0,Installments,C1322
ORD-012447,04/11/2025,Miami,AC04,1,59694.0,0.0,Valu/Installments,
ORD-012448,04/11/2025,6th of October,TB04,1,17671.0,0.0,cash,C0737
ORD-012450,04/11/2025,6th of October,KA05,2,9703.0,0.0,CASH,C1759
ORD-012451,04/11/2025,6th of October,AC02,1,47601.0,0.0,installments,C0762
ORD-012452,04/11/2025,Mansoura,TB02,1,13222.0,0.0,Cash,C1466
ORD-012453,04/11/2025,Nasr City,TV04,1,40060.0,0.05,VF Cash,C1005
ORD-012454,04/11/2025,Smouha,AX11,5,396.0,0.05,cash,C0298
ORD-012455,04/11/2025,SMOUHA,AX05,3,2442.0,0.0,installments,C0882
ORD-012456,04/11/2025,Heliopolis,AX12,4,876.0,0.05,VF Cash,C1523
ORD-012457,04/11/2025,Heliopolis,SP03,1,59270.0,0.0,cash,C1524
ORD-012462,04/11/2025,Heliopolis,AU01,1,6372.0,0.0,Cash,C0040
ORD-012458,04/11/2025,Mansoura,AX08,5,1340.0,0.0,Credit Card,C0595
ORD-012461,04/11/2025,Nasr City,AX11,5,390.0,0.0,Mobile Wallet,C0501
ORD-012460,04/11/2025,Smouha,KA03,2,6738.0,0.0,Cash,
ORD-012463,04/11/2025,heliopolis,KA05,2,9760.0,0.0,Credit Card,C1305
ORD-012469,04/11/2025,Heliopolis,AX11,2,403.0,0.0,cash,C1318
ORD-012475,04/11/2025,Nasr City,AC05,1,38293.0,0.0,Installments,C2465
ORD-012474,04/11/2025,Smouha,AC01,1,34490.0,0.0,Mobile Wallet,C1162
ORD-012473,04/11/2025,6th of October,KA03,1,6812.0,0.0,Mobile Wallet,C1580
ORD-012471,04/11/2025,Heliopolis,KA08,1,5524.0,0.0,credit card,C2301
ORD-012470,04/11/2025,6th of October,AX03,1,538.0,0.0,credit card,C0953
ORD-012472,04/11/2025,6th of October,AC06,1,,0.0,VF Cash,C0272
ORD-012459,04/11/2025,mansoura,LP02,1,41440.0,0.0,installments,C1288
ORD-012468,04/11/2025,Heliopolis,SP01,1,16562.0,0.0,cash,C2325
ORD-012501,05/11/2025,6th of October,AX03,2,558.0,0.0,cash,C0489
ORD-012498,05/11/2025,Nasr City,AX01,2,942.0,0.0,CASH,C1125
ORD-012494,05/11/2025,Mansoura,LP05,1,34773.0,0.05,Installments,C2024
ORD-012497,05/11/2025,Maadi,KA03,1,6983.0,0.05,Cash,C0192
ORD-012477,05/11/2025,Maadi,KA04,2,23866.0,0.0,Visa/Mastercard,C2160
ORD-012497,05/11/2025,Maadi,KA03,1,6983.0,0.05,Cash,C0192
ORD-012478,05/11/2025,Miami,SP05,1,19943.0,0.0,Credit Card,C0891
ORD-012479,05/11/2025,Dokki,KA01,2,4123.0,0.0,Credit Card,
ORD-012480,05/11/2025,Mansoura,TB01,1,25085.0,0.0,Installments,C0422
ORD-012481,05/11/2025,Miami,AU01,1,6318.0,0.0,mobile wallet,C2298
ORD-012482,05/11/2025,Smouha,SP01,1,16654.0,0.05,Mobile Wallet,
ORD-012483,05/11/2025,Nasr City,AX01,3,923.0,0.0,CASH,C1139
ORD-012496,05/11/2025,Dokki,LP01,1,28432.0,0.0,CASH,
ORD-012484,05/11/2025,MANSOURA,AU02,2,8702.0,0.0,Cash,C2490
ORD-012486,05/11/2025,Heliopolis,AU01,1,6414.0,0.0,installments,C2351
ORD-012487,05/11/2025,Dokki,LP05,1,36564.0,0.0,Installments,C1728
ORD-012500,05/11/2025,Miami,SP07,1,14339.0,0.0,cash,C1726
ORD-012488,05/11/2025,Dokki,AX12,2,891.0,0.0,CASH,C1783
ORD-012489,05/11/2025,Smouha,SP04,1,11651.0,0.0,Credit Card,C1302
ORD-012490,05/11/2025,Smouha ,AX10,3,456.0,0.0,credit card,C1312
ORD-012491,05/11/2025,Heliopolis,KA06,1,12170.0,0.0,cash,C0812
ORD-012492,05/11/2025,Nasr City,SP06,1,9732.0,0.0,Visa/Mastercard,C0808
ORD-012493,05/11/2025,Nasr City,AX02,5,355.0,0.0,Cash,C0204
ORD-012476,05/11/2025,Miami,TV04,1,41985.0,0.0,Credit Card,C0870
ORD-012485,05/11/2025,miami,AU01,1,6458.0,0.0,Credit Card,C0307
ORD-012495,05/11/2025,Smouha,AX05,5,2395.0,0.0,Cash,C2043
ORD-012499,05/11/2025,6th of October,AU05,2,3197.0,0.0,Visa/Mastercard,
ORD-012511,06/11/2025,Maadi,TV01,1,32389.0,0.0,cash,C2361
ORD-012516,06/11/2025,MANSOURA,TV01,1,31743.0,0.0,Credit Card,C0020
ORD-012515,06/11/2025,Nasr City,LP04,1,78052.0,0.0,Valu/Installments,C2359
ORD-012520,06/11/2025,Dokki,KA07,1,18557.0,0.0,credit card,C1650
ORD-012513,06/11/2025,Smouha,AX08,5,1375.0,0.0,CASH,C1168
ORD-012512,06/11/2025,6th of October,LP04,1,77785.0,0.0,Credit Card,C0088
ORD-012521,06/11/2025,Nasr City,AX10,5,444.0,0.0,credit card,C0152
ORD-012514,06/11/2025,Nasr City,AX09,5,1858.0,0.05,Visa/Mastercard,C0074
ORD-012509,06/11/2025,6th of October,AX11,3,411.0,0.0,CASH,C1569
ORD-012508,06/11/2025,Dokki,AU05,1,3280.0,0.0,credit card,C2422
ORD-012507,06/11/2025,Nasr City,TB03,1,9573.0,0.0,cash,C1339
ORD-012506,06/11/2025,Nasr City,KA03,2,6629.0,0.0,Visa/Mastercard,C2464
ORD-012502,06/11/2025,Mansoura,SP05,1,19915.0,0.0,Credit Card,C0509
ORD-012505,06/11/2025,6th of October,SP06,1,9987.0,0.0,VF Cash,C0701
ORD-012504,06/11/2025,Maadi,LP02,1,41514.0,0.0,installments,
ORD-012510,06/11/2025,Miami,TB01,1,24614.0,0.0,credit card,C0969
ORD-012518,06/11/2025,Heliopolis,TB02,1,13231.0,0.0,Credit Card,C1165
ORD-012519,06/11/2025,6th of October,AX05,3,2403.0,0.0,credit card,C0537
ORD-012522,06/11/2025,Mansoura,LP01,1,29076.0,0.0,Installments,
ORD-012523,06/11/2025,Nasr City,AC05,1,39639.0,0.0,Credit Card,C2186
ORD-012524,06/11/2025,Nasr City,AX07,2,736.0,0.0,Mobile Wallet,C2161
ORD-012525,06/11/2025,Dokki,SP08,1,46044.0,0.0,Visa/Mastercard,C0161
ORD-012526,06/11/2025,Miami,SP04,1,11828.0,0.0,mobile wallet,C1382
ORD-012517,06/11/2025,Dokki,LP03,1,31114.0,0.0,Credit Card,C1892
ORD-012528,06/11/2025,Heliopolis,TB04,1,17741.0,0.0,Visa/Mastercard,C0285
ORD-012530,06/11/2025,Mansoura,AC04,1,60084.0,0.05,credit card,
ORD-012531,06/11/2025,Heliopolis,AX06,5,1180.0,0.0,Installments,C0390
ORD-012532,06/11/2025,Dokki,TV06,1,88143.0,0.0,Installments,C1701
ORD-012533,06/11/2025,mansoura,LP04,1,76697.0,0.0,mobile wallet,C1233
ORD-012527,06/11/2025,Heliopolis,TB04,1,17615.0,0.0,installments,C0067
ORD-012534,06/11/2025,Heliopolis,AU02,1,8666.0,0.0,credit card,C1126
ORD-012529,06/11/2025,Nasr City,AX12,5,882.0,0.0,Mobile Wallet,C1925
ORD-012503,06/11/2025,HELIOPOLIS,AX12,1,913.0,0.05,cash,C1855
ORD-012548,07/11/2025,Heliopolis,KA04,2,23820.0,0.0,Visa/Mastercard,C1532
ORD-012570,07/11/2025,6th of October,AC04,1,56794.0,0.0,Cash,C1247
ORD-012567,07/11/2025,Dokki,AX06,4,1118.0,0.0,CASH,C0177
ORD-012547,07/11/2025,Maadi,SP05,1,,0.0,CASH,C0498
ORD-012546,07/11/2025,Heliopolis,LP01,1,29146.0,0.0,installments,C2021
ORD-012545,07/11/2025,Smouha ,KA01,1,4109.0,0.05,cash,C1862
ORD-012544,07/11/2025,Heliopolis,TV01,1,32106.0,0.0,Cash,C1223
ORD-012543,07/11/2025,Smouha,LP01,1,28204.0,0.0,Visa/Mastercard,C1612
ORD-012542,07/11/2025,Smouha,AX04,4,251.0,0.0,cash,C0193
ORD-012541,07/11/2025,Miami,KA06,1,12650.0,0.0,Visa/Mastercard,C2023
ORD-012540,07/11/2025,Miami,AX10,4,455.0,0.0,Visa/Mastercard,C1283
ORD-012539,07/11/2025,Mansoura,KA07,1,18176.0,0.0,Visa/Mastercard,C2280
ORD-012538,07/11/2025,Nasr City,AU04,2,1426.0,0.0,credit card,C0327
ORD-012537,07/11/2025,Smouha,AU04,1,1459.0,0.0,credit card,C1640
ORD-012536,07/11/2025,Mansoura,AX06,5,1180.0,0.0,Cash,C1417
ORD-012535,07/11/2025,Nasr City,LP06,1,22074.0,0.0,Credit Card,C1300
ORD-012549,07/11/2025,Heliopolis,TV04,1,42056.0,0.0,Valu/Installments,C0421
ORD-012568,07/11/2025,Nasr City,AX10,5,438.0,0.0,Credit Card,C0454
RET-000044,07/11/2025,Maadi,AU05,-2,3248.0,0.0,Visa/Mastercard,C0216
ORD-012554,07/11/2025,Nasr City,KA06,1,12751.0,0.05,Installments,C0569
ORD-012559,07/11/2025,Dokki,TB03,1,9247.0,0.0,Cash,C0698
ORD-012555,07/11/2025,Mansoura,KA07,1,18609.0,0.0,Cash,C0431
ORD-012556,07/11/2025,6th of October,AC03,1,26208.0,0.0,Valu/Installments,C1323
ORD-012557,07/11/2025,6th of October,SP01,1,16717.0,0.0,Cash,C1785
ORD-012558,07/11/2025,Nasr City,SP08,1,43944.0,0.0,Cash,C0928
ORD-012552,07/11/2025,Maadi,AX12,1,909.0,0.0,installments,C0196
ORD-012553,07/11/2025,Miami,AX08,2,1350.0,0.0,Credit Card,C0043
ORD-012560,07/11/2025,Dokki,TV05,1,23729.0,0.0,cash,C0361
ORD-012562,07/11/2025,Smouha,TB04,1,17115.0,0.0,Cash,C1511
ORD-012563,07/11/2025,6th of October,KA03,2,6618.0,0.0,Cash,C2202
ORD-012564,07/11/2025,Maadi,AC05,1,38474.0,0.0,CASH,C0021
ORD-012565,07/11/2025,Maadi,AU05,2,3248.0,0.0,Visa/Mastercard,C0216
ORD-012566,07/11/2025,6th of October,SP07,1,14153.0,0.0,Mobile Wallet,C1064
ORD-012550,07/11/2025,6th of October,TV06,1,90496.0,0.0,credit card,C0120
ORD-012551,07/11/2025,Maadi,AX02,3,346.0,0.0,VF Cash,C0918
ORD-012561,07/11/2025,6th of October,LP02,1,,0.0,installments,C0783
ORD-012569,07/11/2025,miami,AX05,1,2460.0,0.0,mobile wallet,C0197
ORD-012585,08/11/2025,Miami,TB04,1,17125.0,0.0,credit card,C1693
ORD-012583,08/11/2025,Miami,LP01,1,28951.0,0.0,Credit Card,C0607
ORD-012580,08/11/2025,6th of October,AX12,5,880.0,0.0,Cash,C0492
ORD-012581,08/11/2025,6th of October,AX05,4,2491.0,0.0,Installments,C0518
ORD-012586,08/11/2025,Heliopolis,TV06,1,89477.0,0.0,cash,C1831
ORD-012588,08/11/2025,Miami,LP04,1,,0.0,Visa/Mastercard,C2138
ORD-012584,08/11/2025,Smouha,AX09,1,1878.0,0.0,Visa/Mastercard,C2393
ORD-012582,08/11/2025,Miami,AU01,2,6629.0,0.0,credit card,C1308
ORD-012595,08/11/2025,Miami,KA07,2,18713.0,0.0,Installments,C1150
ORD-012589,08/11/2025,Smouha ,AX08,2,1368.0,0.0,cash,
ORD-012590,08/11/2025,Nasr City,AX11,1,399.0,0.0,VF Cash,C2162
ORD-012591,08/11/2025,Heliopolis,LP02,1,43174.0,0.0,Installments,C0986
ORD-012578,08/11/2025,NASR CITY,SP02,1,52633.0,0.0,Valu/Installments,C2390
ORD-012592,08/11/2025,Nasr City,AU04,1,1455.0,0.0,Cash,C2368
ORD-012602,08/11/2025,Dokki,KA05,1,9761.0,0.0,CASH,C1214
ORD-012577,08/11/2025,Smouha,LP03,1,30570.0,0.0,Installments,C0565
ORD-012593,08/11/2025,Smouha,LP01,1,29311.0,0.0,cash,C1958
ORD-012575,08/11/2025,Heliopolis,KA08,1,5477.0,0.0,Credit Card,C1106
ORD-012574,08/11/2025,Miami,AX02,1,354.0,0.0,Cash,C1555
ORD-012573,08/11/2025,Dokki,AX10,5,459.0,0.0,CASH,C1349
ORD-012572,08/11/2025,Smouha,KA05,1,9527.0,0.0,cash,C1081
ORD-012571,08/11/2025,6th of October,KA01,1,4111.0,0.0,mobile wallet,C0308
ORD-012603,08/11/2025,Smouha,AX08,3,1317.0,0.0,Visa/Mastercard,C0340
ORD-012579,08/11/2025,Maadi,SP07,1,14577.0,0.0,Valu/Installments,C1888
ORD-012601,08/11/2025,Smouha,AC04,1,59567.0,0.0,CASH,C1081
ORD-012596,08/11/2025,MANSOURA,AX10,3,454.0,0.0,Visa/Mastercard,C1319
ORD-012597,08/11/2025,Dokki,AX10,5,460.0,0.05,credit card,
ORD-012598,08/11/2025,Nasr City,KA06,2,12658.0,0.0,mobile wallet,C1978
ORD-012599,08/11/2025,Miami,AX04,5,256.0,0.0,Mobile Wallet,C0926
ORD-012600,08/11/2025,Maadi,SP06,1,9835.0,0.0,Cash,C0377
ORD-012587,08/11/2025,Nasr City,AC02,1,47726.0,0.0,Valu/Installments,C0502
ORD-012576,08/11/2025,Mansoura,AC04,1,58754.0,0.0,Installments,C0698
ORD-012594,08/11/2025,Mansoura,TV01,1,32882.0,0.0,Credit Card,C2008
ORD-012612,09/11/2025,Dokki,TB04,1,16980.0,0.0,installments,C2026
ORD-012613,09/11/2025,Nasr City,AX04,5,244.0,0.0,cash,C0247
ORD-012611,09/11/2025,6th of October,AX01,5,932.0,0.0,credit card,
ORD-012610,09/11/2025,6th of October,AX04,3,256.0,0.0,credit card,C0308
ORD-012609,09/11/2025,Miami,AX07,3,772.0,0.0,CASH,C0320
ORD-012608,09/11/2025,Heliopolis,AX02,2,357.0,0.0,Visa/Mastercard,C0844
ORD-012607,09/11/2025,Miami,AX06,4,1142.0,0.0,mobile wallet,C0993
ORD-012606,09/11/2025,Maadi,AX01,4,932.0,0.0,Mobile Wallet,
ORD-012605,09/11/2025,Miami,SP05,1,19636.0,0.0,Visa/Mastercard,C2288
ORD-012604,09/11/2025,Heliopolis,AX09,5,1905.0,0.0,VF Cash,C1446
ORD-012629,09/11/2025,Dokki ,AX05,2,2426.0,0.0,CASH,C1860
ORD-012628,09/11/2025,Smouha,AU01,1,6559.0,0.0,CASH,C1278
ORD-012614,09/11/2025,Smouha,AU04,1,1427.0,0.0,installments,C0871
ORD-012627,09/11/2025,Smouha,TV05,1,23722.0,0.0,CASH,C1284
ORD-012623,09/11/2025,Mansoura,KA02,1,3582.0,0.0,CASH,C0855
ORD-012622,09/11/2025,Heliopolis,AU02,1,8973.0,0.0,cash,C1395
ORD-012621,09/11/2025,Miami ,AX12,2,883.0,0.0,VF Cash,C0429
ORD-012620,09/11/2025,Nasr City,SP03,1,56338.0,0.0,installments,C1998
ORD-012619,09/11/2025,6th of October,KA07,2,18025.0,0.0,Visa/Mastercard,C0770
ORD-012618,09/11/2025,Nasr City,AX06,2,1172.0,0.0,credit card,C1578
ORD-012617,09/11/2025,Smouha,TV02,1,26930.0,0.0,cash,C1918
ORD-012616,09/11/2025,6th of October,AX02,1,343.0,0.0,CASH,C0886
ORD-012615,09/11/2025,Dokki,AU05,2,3147.0,0.0,mobile wallet,C0054
ORD-012625,09/11/2025,Miami,AX05,4,2384.0,0.0,Cash,C2162
ORD-012624,09/11/2025,Smouha,TV02,1,26263.0,0.0,Valu/Installments,C2419
ORD-012626,09/11/2025,Mansoura,AX07,1,730.0,0.0,Cash,C2106
ORD-012642,10/11/2025,Dokki,SP07,1,14454.0,0.0,credit card,C1640
ORD-012630,10/11/2025,Maadi,AC01,1,33379.0,0.0,installments,C0631
ORD-012636,10/11/2025,Maadi,TB02,1,13711.0,0.0,cash,
ORD-012631,10/11/2025,Dokki,AX01,1,936.0,0.0,Credit Card,C2067
ORD-012632,10/11/2025,Miami,SP05,1,19361.0,0.0,installments,C0433
ORD-012633,10/11/2025,Dokki,TB03,1,9415.0,0.0,Valu/Installments,
ORD-012635,10/11/2025,Dokki,SP05,1,19481.0,0.0,VF Cash,C0897
ORD-012639,10/11/2025,Smouha,AU05,1,3173.0,0.05,Visa/Mastercard,C1854
ORD-012634,10/11/2025,Smouha,AX12,4,875.0,0.0,Installments,C0533
ORD-012640,10/11/2025,Maadi,KA02,1,3523.0,0.0,CASH,C2104
ORD-012641,10/11/2025,Heliopolis,SP02,1,50881.0,0.0,installments,C0832
ORD-012643,10/11/2025,Smouha,AX04,5,255.0,0.0,cash,C0770
ORD-012644,10/11/2025,Heliopolis ,AX10,5,456.0,0.0,Credit Card,C0282
ORD-012638,10/11/2025,Heliopolis,SP08,1,45482.0,0.05,Installments,C1580
ORD-012637,10/11/2025,Mansoura,LP06,1,21464.0,0.0,Visa/Mastercard,C1490
ORD-012671,11/11/2025,6th of October,TV05,1,24120.0,0.0,credit card,C1768
ORD-012660,11/11/2025,Mansoura,SP05,1,19966.0,0.0,Visa/Mastercard,C1093
ORD-012665,11/11/2025,Mansoura,AU04,2,1478.0,0.0,credit card,C1442
ORD-012658,11/11/2025,Heliopolis,KA08,2,5302.0,0.0,Mobile Wallet,C1888
ORD-012657,11/11/2025,Dokki,AX12,3,880.0,0.0,CASH,C0068
ORD-012662,11/11/2025,Miami,SP06,1,9661.0,0.0,credit card,C1951
ORD-012655,11/11/2025,Heliopolis,LP02,1,43246.0,0.0,installments,C0452
ORD-012654,11/11/2025,Maadi,AX10,5,455.0,0.0,Visa/Mastercard,C0439
ORD-012653,11/11/2025,Maadi,TB01,1,24690.0,0.0,cash,C1889
ORD-012659,11/11/2025,Nasr City,LP04,1,80284.0,0.0,Cash,C0767
ORD-012661,11/11/2025,6th of October,AU03,1,13397.0,0.0,cash,C0118
ORD-012656,11/11/2025,Smouha,AX01,1,976.0,0.0,Cash,C0986
ORD-012663,11/11/2025,Maadi,LP04,1,78914.0,0.0,Visa/Mastercard,C2175
ORD-012649,11/11/2025,Nasr City,KA07,1,18872.0,0.0,VF Cash,C1259
ORD-012666,11/11/2025,Heliopolis,AU01,1,6694.0,0.0,Mobile Wallet,C1088
ORD-012667,11/11/2025,Heliopolis,AX06,3,1137.0,0.0,credit card,C0485
ORD-012668,11/11/2025,Dokki,KA03,2,6753.0,0.0,Cash,C2255
ORD-012650,11/11/2025,Nasr City,TV03,1,14615.0,0.0,CASH,C2365
ORD-012651,11/11/2025,Heliopolis,SP05,1,19563.0,0.0,cash,C0419
ORD-012669,11/11/2025,6th of October,AX04,3,245.0,0.0,cash,C0345
ORD-012652,11/11/2025,Dokki,AU02,2,8759.0,0.0,installments,C0604
ORD-012647,11/11/2025,mansoura,AX02,2,341.0,0.0,Credit Card,C1733
ORD-012646,11/11/2025,Mansoura,SP05,1,19978.0,0.05,credit card,C1139
ORD-012645,11/11/2025,Dokki,AU05,1,3130.0,0.0,Credit Card,
ORD-012648,11/11/2025,Nasr City,AU04,1,1443.0,0.0,credit card,C0673
ORD-012670,11/11/2025,Nasr City,AC06,1,41720.0,0.0,Mobile Wallet,C1452
ORD-012664,11/11/2025,Miami,LP01,1,28620.0,0.0,Installments,C1855
ORD-012687,12/11/2025,6th of October,KA02,2,3687.0,0.0,Visa/Mastercard,C1567
ORD-012685,12/11/2025,Nasr City,AX09,1,1800.0,0.0,CASH,C0401
ORD-012689,12/11/2025,Smouha,AX12,2,880.0,0.0,cash,C0795
ORD-012672,12/11/2025,Nasr City,KA02,2,3649.0,0.0,credit card,C0869
ORD-012683,12/11/2025,Maadi,TB03,1,9598.0,0.0,Credit Card,C1117
ORD-012682,12/11/2025,Maadi,AX11,1,404.0,0.0,CASH,C1808
ORD-012681,12/11/2025,Mansoura,SP05,1,19242.0,0.0,Credit Card,C0218
ORD-012680,12/11/2025,6th of October,AX03,2,563.0,0.0,cash,C1367
ORD-012679,12/11/2025,Heliopolis,LP01,1,28760.0,0.0,installments,
ORD-012678,12/11/2025,Maadi,TV05,1,24651.0,0.0,Credit Card,C2081
ORD-012677,12/11/2025,6th of October,AX04,4,243.0,0.0,Cash,C1765
ORD-012676,12/11/2025,Mansoura,AX02,3,344.0,0.0,mobile wallet,
ORD-012674,12/11/2025,Nasr City,AX08,5,1387.0,0.0,CASH,C1626
ORD-012673,12/11/2025,Smouha,AX12,3,915.0,0.0,Installments,C0617
ORD-012684,12/11/2025,Nasr City,TV05,1,23430.0,0.0,Credit Card,C1515
ORD-012675,12/11/2025,Nasr City,AX04,3,247.0,0.0,Visa/Mastercard,C2057
ORD-012691,12/11/2025,Miami,KA06,2,12409.0,0.0,cash,C0776
ORD-012688,12/11/2025,6th of October,AX11,4,389.0,0.0,CASH,C1731
ORD-012690,12/11/2025,Smouha,AX10,4,456.0,0.0,CASH,C1205
ORD-012694,12/11/2025,6th of October,SP01,1,16942.0,0.0,Visa/Mastercard,C2434
ORD-012692,12/11/2025,Nasr City,LP04,1,76265.0,0.0,Installments,C1650
ORD-012693,12/11/2025,Heliopolis,SP03,1,58717.0,0.0,mobile wallet,C0724
ORD-012695,12/11/2025,Maadi,AU04,2,1416.0,0.0,Cash,C1131
ORD-012686,12/11/2025,Heliopolis,AC06,1,41398.0,0.0,Valu/Installments,C0202
ORD-012709,13/11/2025,6th of October,SP08,1,44996.0,0.0,Credit Card,C0147
ORD-012696,13/11/2025,Maadi,LP01,1,27931.0,0.0,mobile wallet,C2170
ORD-012705,13/11/2025,HELIOPOLIS,AC05,1,38634.0,0.0,Installments,C0455
ORD-012697,13/11/2025,Maadi,TV05,1,24178.0,0.0,Installments,C2489
ORD-012698,13/11/2025,Nasr City,AU01,2,6657.0,0.0,credit card,C2022
ORD-012699,13/11/2025,Miami,KA03,1,6921.0,0.0,VF Cash,C2125
ORD-012704,13/11/2025,Miami,AX03,3,536.0,0.0,Cash,C1020
ORD-012701,13/11/2025,Miami,AX03,3,552.0,0.0,CASH,
ORD-012700,13/11/2025,Dokki,SP01,1,16040.0,0.0,CASH,C1776
ORD-012715,13/11/2025,Dokki,AC04,1,57039.0,0.0,credit card,C0414
ORD-012716,13/11/2025,Mansoura,AX11,5,411.0,0.0,Visa/Mastercard,C1129
ORD-012714,13/11/2025,Maadi,AX11,3,399.0,0.0,credit card,C2180
ORD-012713,13/11/2025,NASR CITY,AC02,1,46091.0,0.0,credit card,C0270
ORD-012712,13/11/2025,Nasr City,AX10,3,453.0,0.0,installments,C0978
ORD-012703,13/11/2025,Nasr City,TV04,1,41713.0,0.0,Cash,C0205
ORD-012710,13/11/2025,Dokki,AX09,4,1802.0,0.0,CASH,C2357
ORD-012708,13/11/2025,Dokki,AX10,3,451.0,0.0,CASH,C0218
ORD-012707,13/11/2025,6th of october,AC05,1,38078.0,0.0,CASH,C0472
ORD-012706,13/11/2025,Dokki,SP02,1,52973.0,0.0,Mobile Wallet,C0900
ORD-012702,13/11/2025,6th of October,KA01,2,4130.0,0.0,Cash,C0448
ORD-012711,13/11/2025,6TH OF OCTOBER,SP05,1,19724.0,0.0,cash,C1091
ORD-012750,14/11/2025,Maadi,AU02,2,8660.0,0.0,Cash,C0053
ORD-012720,14/11/2025,Miami,KA04,2,24506.0,0.0,mobile wallet,C1610
ORD-012717,14/11/2025,Miami,TV05,1,24380.0,0.05,installments,C0928
ORD-012718,14/11/2025,Miami,KA01,1,4317.0,0.0,Cash,C1658
ORD-012719,14/11/2025,Nasr City,KA06,2,12481.0,0.0,Installments,C1606
ORD-012721,14/11/2025,Smouha,AX03,1,549.0,0.0,cash,C0415
ORD-012722,14/11/2025,Dokki,LP06,1,21638.0,0.0,installments,C0901
ORD-012723,14/11/2025,6th of October,LP03,1,31105.0,0.0,Mobile Wallet,C1099
ORD-012746,14/11/2025,HELIOPOLIS,SP07,1,14922.0,0.0,Cash,C1865
ORD-012755,14/11/2025,6th of October,AU04,1,1476.0,0.0,CASH,C0728
ORD-012724,14/11/2025,Maadi,AX11,5,405.0,0.0,CASH,C2029
ORD-012753,14/11/2025,Maadi,SP06,1,,0.0,credit card,C1369
ORD-012752,14/11/2025,Maadi,AX07,3,739.0,0.0,CASH,C1753
ORD-012751,14/11/2025,Mansoura,LP03,1,31214.0,0.0,credit card,C1944
ORD-012749,14/11/2025,Maadi,AC05,1,38085.0,0.0,installments,
ORD-012748,14/11/2025,Smouha,AU04,1,1474.0,0.0,Cash,C0581
ORD-012727,14/11/2025,Heliopolis,SP01,1,16040.0,0.0,credit card,C0834
ORD-012726,14/11/2025,Heliopolis,SP04,1,11491.0,0.0,CASH,C0701
ORD-012754,14/11/2025,Heliopolis,KA07,1,18453.0,0.0,Valu/Installments,C0086
ORD-012745,14/11/2025,Miami,AX09,3,1883.0,0.0,cash,C1361
ORD-012747,14/11/2025,Nasr City,AX11,5,411.0,0.0,Visa/Mastercard,
ORD-012744,14/11/2025,heliopolis,AX08,2,1343.0,0.0,credit card,C0768
ORD-012738,14/11/2025,Mansoura,TV02,1,26074.0,0.0,credit card,C0978
ORD-012739,14/11/2025,Smouha,AX03,2,566.0,0.0,Cash,C0698
ORD-012725,14/11/2025,Nasr City,AU02,2,9079.0,0.0,Cash,C0843
ORD-012743,14/11/2025,Smouha,AX07,2,769.0,0.0,Visa/Mastercard,
ORD-012742,14/11/2025,Mansoura,AX07,4,764.0,0.0,credit card,C0683
ORD-012737,14/11/2025,Mansoura,KA08,1,5327.0,0.0,Installments,C1251
ORD-012741,14/11/2025,Nasr City,AU01,1,6346.0,0.0,cash,C0285
ORD-012735,14/11/2025,Heliopolis,AX10,4,446.0,0.0,CASH,C2062
ORD-012740,14/11/2025,Heliopolis,TV02,1,26285.0,0.0,Valu/Installments,C1291
ORD-012736,14/11/2025,Miami,TB03,1,9750.0,0.0,VF Cash,C1953
ORD-012733,14/11/2025,Heliopolis,AU03,1,13100.0,0.0,credit card,C0387
ORD-012732,14/11/2025,Smouha,AX06,1,1166.0,0.0,cash,C0013
ORD-012731,14/11/2025,Heliopolis,KA01,1,4152.0,0.0,credit card,C1180
ORD-012730,14/11/2025,MIAMI,AX09,1,1852.0,0.0,Installments,C2443
ORD-012729,14/11/2025,Nasr City,AC02,1,46032.0,0.0,Credit Card,C1180
ORD-012728,14/11/2025,Mansoura,TB04,1,17813.0,0.0,Visa/Mastercard,C1424
ORD-012734,14/11/2025,Heliopolis,SP03,1,57181.0,0.0,VF Cash,C0759
ORD-012777,15/11/2025,Dokki,KA02,2,3566.0,0.0,mobile wallet,C2061
ORD-012780,15/11/2025,Miami,AX05,4,2378.0,0.0,Visa/Mastercard,C0385
ORD-012778,15/11/2025,Dokki,AX04,2,246.0,0.0,Credit Card,C0686
ORD-012779,15/11/2025,Mansoura,TV02,1,25848.0,0.0,credit card,C0601
ORD-012781,15/11/2025,heliopolis,AX03,5,555.0,0.0,Mobile Wallet,C0410
ORD-012773,15/11/2025,Heliopolis,SP05,1,19228.0,0.0,CASH,C2324
ORD-012783,15/11/2025,Dokki,AC05,1,38898.0,0.0,CASH,C1375
ORD-012784,15/11/2025,Heliopolis,SP07,1,14818.0,0.0,Visa/Mastercard,C1854
ORD-012756,15/11/2025,Maadi,AC02,1,45443.0,0.0,VF Cash,C1081
ORD-012785,15/11/2025,6th of October,TV04,1,39899.0,0.0,credit card,
ORD-012776,15/11/2025,Mansoura ,SP02,1,51677.0,0.0,Mobile Wallet,C2152
ORD-012782,15/11/2025,Heliopolis,AU01,2,6360.0,0.0,credit card,C1248
ORD-012774,15/11/2025,6th of october,TB03,1,,0.05,installments,C1191
ORD-012766,15/11/2025,6th of October,AX08,1,1322.0,0.0,installments,C1014
ORD-012765,15/11/2025,Maadi,AU03,1,13221.0,0.0,installments,C2001
ORD-012762,15/11/2025,Mansoura,AX05,5,2386.0,0.0,CASH,C1941
ORD-012761,15/11/2025,Nasr City,AX08,1,1386.0,0.0,cash,C1443
ORD-012760,15/11/2025,Nasr City,SP08,1,43827.0,0.0,credit card,C2434
ORD-012759,15/11/2025,Maadi,LP01,1,28998.0,0.0,CASH,C0040
ORD-012757,15/11/2025,6th of October,TB04,1,17745.0,0.0,CASH,C0316
ORD-012786,15/11/2025,Mansoura,AX07,1,762.0,0.0,CASH,C2010
ORD-012758,15/11/2025,6th of October,AC01,1,32845.0,0.0,Visa/Mastercard,C0700
ORD-012772,15/11/2025,Miami,KA01,1,4096.0,0.0,cash,C0072
ORD-012763,15/11/2025,Miami,AX05,3,2414.0,0.0,credit card,C2389
ORD-012764,15/11/2025,Dokki,LP03,1,31060.0,0.0,installments,C0005
ORD-012771,15/11/2025,Mansoura,LP01,1,28538.0,0.0,cash,C0186
ORD-012770,15/11/2025,Smouha,KA07,2,18148.0,0.0,Credit Card,C0449
ORD-012769,15/11/2025,MANSOURA,AX12,5,899.0,0.0,VF Cash,
ORD-012768,15/11/2025,Mansoura,AX10,3,452.0,0.0,VF Cash,
ORD-012767,15/11/2025,6th of October ,SP03,1,58605.0,0.0,Installments,C1936
ORD-012775,15/11/2025,Dokki,AU03,2,13599.0,0.0,installments,C0936
ORD-012789,16/11/2025,Heliopolis,KA05,1,10007.0,0.0,VF Cash,C1055
ORD-012803,16/11/2025,Miami,SP03,1,56428.0,0.0,Valu/Installments,C2128
ORD-012804,16/11/2025,Dokki,AU02,2,8823.0,0.0,installments,C0085
ORD-012809,16/11/2025,Maadi ,AU01,2,6598.0,0.0,Mobile Wallet,C1464
ORD-012808,16/11/2025,Mansoura,AC02,1,45621.0,0.0,credit card,C0581
ORD-012807,16/11/2025,6th of October,KA05,1,9573.0,0.0,Valu/Installments,C0903
ORD-012806,16/11/2025,Smouha,KA04,2,23976.0,0.0,Valu/Installments,C1681
ORD-012788,16/11/2025,Nasr City,AX08,3,1332.0,0.0,CASH,C2236
ORD-012796,16/11/2025,Heliopolis,SP01,1,16248.0,0.0,Mobile Wallet,C1234
ORD-012801,16/11/2025,Maadi,AU03,2,13661.0,0.0,Cash,C0462
ORD-012800,16/11/2025,Mansoura,SP01,1,16404.0,0.0,Cash,C1984
ORD-012798,16/11/2025,nasr city,TV04,1,41934.0,0.0,CASH,C2122
ORD-012787,16/11/2025,Miami,KA08,1,,0.0,installments,C1437
ORD-012797,16/11/2025,Miami,AX11,4,391.0,0.0,Credit Card,C1367
ORD-012799,16/11/2025,Heliopolis,SP01,1,16228.0,0.0,Mobile Wallet,C2441
ORD-012795,16/11/2025,Dokki,AX05,1,2483.0,0.0,credit card,C1445
ORD-012794,16/11/2025,Dokki,SP08,1,46332.0,0.0,Visa/Mastercard,C0056
ORD-012793,16/11/2025,Maadi,AX11,5,411.0,0.0,Mobile Wallet,C1880
ORD-012792,16/11/2025,Dokki,AX07,1,737.0,0.0,Valu/Installments,C1493
ORD-012791,16/11/2025,Smouha,AX12,1,899.0,0.0,Cash,C1039
ORD-012790,16/11/2025,Mansoura,AU05,2,3107.0,0.0,Visa/Mastercard,C1993
ORD-012802,16/11/2025,Miami,TV04,1,42084.0,0.0,Mobile Wallet,C1106
ORD-012805,16/11/2025,Dokki,KA02,1,3629.0,0.0,Mobile Wallet,C0606
ORD-012834,17/11/2025,Heliopolis,AX11,5,395.0,0.0,VF Cash,C1267
ORD-012823,17/11/2025,6th of October,AX07,0,738.0,0.0,Visa/Mastercard,C1841
ORD-012829,17/11/2025,Nasr City,AX11,4,398.0,0.0,mobile wallet,
ORD-012824,17/11/2025,Mansoura,AU01,1,6448.0,0.0,mobile wallet,C2159
ORD-012825,17/11/2025,Nasr City,AU05,2,3279.0,0.0,CASH,C0717
ORD-012827,17/11/2025,Heliopolis,SP02,1,50445.0,0.0,Credit Card,C1429
ORD-012828,17/11/2025,6th of October,AC01,1,33039.0,0.0,Installments,C1357
ORD-012830,17/11/2025,HELIOPOLIS,AX03,3,556.0,0.0,Credit Card,C1602
ORD-012826,17/11/2025,Dokki,AC02,1,45316.0,0.0,Credit Card,C1087
ORD-012835,17/11/2025,Miami,AX05,3,2511.0,0.0,Mobile Wallet,C0781
ORD-012832,17/11/2025,Mansoura,AX12,4,925.0,0.0,VF Cash,C1710
ORD-012833,17/11/2025,Nasr City,AX09,1,1805.0,0.0,installments,C1132
ORD-012816,17/11/2025,6th of October,LP01,1,28284.0,0.0,credit card,C0846
ORD-012819,17/11/2025,Smouha,AX12,1,875.0,0.0,mobile wallet,C1548
ORD-012818,17/11/2025,Mansoura,KA06,1,12175.0,0.0,Cash,C0794
ORD-012817,17/11/2025,Smouha,LP03,1,31729.0,0.0,Valu/Installments,C0366
ORD-012812,17/11/2025,Maadi,AX08,5,1382.0,0.0,Installments,C1001
ORD-012814,17/11/2025,Dokki,KA07,2,18720.0,0.0,Credit Card,C1765
ORD-012821,17/11/2025,Nasr City ,KA05,1,9768.0,0.0,CASH,C1122
ORD-012813,17/11/2025,Smouha,AX05,5,2517.0,0.0,Visa/Mastercard,C2366
ORD-012810,17/11/2025,Smouha,AU05,2,3177.0,0.0,Cash,C2040
RET-000023,17/11/2025,6th of October,LP01,-1,28284.0,0.0,credit card,C0846
ORD-012820,17/11/2025,Nasr City,TB03,1,9775.0,0.0,cash,C0443
ORD-012815,17/11/2025,Nasr City,LP05,1,34455.0,0.0,Visa/Mastercard,C1473
ORD-012822,17/11/2025,Smouha,KA01,2,4304.0,0.05,credit card,C2232
ORD-012831,17/11/2025,Maadi,SP08,1,43752.0,0.0,Installments,C2414
ORD-012811,17/11/2025,Dokki,AX09,4,1824.0,0.0,CASH,C0127
ORD-012839,18/11/2025,Maadi,SP03,1,59358.0,0.0,Valu/Installments,C1407
ORD-012841,18/11/2025,Smouha ,AX03,1,562.0,0.0,installments,C1776
ORD-012840,18/11/2025,Maadi,AU05,1,3129.0,0.0,cash,C0504
ORD-012838,18/11/2025,Smouha,LP06,1,21449.0,0.0,Installments,C2131
ORD-012850,18/11/2025,Dokki,TB02,1,13256.0,0.0,CASH,C0603
ORD-012836,18/11/2025,Maadi,AX05,5,2511.0,0.0,cash,C0169
RET-000048,18/11/2025,Mansoura,AC03,-1,26575.0,0.05,credit card,C1911
ORD-012842,18/11/2025,Heliopolis,AC01,1,34299.0,0.0,Visa/Mastercard,C1864
ORD-012837,18/11/2025,Heliopolis,TB04,1,17298.0,0.0,Installments,C2374
ORD-012843,18/11/2025,Maadi,SP01,1,16659.0,0.0,CASH,C2322
ORD-012852,18/11/2025,6th of October,KA03,1,6950.0,0.05,Credit Card,C0616
ORD-012846,18/11/2025,Smouha,LP01,1,27902.0,0.0,credit card,C1182
ORD-012847,18/11/2025,Dokki,SP07,1,14323.0,0.0,Valu/Installments,C0452
ORD-012848,18/11/2025,Dokki,TB02,1,13507.0,0.0,cash,C0035
ORD-012849,18/11/2025,6th of October,SP05,1,20033.0,0.0,cash,C2044
ORD-012851,18/11/2025,Mansoura,AC03,1,26575.0,0.05,credit card,C1911
ORD-012844,18/11/2025,Smouha,AX08,1,1361.0,0.0,Visa/Mastercard,
ORD-012854,18/11/2025,6th of October,AU04,2,1425.0,0.0,credit card,C1187
ORD-012853,18/11/2025,Smouha,AU02,2,8814.0,0.0,Valu/Installments,C2143
ORD-012845,18/11/2025,Miami,AU04,1,1443.0,0.0,Visa/Mastercard,C1422
ORD-012871,19/11/2025,Mansoura,KA06,1,12149.0,0.0,Installments,C1253
ORD-012870,19/11/2025,Miami,AX01,5,944.0,0.0,Visa/Mastercard,C2001
ORD-012862,19/11/2025,Dokki,LP06,1,22580.0,0.0,Installments,C0064
ORD-012878,19/11/2025,Heliopolis,AX07,2,766.0,0.0,Valu/Installments,C0565
ORD-012863,19/11/2025,Nasr City,AC04,1,58735.0,0.0,installments,C1860
ORD-012869,19/11/2025,Dokki,LP01,1,28858.0,0.0,Installments,C0218
ORD-012877,19/11/2025,Mansoura,SP06,1,9967.0,0.0,mobile wallet,C1030
ORD-012872,19/11/2025,Nasr City,AU03,2,13247.0,0.0,installments,C0021
ORD-012875,19/11/2025,Smouha,AU03,1,13410.0,0.0,Cash,C0003
ORD-012874,19/11/2025,6th of October ,KA03,2,6778.0,0.0,Credit Card,C1443
ORD-012866,19/11/2025,Heliopolis,AX07,1,756.0,0.0,Cash,C1160
ORD-012856,19/11/2025,maadi,SP01,1,16424.0,0.0,installments,C0667
ORD-012857,19/11/2025,Nasr City,AC01,1,33918.0,0.0,Cash,C1244
ORD-012858,19/11/2025,6th of October,KA08,2,5427.0,0.0,Valu/Installments,C1995
ORD-012859,19/11/2025,Dokki,KA02,2,3594.0,0.0,Mobile Wallet,C1181
ORD-012855,19/11/2025,Nasr City,SP07,1,14491.0,0.0,Credit Card,C2287
ORD-012865,19/11/2025,Dokki,KA04,1,25022.0,0.0,credit card,C0891
ORD-012876,19/11/2025,Mansoura,SP06,1,9608.0,0.0,cash,C0205
ORD-012860,19/11/2025,6th of October,AX09,5,1843.0,0.0,installments,C0265
ORD-012868,19/11/2025,Smouha,KA07,2,18016.0,0.0,Installments,C0506
ORD-012864,19/11/2025,Smouha,AX10,5,459.0,0.0,Cash,C0168
ORD-012873,19/11/2025,Dokki,TB02,1,13275.0,0.0,Valu/Installments,C1763
ORD-012867,19/11/2025,6th of October,AX09,4,1795.0,0.0,Mobile Wallet,C2430
ORD-012861,19/11/2025,Nasr City,SP08,1,44501.0,0.0,installments,C1208
ORD-012893,20/11/2025,Miami,LP05,1,35702.0,0.1,Valu/Installments,C1192
ORD-012894,20/11/2025,6th of October,AX07,1,732.0,0.1,Cash,C0897
ORD-012896,20/11/2025,Mansoura,LP03,1,30994.0,0.2,CASH,C1939
ORD-012901,20/11/2025,miami,AU02,2,9046.0,0.1,Credit Card,C1635
ORD-012888,20/11/2025,Smouha,AU05,1,3132.0,0.15,VF Cash,C0585
ORD-012898,20/11/2025,Miami ,AX06,2,1122.0,0.2,Cash,C1019
ORD-012899,20/11/2025,Heliopolis,SP05,1,20035.0,0.15,credit card,C1583
ORD-012900,20/11/2025,Nasr City,LP05,1,36133.0,0.25,Cash,C1731
ORD-012895,20/11/2025,6th of October,TV02,1,26006.0,0.1,Valu/Installments,C0132
ORD-012889,20/11/2025,Miami,AC02,1,47082.0,0.25,credit card,C0806
ORD-012891,20/11/2025,Heliopolis,AU04,2,1462.0,0.15,mobile wallet,C2398
ORD-012904,20/11/2025,Heliopolis,AX09,5,1850.0,0.25,Mobile Wallet,C1071
ORD-012903,20/11/2025,Maadi,LP02,1,41205.0,0.15,Visa/Mastercard,C0402
ORD-012890,20/11/2025,Dokki,KA01,2,,0.15,Visa/Mastercard,C1770
ORD-012902,20/11/2025,6th of October,TV03,1,14256.0,0.1,CASH,
ORD-012879,20/11/2025,Heliopolis,KA07,1,18392.0,0.2,credit card,C1435
ORD-012880,20/11/2025,Maadi,LP02,1,42052.0,0.1,credit card,C1161
ORD-012881,20/11/2025,6th of October,KA04,1,23967.0,0.25,CASH,C2057
ORD-012897,20/11/2025,Heliopolis,KA03,1,6880.0,0.1,credit card,C1453
ORD-012882,20/11/2025,DOKKI,SP04,1,11513.0,0.15,cash,C2297
ORD-012883,20/11/2025,Heliopolis,AU03,1,13171.0,0.15,Cash,
ORD-012884,20/11/2025,Smouha,TV06,1,88770.0,0.1,Mobile Wallet,C0636
ORD-012886,20/11/2025,Smouha,SP07,1,14215.0,0.15,credit card,C0353
ORD-012887,20/11/2025,Heliopolis,TB01,1,24738.0,0.25,installments,C1109
ORD-012888,20/11/2025,Smouha,AU05,1,3132.0,0.15,VF Cash,C0585
ORD-012885,20/11/2025,6th of October,LP06,1,21389.0,0.25,Valu/Installments,
ORD-012892,20/11/2025,Heliopolis,AU05,1,3123.0,0.15,CASH,C0331
ORD-012926,21/11/2025,Nasr City,KA01,2,4161.0,0.15,cash,C2236
ORD-012916,21/11/2025,6th of October,SP05,1,19012.0,0.1,Valu/Installments,C0556
ORD-012929,21/11/2025,Nasr City,TV03,1,14370.0,0.2,mobile wallet,C1790
ORD-012905,21/11/2025,Maadi,AX01,1,933.0,0.15,Installments,C1238
ORD-012906,21/11/2025,Smouha,SP01,1,16751.0,0.2,Visa/Mastercard,C2446
ORD-012907,21/11/2025,Mansoura,AX06,4,1143.0,0.2,cash,C1273
ORD-012909,21/11/2025,Mansoura,TV02,1,25706.0,0.15,installments,C2310
ORD-012910,21/11/2025,Heliopolis,AX10,2,456.0,0.25,installments,C1786
ORD-012911,21/11/2025,Smouha,AC02,1,47046.0,0.2,installments,C1321
ORD-012920,21/11/2025,Heliopolis,SP07,1,14441.0,0.1,Visa/Mastercard,C1234
ORD-012921,21/11/2025,6th of October,TV03,1,14371.0,0.25,CASH,C1250
ORD-012914,21/11/2025,6th of October ,KA08,2,5271.0,0.15,CASH,C0818
ORD-012915,21/11/2025,Heliopolis ,AX07,3,767.0,0.15,Valu/Installments,C1025
ORD-012917,21/11/2025,Nasr City,AX11,1,405.0,0.15,credit card,C1706
ORD-012918,21/11/2025,Smouha,SP01,1,16087.0,0.1,Cash,C2271
ORD-012919,21/11/2025,6th of October,AU02,2,8935.0,0.2,Visa/Mastercard,C0818
ORD-012913,21/11/2025,6th of October,AX02,5,343.0,0.15,cash,C0571
ORD-012912,21/11/2025,Nasr City,AU04,1,1491.0,0.15,credit card,C2369
ORD-012923,21/11/2025,Mansoura,AC03,1,25812.0,0.15,Installments,C1218
ORD-012908,21/11/2025,6th of October,AX02,1,359.0,0.15,Visa/Mastercard,C0710
ORD-012933,21/11/2025,Miami,AU04,1,1468.0,0.25,VF Cash,C1811
ORD-012927,21/11/2025,6th of October,AU02,2,9071.0,0.15,cash,C0752
ORD-012925,21/11/2025,6th of October,AX08,2,1336.0,0.25,cash,C1889
ORD-012922,21/11/2025,6th of October,SP08,1,45795.0,0.2,mobile wallet,C0351
ORD-012928,21/11/2025,Dokki,KA01,1,4314.0,0.15,Valu/Installments,C1540
ORD-012930,21/11/2025,Dokki,SP03,1,58151.0,0.1,Valu/Installments,C0394
ORD-012931,21/11/2025,Dokki,AX07,1,736.0,0.2,Cash,C0568
ORD-012924,21/11/2025,Mansoura,SP06,1,9740.0,0.1,Mobile Wallet,C2322
ORD-012926,21/11/2025,Nasr City,KA01,2,4161.0,0.15,cash,C2236
ORD-012934,21/11/2025,Heliopolis,AX04,2,247.0,0.2,Cash,C1284
ORD-012935,21/11/2025,Nasr City,AX08,3,1318.0,0.1,Installments,C2064
ORD-012936,21/11/2025,Heliopolis,LP05,1,34794.0,0.25,Credit Card,C1465
ORD-012937,21/11/2025,Dokki,SP04,1,11792.0,0.15,cash,
ORD-012938,21/11/2025,Heliopolis,KA02,2,3520.0,0.2,installments,C1919
RET-000039,21/11/2025,Heliopolis,LP05,-1,34794.0,0.25,Credit Card,C1465
ORD-012932,21/11/2025,Dokki,AX04,3,251.0,0.1,credit card,C2157
ORD-012964,22/11/2025,Maadi,KA06,2,12525.0,0.25,mobile wallet,C0220
ORD-012963,22/11/2025,Nasr City,AX08,4,1321.0,0.2,cash,
ORD-012962,22/11/2025,Maadi,AU04,1,1436.0,0.2,Mobile Wallet,C1202
ORD-012961,22/11/2025,Mansoura,SP04,1,11779.0,0.15,CASH,C2317
ORD-012953,22/11/2025,Dokki,KA03,1,6906.0,0.1,CASH,C0576
ORD-012958,22/11/2025,Maadi,AU05,2,3194.0,0.15,credit card,C1529
ORD-012957,22/11/2025,6th of October,AX02,4,358.0,0.25,VF Cash,C2098
ORD-012956,22/11/2025,Smouha,KA07,1,18875.0,0.2,installments,C2378
ORD-012955,22/11/2025,Miami,SP02,1,50675.0,0.1,Valu/Installments,C0994
ORD-012954,22/11/2025,Maadi,AX05,5,2452.0,0.25,Mobile Wallet,C1239
ORD-012959,22/11/2025,6th of October,SP04,1,11173.0,0.15,Installments,C0522
ORD-012946,22/11/2025,Nasr City,AX10,4,449.0,0.25,Visa/Mastercard,C1681
ORD-012945,22/11/2025,Mansoura,SP06,1,9798.0,0.2,Mobile Wallet,
ORD-012950,22/11/2025,Mansoura,AX10,1,451.0,0.1,credit card,C0109
ORD-012944,22/11/2025,Miami,KA06,1,12678.0,0.15,Cash,C1723
ORD-012943,22/11/2025,Nasr City,KA06,2,12503.0,0.2,credit card,C1911
ORD-012951,22/11/2025,Heliopolis,AX08,1,1388.0,0.2,VF Cash,C1725
ORD-012941,22/11/2025,Dokki,SP03,1,57854.0,0.25,Credit Card,C1752
ORD-012940,22/11/2025,Smouha ,AX12,2,916.0,0.2,installments,
ORD-012939,22/11/2025,Miami,AX02,3,,0.25,CASH,C1451
ORD-012952,22/11/2025,Mansoura,SP05,1,19201.0,0.1,cash,C0363
ORD-012960,22/11/2025,Nasr City,AX03,5,556.0,0.2,credit card,C2226
ORD-012942,22/11/2025,6th of October,KA04,2,23828.0,0.1,credit card,
ORD-012949,22/11/2025,Nasr City,AX05,5,2477.0,0.2,cash,C2290
ORD-012948,22/11/2025,Heliopolis,AX04,3,248.0,0.2,Installments,C0114
ORD-012947,22/11/2025,Nasr City,KA08,1,5263.0,0.25,installments,C1890
ORD-012974,23/11/2025,Maadi,AC01,1,32988.0,0.15,Credit Card,C0347
ORD-012989,23/11/2025,6th of October,AX01,5,963.0,0.15,Credit Card,C2395
ORD-012993,23/11/2025,Miami,AU01,1,6510.0,0.1,Cash,C0840
ORD-012987,23/11/2025,Heliopolis,AU05,1,3117.0,0.1,CASH,C0498
ORD-012983,23/11/2025,Maadi,LP01,1,28926.0,0.15,Installments,C2317
ORD-012982,23/11/2025,Nasr City,AX11,2,402.0,0.15,VF Cash,
ORD-012984,23/11/2025,MAADI,TV03,1,14435.0,0.1,credit card,C1973
ORD-012996,23/11/2025,Mansoura,TV02,1,26243.0,0.15,Installments,C0591
ORD-012990,23/11/2025,Miami,AX09,1,1838.0,0.1,CASH,C2093
ORD-012985,23/11/2025,Nasr City,AU01,2,6564.0,0.2,VF Cash,C1358
ORD-012978,23/11/2025,Miami,AU05,1,3212.0,0.1,Visa/Mastercard,C1366
ORD-012971,23/11/2025,Mansoura,TV04,1,41055.0,0.15,mobile wallet,C1886
ORD-012986,23/11/2025,Nasr City,LP02,1,42570.0,0.25,Cash,C0250
ORD-012976,23/11/2025,Heliopolis,AX12,2,905.0,0.2,credit card,C1107
ORD-012991,23/11/2025,Smouha,AX02,1,358.0,0.1,Visa/Mastercard,C0218
ORD-012981,23/11/2025,Mansoura,AU01,2,6475.0,0.15,credit card,C1191
ORD-012973,23/11/2025,Nasr City,AX03,2,566.0,0.25,installments,C0223
ORD-012972,23/11/2025,Miami ,KA01,2,4162.0,0.15,installments,
ORD-012970,23/11/2025,6th of October,TV04,1,40376.0,0.25,Credit Card,C2122
ORD-012979,23/11/2025,Heliopolis,SP07,1,14436.0,0.1,cash,C2435
ORD-012969,23/11/2025,Miami,AX05,4,2464.0,0.1,VF Cash,C1896
ORD-012968,23/11/2025,Nasr City,AX03,4,559.0,0.15,credit card,C0025
ORD-012967,23/11/2025,6th of October,AX02,3,346.0,0.15,CASH,C1651
ORD-012966,23/11/2025,Dokki,SP05,1,19644.0,0.2,cash,C0516
ORD-012965,23/11/2025,Smouha,AU01,1,6678.0,0.2,CASH,C1609
RET-000084,23/11/2025,Smouha,AX02,-1,358.0,0.1,Visa/Mastercard,C0218
ORD-012975,23/11/2025,Heliopolis,LP05,1,36202.0,0.1,CASH,C0225
ORD-012980,23/11/2025,Dokki,AX09,4,1895.0,0.2,credit card,C0399
ORD-012977,23/11/2025,Nasr City,LP04,1,79019.0,0.25,cash,C0439
ORD-012995,23/11/2025,Smouha,AX08,2,1333.0,0.15,Credit Card,C2115
ORD-012994,23/11/2025,Dokki,AU04,2,1473.0,0.1,Cash,
ORD-012992,23/11/2025,Maadi,AX02,5,,0.2,Cash,
ORD-012988,23/11/2025,Nasr City,SP04,1,11556.0,0.15,Valu/Installments,
ORD-013009,24/11/2025,Miami,AX11,4,411.0,0.1,Installments,C0470
ORD-013017,24/11/2025,6th of October,KA06,2,12698.0,0.2,CASH,C1013
ORD-013010,24/11/2025,Smouha,AX12,5,897.0,0.2,cash,C0276
ORD-013008,24/11/2025,Nasr City,LP02,1,42020.0,0.1,Credit Card,C0823
ORD-013007,24/11/2025,Mansoura,SP06,1,9586.0,0.15,Cash,C1987
ORD-013018,24/11/2025,Dokki,AX05,1,2489.0,0.15,Visa/Mastercard,C0837
ORD-013005,24/11/2025,Maadi,AX05,4,2523.0,0.1,credit card,C0027
ORD-013000,24/11/2025,Nasr City,SP05,1,19606.0,0.2,Mobile Wallet,C0559
ORD-013021,24/11/2025,Smouha,AX10,2,446.0,0.15,Cash,C0101
ORD-013019,24/11/2025,Heliopolis,AU03,2,13123.0,0.2,Valu/Installments,C0425
ORD-013020,24/11/2025,6th of October,AX12,5,875.0,0.1,CASH,C1941
ORD-013024,24/11/2025,Dokki,AX11,1,388.0,0.2,Installments,C1601
ORD-013025,24/11/2025,6th of October,AX02,2,360.0,0.2,cash,
ORD-013026,24/11/2025,Maadi,LP02,1,43181.0,0.1,Installments,C0228
ORD-013027,24/11/2025,Heliopolis,TB03,1,9294.0,0.1,Visa/Mastercard,C0499
ORD-013028,24/11/2025,Nasr City,AU02,1,8941.0,0.1,mobile wallet,C1229
ORD-013029,24/11/2025,Mansoura,AC04,1,59607.0,0.15,cash,
ORD-013006,24/11/2025,NASR CITY,AX12,2,894.0,0.1,cash,
ORD-013012,24/11/2025,Dokki,AX06,4,1124.0,0.15,Cash,C0627
ORD-013013,24/11/2025,Heliopolis,TB03,1,9392.0,0.2,installments,C2474
ORD-013014,24/11/2025,Nasr City,AU03,1,13713.0,0.15,Credit Card,C0496
ORD-012999,24/11/2025,miami,AU02,1,9148.0,0.1,mobile wallet,C2029
ORD-013023,24/11/2025,Heliopolis,AX06,3,1171.0,0.15,credit card,C1818
ORD-012997,24/11/2025,6th of October,AU03,1,13713.0,0.1,CASH,C2303
ORD-013001,24/11/2025,Maadi,AC04,1,58186.0,0.15,Valu/Installments,C0916
ORD-012998,24/11/2025,Dokki,SP06,1,9727.0,0.15,Installments,
ORD-013022,24/11/2025,Miami,SP08,1,44267.0,0.25,Mobile Wallet,C2072
ORD-013030,24/11/2025,Mansoura,AX01,2,968.0,0.25,Cash,C1658
ORD-013002,24/11/2025,Nasr City,AX07,4,768.0,0.15,CASH,C0634
ORD-013003,24/11/2025,6th of October,KA01,2,4220.0,0.15,Visa/Mastercard,C1233
ORD-013034,24/11/2025,Smouha,TB03,1,9246.0,0.2,CASH,C2240
ORD-013033,24/11/2025,Miami,SP08,1,46024.0,0.25,installments,C0963
ORD-013032,24/11/2025,Heliopolis,AU02,2,8637.0,0.15,CASH,C0754
ORD-013011,24/11/2025,Heliopolis,SP05,1,19578.0,0.1,Credit Card,C0001
ORD-013016,24/11/2025,Dokki,SP02,1,53409.0,0.1,Installments,C0397
ORD-013015,24/11/2025,Miami,LP06,1,22196.0,0.2,CASH,C2130
ORD-013004,24/11/2025,Maadi,KA07,2,18054.0,0.15,Credit Card,C1274
ORD-013031,24/11/2025,Nasr City,AU01,2,6310.0,0.15,Installments,C1982
ORD-013038,25/11/2025,Maadi,AX02,2,343.0,0.25,mobile wallet,C1771
ORD-013040,25/11/2025,Maadi,AU03,1,13569.0,0.2,Credit Card,C0089
ORD-013053,25/11/2025,Nasr City,AX06,2,1145.0,0.1,CASH,C2412
ORD-013052,25/11/2025,Maadi,TV02,1,26661.0,0.15,Mobile Wallet,C0410
ORD-013051,25/11/2025,Dokki,TB01,1,24119.0,0.15,mobile wallet,C1186
ORD-013050,25/11/2025,6th of October,AX12,3,889.0,0.15,CASH,C1188
ORD-013049,25/11/2025,Miami,LP03,1,31651.0,0.15,CASH,C1968
ORD-013048,25/11/2025,Nasr City,AX08,4,1363.0,0.2,Cash,C1951
ORD-013047,25/11/2025,Dokki,KA01,2,4264.0,0.25,cash,C0821
ORD-013046,25/11/2025,Heliopolis,LP04,1,78302.0,0.15,credit card,C2240
ORD-013044,25/11/2025,6th of October,SP04,1,11214.0,0.1,Cash,C0700
ORD-013043,25/11/2025,Maadi,AX11,1,405.0,0.25,CASH,C0986
ORD-013035,25/11/2025,Nasr City,AX03,3,538.0,0.25,credit card,C1067
ORD-013045,25/11/2025,6th of October,TV02,1,26439.0,0.25,Installments,C2096
ORD-013054,25/11/2025,Nasr City,AC02,1,46808.0,0.25,credit card,C2020
ORD-013037,25/11/2025,Miami ,KA07,2,18307.0,0.2,mobile wallet,C0505
ORD-013036,25/11/2025,Mansoura,LP06,1,21371.0,0.2,Valu/Installments,C1799
ORD-013041,25/11/2025,Mansoura,SP03,1,56309.0,0.15,Credit Card,C0757
ORD-013042,25/11/2025,Mansoura,TV01,1,31308.0,0.15,Valu/Installments,C0581
ORD-013039,25/11/2025,Heliopolis,LP05,1,35680.0,0.1,Credit Card,C0600
ORD-013056,26/11/2025,Mansoura,AX10,2,437.0,0.2,Cash,C1128
ORD-013073,26/11/2025,MIAMI,TV01,1,31429.0,0.15,Visa/Mastercard,
ORD-013068,26/11/2025,mansoura,KA08,2,5532.0,0.1,CASH,C0493
ORD-013069,26/11/2025,Mansoura,AX06,2,1183.0,0.1,Mobile Wallet,C2312
ORD-013070,26/11/2025,Dokki,KA02,2,3498.0,0.25,Visa/Mastercard,C1596
ORD-013071,26/11/2025,Mansoura,SP05,1,19820.0,0.25,Credit Card,C0046
ORD-013063,26/11/2025,Nasr City,AX03,3,557.0,0.1,Mobile Wallet,C1741
ORD-013055,26/11/2025,Miami,TV03,1,14304.0,0.1,Cash,C1505
ORD-013067,26/11/2025,Nasr City,AX11,4,404.0,0.2,CASH,C1873
ORD-013057,26/11/2025,Nasr City,AX04,4,246.0,0.1,Valu/Installments,C1603
ORD-013059,26/11/2025,Maadi,SP04,1,11571.0,0.1,installments,C0440
ORD-013060,26/11/2025,6th of October,LP01,1,28479.0,0.1,installments,C1901
ORD-013061,26/11/2025,Mansoura,AX05,4,2398.0,0.1,CASH,C1708
ORD-013062,26/11/2025,Heliopolis,SP03,1,58813.0,0.25,credit card,
ORD-013064,26/11/2025,Nasr City,KA04,1,24502.0,0.1,installments,C0607
ORD-013074,26/11/2025,Heliopolis,KA07,2,18097.0,0.2,CASH,C1241
ORD-013072,26/11/2025,Maadi,TV03,1,14071.0,0.1,mobile wallet,C2378
ORD-013066,26/11/2025,Nasr City,AU05,2,3174.0,0.1,Visa/Mastercard,C1161
ORD-013065,26/11/2025,Miami,AX10,1,459.0,0.1,CASH,C0115
ORD-013077,26/11/2025,6th of October,AU01,1,6616.0,0.1,mobile wallet,C0175
ORD-013058,26/11/2025,Heliopolis,TB02,1,13326.0,0.1,installments,C1581
ORD-013076,26/11/2025,Nasr City,TB01,1,24757.0,0.1,VF Cash,C1821
ORD-013075,26/11/2025,maadi,AX07,3,751.0,0.2,cash,C0140
ORD-013097,27/11/2025,NASR CITY,AX11,3,401.0,0.25,cash,C2307
ORD-013081,27/11/2025,Nasr City,SP06,1,9934.0,0.1,installments,C1878
ORD-013082,27/11/2025,Nasr City,AX12,1,893.0,0.1,Visa/Mastercard,C1135
ORD-013083,27/11/2025,Dokki,TV02,1,27079.0,0.1,cash,C0038
ORD-013084,27/11/2025,maadi,KA02,1,3500.0,0.25,CASH,C0649
ORD-013085,27/11/2025,Miami,TB01,1,25099.0,0.15,CASH,C1466
ORD-013086,27/11/2025,Miami,KA04,2,24976.0,0.15,Installments,C2051
ORD-013088,27/11/2025,Heliopolis,SP04,1,11833.0,0.2,credit card,C0864
ORD-013089,27/11/2025,Smouha,LP01,1,28242.0,0.1,Installments,C1429
ORD-013091,27/11/2025,6th of October,AX08,2,1313.0,0.15,cash,C1600
ORD-013090,27/11/2025,Mansoura,KA08,2,5405.0,0.1,credit card,C2151
ORD-013096,27/11/2025,Smouha,SP02,1,51865.0,0.15,installments,C1442
ORD-013093,27/11/2025,Nasr City,AX11,1,388.0,0.1,Cash,C0258
ORD-013105,27/11/2025,Miami,KA05,2,9837.0,0.15,Mobile Wallet,C0280
ORD-013092,27/11/2025,Nasr City,TV02,1,25804.0,0.2,Installments,C2102
ORD-013104,27/11/2025,Smouha,AU03,1,13369.0,0.15,CASH,C1614
ORD-013103,27/11/2025,Smouha,KA04,2,24570.0,0.25,Cash,
ORD-013102,27/11/2025,Nasr City,SP05,1,18935.0,0.25,cash,C1241
ORD-013101,27/11/2025,Heliopolis ,LP05,1,34496.0,0.1,credit card,C1141
ORD-013102,27/11/2025,Nasr City,SP05,1,18935.0,0.25,cash,C1241
ORD-013094,27/11/2025,6th of October,SP02,1,51984.0,0.15,cash,C0715
ORD-013100,27/11/2025,nasr city,KA01,1,4122.0,0.2,Mobile Wallet,C0574
ORD-013098,27/11/2025,Nasr City,AX05,3,2448.0,0.2,installments,C1390
ORD-013099,27/11/2025,Heliopolis,TV03,1,,0.2,credit card,C1883
ORD-013095,27/11/2025,Nasr City,AX08,3,1341.0,0.2,Cash,C0621
ORD-013087,27/11/2025,Dokki,AX04,3,244.0,0.15,Mobile Wallet,C2062
ORD-013080,27/11/2025,Miami,SP02,1,52464.0,0.1,Cash,C1917
ORD-013078,27/11/2025,Heliopolis,TV02,1,25897.0,0.2,CASH,C1453
ORD-013079,27/11/2025,Mansoura,SP03,1,59717.0,0.25,Mobile Wallet,C0571
ORD-013107,28/11/2025,Smouha,LP05,1,35066.0,0.1,installments,C1543
ORD-013135,28/11/2025,Smouha,AC05,1,38302.0,0.15,CASH,C1326
ORD-013124,28/11/2025,Dokki,KA02,2,3649.0,0.1,Mobile Wallet,C1654
ORD-013134,28/11/2025,Heliopolis,AU01,1,6370.0,0.1,installments,C1952
ORD-013133,28/11/2025,Mansoura,AU02,1,8689.0,0.2,mobile wallet,C2046
ORD-013132,28/11/2025,Nasr City,AX02,1,,0.15,Installments,C0436
ORD-013131,28/11/2025,6TH OF OCTOBER,AX11,1,389.0,0.15,VF Cash,
ORD-013130,28/11/2025,Heliopolis,AU05,2,3130.0,0.2,Cash,C0396
ORD-013129,28/11/2025,Heliopolis,SP01,1,16019.0,0.1,Credit Card,C0950
ORD-013128,28/11/2025,Mansoura,AX10,1,459.0,0.25,cash,C0652
ORD-013127,28/11/2025,Maadi,SP04,1,11782.0,0.1,Mobile Wallet,C0121
ORD-013126,28/11/2025,Mansoura,TV01,1,32855.0,0.2,Credit Card,C0185
ORD-013125,28/11/2025,Nasr City,AX07,1,736.0,0.1,cash,C0277
ORD-013123,28/11/2025,Nasr City,TV01,1,32095.0,0.15,Credit Card,C2395
ORD-013122,28/11/2025,Nasr City,LP06,1,22044.0,0.2,VF Cash,C1426
ORD-013121,28/11/2025,Nasr City,KA08,1,5258.0,0.2,CASH,C2379
ORD-013120,28/11/2025,Nasr City,SP03,1,57592.0,0.15,Visa/Mastercard,C2412
ORD-013111,28/11/2025,Mansoura,KA06,2,12510.0,0.1,CASH,C0739
ORD-013117,28/11/2025,Nasr City,KA03,2,6805.0,0.2,credit card,C0531
ORD-013116,28/11/2025,Smouha,TV02,1,25847.0,0.15,installments,C1062
ORD-013115,28/11/2025,Nasr City,KA01,2,4290.0,0.1,cash,C2153
ORD-013114,28/11/2025,6th of October,SP03,1,56447.0,0.15,CASH,C2077
ORD-013113,28/11/2025,6th of October,SP07,1,14765.0,0.1,CASH,C2360
ORD-013112,28/11/2025,Nasr City,LP04,1,76945.0,0.1,credit card,
ORD-013118,28/11/2025,Heliopolis,KA02,1,3526.0,0.2,cash,
ORD-013110,28/11/2025,6th of October,KA07,2,18899.0,0.1,Visa/Mastercard,C2482
ORD-013109,28/11/2025,Maadi,KA02,1,3681.0,0.15,Cash,C1933
ORD-013108,28/11/2025,Nasr City,SP07,1,14162.0,0.2,credit card,
ORD-013106,28/11/2025,6th of October,AX02,5,357.0,0.15,mobile wallet,C1982
ORD-013119,28/11/2025,Miami,AX03,3,550.0,0.1,mobile wallet,C1328
ORD-013148,29/11/2025,heliopolis,LP02,1,43193.0,0.25,Valu/Installments,
ORD-013144,29/11/2025,Dokki,SP01,1,16382.0,0.1,credit card,C1026
ORD-013139,29/11/2025,Smouha,TV03,1,14361.0,0.2,CASH,C0713
ORD-013148,29/11/2025,heliopolis,LP02,1,43193.0,0.25,Valu/Installments,
ORD-013137,29/11/2025,Heliopolis,AX05,4,2501.0,0.15,Visa/Mastercard,C0970
ORD-013138,29/11/2025,Mansoura,TV03,1,14533.0,0.1,Installments,C0432
ORD-013140,29/11/2025,Nasr City,TB04,1,17132.0,0.15,cash,C1574
ORD-013141,29/11/2025,Heliopolis,AX04,4,253.0,0.25,Valu/Installments,C1721
ORD-013142,29/11/2025,6th of October,SP06,1,9585.0,0.2,CASH,C0264
ORD-013143,29/11/2025,Dokki,AU04,2,1414.0,0.25,Cash,C0254
ORD-013144,29/11/2025,Dokki,SP01,1,16382.0,0.1,credit card,C1026
ORD-013145,29/11/2025,Mansoura,LP02,1,42476.0,0.1,Cash,C0469
ORD-013146,29/11/2025,6th of October,AC06,1,41847.0,0.1,Valu/Installments,C0154
ORD-013147,29/11/2025,6th of October,AU03,2,13365.0,0.2,Visa/Mastercard,C0299
ORD-013136,29/11/2025,NASR CITY,TV04,1,40417.0,0.15,Installments,C0949
ORD-013156,29/11/2025,Heliopolis,SP06,1,9696.0,0.25,credit card,C1842
ORD-013149,29/11/2025,Dokki,KA01,2,4156.0,0.15,Visa/Mastercard,C1809
ORD-013159,29/11/2025,Mansoura,AU04,2,1486.0,0.15,Credit Card,C2351
ORD-013158,29/11/2025,Maadi,AC01,1,32638.0,0.25,cash,C0546
ORD-013157,29/11/2025,Nasr City,SP03,1,58174.0,0.2,cash,C1547
ORD-013152,29/11/2025,Smouha,AC01,1,32855.0,0.25,Valu/Installments,C0121
ORD-013155,29/11/2025,Maadi,SP07,1,14809.0,0.15,Installments,C0441
ORD-013150,29/11/2025,Maadi,AX02,4,351.0,0.15,Cash,C1534
ORD-013151,29/11/2025,Dokki,LP05,1,35201.0,0.15,CASH,C2485
ORD-013154,29/11/2025,Dokki,TV04,1,40267.0,0.15,VF Cash,C1316
ORD-013153,29/11/2025,Nasr City,KA02,2,3582.0,0.2,Installments,C0713
ORD-013160,29/11/2025,Miami,AX03,1,535.0,0.15,Installments,C2280
RET-000129,29/11/2025,6th of October,AU03,-2,13365.0,0.2,Visa/Mastercard,C0299
ORD-013173,30/11/2025,Dokki,AX04,4,252.0,0.2,Valu/Installments,C2165
ORD-013168,30/11/2025,Nasr City,SP06,1,10074.0,0.25,cash,
ORD-013181,30/11/2025,Smouha,AX06,5,1177.0,0.15,credit card,C0137
ORD-013179,30/11/2025,Smouha,AC06,1,42177.0,0.1,Installments,C0834
ORD-013172,30/11/2025,Heliopolis,AX07,3,733.0,0.1,VF Cash,C1778
ORD-013171,30/11/2025,Miami,AC06,1,42616.0,0.1,Credit Card,C0664
ORD-013170,30/11/2025,Nasr City,AX04,2,255.0,0.15,CASH,C0825
ORD-013169,30/11/2025,Heliopolis,KA05,2,10090.0,0.1,Installments,C0924
ORD-013163,30/11/2025,6th of October,SP06,1,10020.0,0.2,mobile wallet,C1035
ORD-013167,30/11/2025,Miami,AX04,4,257.0,0.1,credit card,C1172
ORD-013166,30/11/2025,Dokki,KA07,2,19019.0,0.15,CASH,C1793
ORD-013164,30/11/2025,6th of October,SP03,1,59069.0,0.15,Cash,
ORD-013175,30/11/2025,6th of October,AU04,1,1447.0,0.15,VF Cash,C0353
ORD-013162,30/11/2025,6th of October,AX12,1,880.0,0.1,VF Cash,C0802
ORD-013161,30/11/2025,6th of October,KA03,1,6702.0,0.25,Visa/Mastercard,C0819
ORD-013174,30/11/2025,Miami,AU05,2,3287.0,0.15,installments,C0788
ORD-013165,30/11/2025,Maadi,AX07,1,747.0,0.15,Installments,C2012
ORD-013184,30/11/2025,6th of October,AU04,2,1407.0,0.25,cash,C1473
ORD-013190,30/11/2025,Dokki,SP04,1,11165.0,0.1,Credit Card,C1396
ORD-013177,30/11/2025,Maadi,AX02,4,357.0,0.15,CASH,C0100
ORD-013188,30/11/2025,Heliopolis,AX06,3,1121.0,0.25,Installments,C2239
ORD-013187,30/11/2025,NASR CITY,TB04,1,17551.0,0.1,Credit Card,C2328
ORD-013186,30/11/2025,Mansoura,TV03,1,14737.0,0.15,Cash,
ORD-013185,30/11/2025,Dokki,AX08,5,1325.0,0.15,Credit Card,C1672
ORD-013189,30/11/2025,Miami,AU02,1,9047.0,0.2,cash,C0295
ORD-013183,30/11/2025,NASR CITY,SP04,1,11785.0,0.1,Visa/Mastercard,C0022
ORD-013182,30/11/2025,Miami ,AU03,1,13426.0,0.15,Credit Card,C0576
ORD-013178,30/11/2025,6th of October,KA04,2,24974.0,0.1,Mobile Wallet,C0395
ORD-013180,30/11/2025,Maadi,AU01,2,6422.0,0.1,Credit Card,
ORD-013176,30/11/2025,Smouha,AX05,4,2429.0,0.2,Installments,C2385
ORD-013192,01/12/2025,6th of October,KA08,1,5445.0,0.0,cash,C2164
ORD-013203,01/12/2025,Dokki,AU01,2,6459.0,0.0,Credit Card,C0565
ORD-013198,01/12/2025,Heliopolis,AC01,1,33573.0,0.0,installments,C1941
ORD-013197,01/12/2025,Maadi,AX02,4,353.0,0.0,Cash,C2337
ORD-013201,01/12/2025,Dokki,AX06,2,1183.0,0.0,credit card,C1461
ORD-013192,01/12/2025,6th of October,KA08,1,5445.0,0.0,cash,C2164
ORD-013193,01/12/2025,Mansoura,AU05,1,3204.0,0.0,CASH,
ORD-013194,01/12/2025,6th of October,TV03,1,14187.0,0.0,Cash,C2033
ORD-013196,01/12/2025,Maadi,AX07,5,754.0,0.0,Cash,C0850
ORD-013199,01/12/2025,Smouha,AX01,4,960.0,0.0,Credit Card,C2052
ORD-013200,01/12/2025,Miami,SP04,1,11293.0,0.0,credit card,C1443
ORD-013195,01/12/2025,Nasr City,AX10,4,462.0,0.0,credit card,C0779
ORD-013202,01/12/2025,6th of October,KA02,1,3572.0,0.0,CASH,C2289
ORD-013210,01/12/2025,Mansoura,TB02,1,13185.0,0.0,Credit Card,C2332
ORD-013191,01/12/2025,Maadi,KA05,2,9976.0,0.0,credit card,C0760
ORD-013209,01/12/2025,Mansoura,AU02,2,8927.0,0.0,credit card,C0291
ORD-013208,01/12/2025,Miami,TV03,1,14384.0,0.0,CASH,C1541
ORD-013211,01/12/2025,Dokki,KA06,1,12827.0,0.0,Cash,C0321
ORD-013206,01/12/2025,Maadi,AX11,1,393.0,0.0,credit card,
ORD-013205,01/12/2025,Mansoura,AX11,5,395.0,0.0,credit card,C1798
ORD-013204,01/12/2025,Smouha,AC05,1,37544.0,0.0,installments,C0276
ORD-013207,01/12/2025,Dokki,AX04,5,253.0,0.0,Cash,C1752
ORD-013214,02/12/2025,Maadi,AX04,3,246.0,0.0,credit card,C1222
ORD-013223,02/12/2025,Dokki,SP02,1,53148.0,0.0,Installments,C0093
ORD-013222,02/12/2025,Dokki,AX06,4,1143.0,0.0,mobile wallet,C1356
ORD-013221,02/12/2025,Nasr City,AX07,5,733.0,0.0,Visa/Mastercard,C2215
ORD-013220,02/12/2025,Nasr City,AX07,4,766.0,0.0,CASH,C2464
ORD-013219,02/12/2025,Mansoura,AX11,2,393.0,0.0,credit card,C0211
ORD-013224,02/12/2025,Maadi,LP02,1,41346.0,0.0,Credit Card,C0918
ORD-013230,02/12/2025,Nasr City,KA01,2,4182.0,0.0,Visa/Mastercard,C0647
ORD-013216,02/12/2025,Miami,LP03,1,30159.0,0.0,Cash,C0484
ORD-013215,02/12/2025,Dokki,KA06,1,12281.0,0.0,Valu/Installments,C0414
ORD-013213,02/12/2025,Maadi,AX11,1,399.0,0.0,installments,C2119
ORD-013212,02/12/2025,Heliopolis,AC06,1,41656.0,0.0,Valu/Installments,C0521
ORD-013225,02/12/2025,Nasr City,LP06,1,22253.0,0.0,Credit Card,C1188
ORD-013226,02/12/2025,Mansoura,TB01,1,23964.0,0.0,installments,C1030
ORD-013227,02/12/2025,Miami,KA03,1,6972.0,0.0,CASH,C1600
ORD-013229,02/12/2025,Heliopolis,LP01,1,28950.0,0.0,Credit Card,C0279
ORD-013232,02/12/2025,6th of October,AX06,2,1166.0,0.0,Credit Card,C0307
ORD-013230,02/12/2025,Nasr City,KA01,2,4182.0,0.0,Visa/Mastercard,C0647
ORD-013231,02/12/2025,6th of October,SP08,1,44669.0,0.0,installments,C1180
ORD-013228,02/12/2025,Maadi,SP07,1,14564.0,0.0,installments,C1466
ORD-013233,02/12/2025,Heliopolis,KA01,2,4142.0,0.0,credit card,C2189
ORD-013217,02/12/2025,Smouha,AX10,5,457.0,0.0,CASH,C2043
ORD-013218,02/12/2025,Nasr City,KA04,1,24566.0,0.0,Visa/Mastercard,C0945
ORD-013247,03/12/2025,Nasr City,SP08,1,,0.0,Valu/Installments,C2388
ORD-013245,03/12/2025,Miami,TB01,1,24306.0,0.05,Installments,
ORD-013252,03/12/2025,Heliopolis,AU02,2,,0.0,Visa/Mastercard,C1385
ORD-013253,03/12/2025,Smouha,AX03,1,544.0,0.0,cash,
ORD-013254,03/12/2025,Smouha,TV02,1,26981.0,0.0,Valu/Installments,C1727
ORD-013255,03/12/2025,Smouha,LP04,1,77888.0,0.0,Credit Card,C1069
ORD-013257,03/12/2025,Heliopolis,KA06,2,12684.0,0.0,Cash,C1371
ORD-013251,03/12/2025,Miami,AC03,1,26636.0,0.0,Credit Card,C0133
ORD-013258,03/12/2025,Dokki,AX12,2,908.0,0.0,VF Cash,C0244
ORD-013235,03/12/2025,Nasr City,AX12,1,903.0,0.0,Cash,C0989
ORD-013256,03/12/2025,Heliopolis,AX04,5,255.0,0.0,Credit Card,C0822
ORD-013250,03/12/2025,Miami,AX01,1,948.0,0.0,cash,C0123
ORD-013249,03/12/2025,Heliopolis,LP04,1,76092.0,0.0,Credit Card,C1078
ORD-013234,03/12/2025,6th of October,KA08,1,5256.0,0.0,installments,C2357
ORD-013239,03/12/2025,Dokki ,AC02,1,46310.0,0.0,cash,C1279
ORD-013246,03/12/2025,Maadi,AX11,3,399.0,0.0,Cash,C0455
ORD-013236,03/12/2025,nasr city,AU04,2,1427.0,0.0,Credit Card,C2121
ORD-013237,03/12/2025,Mansoura,SP08,1,45562.0,0.05,installments,
ORD-013238,03/12/2025,Smouha,KA03,2,6969.0,0.0,CASH,C2049
ORD-013248,03/12/2025,Dokki,AC03,1,25282.0,0.0,installments,C1930
ORD-013244,03/12/2025,Mansoura,AX06,5,1162.0,0.0,Installments,C2237
ORD-013241,03/12/2025,Maadi,SP05,1,19080.0,0.0,Valu/Installments,
ORD-013242,03/12/2025,Dokki,SP06,1,10002.0,0.0,credit card,C0233
ORD-013243,03/12/2025,Mansoura,SP06,1,9955.0,0.0,VF Cash,
ORD-013240,03/12/2025,Mansoura,AX10,5,445.0,0.0,cash,C1636
ORD-013270,04/12/2025,Dokki,KA05,2,10028.0,0.0,Credit Card,C0145
ORD-013263,04/12/2025,6th of October,TB04,1,17982.0,0.0,CASH,C0256
ORD-013265,04/12/2025,Maadi,KA07,1,18104.0,0.0,Visa/Mastercard,C2022
ORD-013266,04/12/2025,Heliopolis,AU03,1,13508.0,0.0,installments,
ORD-013264,04/12/2025,Dokki,KA06,2,12294.0,0.0,Installments,C0966
ORD-013261,04/12/2025,6th of October,AC03,1,26184.0,0.0,Visa/Mastercard,C2241
ORD-013262,04/12/2025,Mansoura,AX11,2,388.0,0.0,cash,C1351
ORD-013259,04/12/2025,6th of October,AX05,2,2380.0,0.0,CASH,C0571
ORD-013267,04/12/2025,Smouha,TV04,1,40253.0,0.0,Valu/Installments,C0299
ORD-013260,04/12/2025,6th of October,TV01,1,31435.0,0.0,Valu/Installments,C0837
RET-000045,04/12/2025,6th of October,TV01,-1,31435.0,0.0,Valu/Installments,C0837
ORD-013269,04/12/2025,Heliopolis,SP02,1,51781.0,0.0,Mobile Wallet,C2499
ORD-013272,04/12/2025,Mansoura,AX03,2,556.0,0.0,VF Cash,C0290
ORD-013273,04/12/2025,Heliopolis,SP04,1,11456.0,0.0,CASH,C1705
ORD-013268,04/12/2025,Heliopolis,TB03,1,9436.0,0.0,Visa/Mastercard,C2310
ORD-013271,04/12/2025,Heliopolis,AX04,2,245.0,0.0,cash,C1417
ORD-013284,05/12/2025,Heliopolis,KA01,1,4217.0,0.05,VF Cash,C2080
ORD-013285,05/12/2025,Mansoura,KA03,1,6863.0,0.0,credit card,C0923
ORD-013283,05/12/2025,Nasr City,AU03,1,13720.0,0.05,mobile wallet,C2035
ORD-013281,05/12/2025,6th of October,TV02,1,25973.0,0.0,installments,C0427
ORD-013291,05/12/2025,mansoura,KA04,1,24468.0,0.0,Mobile Wallet,
ORD-013293,05/12/2025,Nasr City,TV04,1,,0.0,Credit Card,C0227
ORD-013292,05/12/2025,Miami,AU02,2,8808.0,0.0,Cash,C0088
ORD-013290,05/12/2025,Dokki,AC05,1,37428.0,0.0,Credit Card,C0933
ORD-013294,05/12/2025,Miami,TB04,1,17477.0,0.0,cash,C0108
ORD-013295,05/12/2025,Maadi,SP06,1,9589.0,0.0,CASH,C0804
ORD-013288,05/12/2025,Maadi,TV05,1,24236.0,0.0,cash,C1957
ORD-013282,05/12/2025,Smouha,KA08,1,5279.0,0.0,Mobile Wallet,C0146
ORD-013289,05/12/2025,Heliopolis,AX01,4,963.0,0.0,installments,C1243
ORD-013287,05/12/2025,Maadi,SP07,1,14610.0,0.0,Cash,C1768
ORD-013279,05/12/2025,Smouha,SP04,1,11685.0,0.0,Credit Card,C1109
ORD-013274,05/12/2025,Mansoura,AX07,4,753.0,0.0,Visa/Mastercard,C2451
ORD-013275,05/12/2025,Heliopolis,AU02,2,9148.0,0.0,Cash,C0331
ORD-013276,05/12/2025,Heliopolis,SP03,1,58507.0,0.0,Cash,C2259
ORD-013278,05/12/2025,Heliopolis,AX07,2,731.0,0.0,cash,C0531
ORD-013280,05/12/2025,Dokki,SP01,1,16834.0,0.05,Visa/Mastercard,C0171
ORD-013286,05/12/2025,Miami,TV05,1,24194.0,0.0,Installments,C1435
ORD-013277,05/12/2025,Nasr City,LP02,1,40962.0,0.0,Valu/Installments,C1962
ORD-013312,06/12/2025,Heliopolis,TB02,1,13725.0,0.0,Valu/Installments,C1794
ORD-013313,06/12/2025,6th of October,KA01,1,4111.0,0.0,Cash,C0484
RET-000128,06/12/2025,Smouha,TV02,-1,27171.0,0.0,CASH,C1761
ORD-013324,06/12/2025,Dokki,KA07,1,18695.0,0.0,Credit Card,C0377
ORD-013323,06/12/2025,6th of October,AX04,1,253.0,0.0,Installments,C0951
ORD-013322,06/12/2025,Maadi,TB03,1,9746.0,0.0,VF Cash,C0976
ORD-013321,06/12/2025,dokki,TV04,1,42211.0,0.0,Valu/Installments,C0238
ORD-013320,06/12/2025,Mansoura,AX03,5,565.0,0.0,Mobile Wallet,
ORD-013318,06/12/2025,6th of October,KA02,1,3562.0,0.0,credit card,C1789
ORD-013314,06/12/2025,MANSOURA,AX04,3,252.0,0.0,credit card,C1507
ORD-013317,06/12/2025,Smouha,AX11,4,410.0,0.0,Cash,C1406
ORD-013315,06/12/2025,Miami,AX05,3,2403.0,0.0,VF Cash,C1441
ORD-013308,06/12/2025,Heliopolis,AX03,1,545.0,0.0,CASH,C2251
ORD-013307,06/12/2025,Maadi,KA06,1,12519.0,0.0,CASH,C1749
ORD-013306,06/12/2025,Smouha,TV02,1,27171.0,0.0,CASH,C1761
ORD-013305,06/12/2025,Nasr City,AX07,3,745.0,0.0,credit card,C0513
ORD-013304,06/12/2025,Miami,LP02,1,42357.0,0.0,credit card,C1546
ORD-013303,06/12/2025,Dokki,AX01,5,942.0,0.0,mobile wallet,C1586
ORD-013316,06/12/2025,Smouha,KA02,1,3640.0,0.0,Mobile Wallet,C0794
ORD-013301,06/12/2025,Nasr City,AX08,2,1343.0,0.0,Credit Card,C1975
ORD-013300,06/12/2025,Smouha ,AX09,4,1836.0,0.0,CASH,C2264
ORD-013302,06/12/2025,Nasr City,LP05,1,35632.0,0.0,Visa/Mastercard,C0214
ORD-013298,06/12/2025,Smouha,SP03,1,58286.0,0.05,Cash,C1554
ORD-013297,06/12/2025,6th of October,AX05,4,2416.0,0.0,VF Cash,C2491
ORD-013310,06/12/2025,Dokki,AX09,1,1868.0,0.0,Cash,
ORD-013296,06/12/2025,Smouha,LP03,1,31917.0,0.0,Installments,C2189
ORD-013309,06/12/2025,Mansoura ,AU01,2,6347.0,0.0,credit card,C0565
ORD-013319,06/12/2025,Miami,SP01,1,16175.0,0.0,Visa/Mastercard,
ORD-013311,06/12/2025,Heliopolis,AU03,2,13778.0,0.0,Credit Card,C0474
ORD-013299,06/12/2025,Smouha,AX02,1,356.0,0.0,VF Cash,C0075
ORD-013334,07/12/2025,Dokki,AX03,5,535.0,0.0,mobile wallet,C0233
ORD-013325,07/12/2025,Miami,AX01,5,,0.0,Cash,C2411
ORD-013326,07/12/2025,Dokki,SP04,1,11300.0,0.0,Installments,C0042
ORD-013328,07/12/2025,Mansoura,AC04,1,58624.0,0.0,Cash,C1692
ORD-013329,07/12/2025,6th of October,AX01,5,956.0,0.0,credit card,C2197
ORD-013339,07/12/2025,Maadi,LP05,1,36112.0,0.0,Visa/Mastercard,C1797
ORD-013332,07/12/2025,Smouha,AX03,4,561.0,0.0,installments,C0062
ORD-013331,07/12/2025,Maadi,KA05,2,9906.0,0.0,cash,C0188
ORD-013333,07/12/2025,6th of October ,AU02,2,9121.0,0.0,Cash,C1024
ORD-013335,07/12/2025,Mansoura,LP02,1,41215.0,0.0,Visa/Mastercard,
ORD-013336,07/12/2025,Maadi,SP05,1,19526.0,0.0,installments,C0314
ORD-013337,07/12/2025,Miami,AX03,5,,0.0,VF Cash,C0233
ORD-013338,07/12/2025,Dokki,AC04,1,58747.0,0.05,Credit Card,C0520
ORD-013327,07/12/2025,Nasr City,AC04,1,57276.0,0.0,mobile wallet,C0931
ORD-013330,07/12/2025,6th of October,LP02,1,41592.0,0.0,Visa/Mastercard,C2327
ORD-013340,07/12/2025,Smouha,LP06,1,22234.0,0.0,CASH,C0740
ORD-013349,08/12/2025,Mansoura,KA03,2,6715.0,0.0,Mobile Wallet,C2483
ORD-013341,08/12/2025,Maadi,AX03,4,537.0,0.0,cash,C1158
ORD-013355,08/12/2025,Smouha,AU03,1,13533.0,0.0,Installments,C1025
ORD-013351,08/12/2025,6th of October,AX04,4,255.0,0.0,Installments,C1961
ORD-013350,08/12/2025,Nasr City,TV03,1,14109.0,0.0,Visa/Mastercard,C1630
ORD-013354,08/12/2025,6th of October,SP01,1,16511.0,0.0,installments,C0313
ORD-013352,08/12/2025,Miami,KA08,1,5303.0,0.0,credit card,C0502
ORD-013356,08/12/2025,6th of October,AX03,4,565.0,0.0,credit card,C2227
ORD-013348,08/12/2025,Smouha,AU04,1,1419.0,0.0,Cash,C0532
ORD-013357,08/12/2025,Miami,AX11,4,400.0,0.0,VF Cash,
ORD-013346,08/12/2025,Mansoura,SP02,1,51185.0,0.0,installments,C1001
ORD-013345,08/12/2025,Miami,AU04,2,1473.0,0.0,Cash,C2468
ORD-013347,08/12/2025,Smouha,AX12,4,874.0,0.0,Credit Card,C1198
ORD-013344,08/12/2025,Miami,AX10,5,454.0,0.0,CASH,C1433
ORD-013343,08/12/2025,Heliopolis,SP08,1,43669.0,0.0,Valu/Installments,C1287
ORD-013342,08/12/2025,Miami,KA03,2,6935.0,0.0,cash,C0180
ORD-013358,08/12/2025,Dokki,AX10,1,456.0,0.0,Installments,C0844
ORD-013353,08/12/2025,Nasr City,AU05,2,3228.0,0.0,credit card,C0315
ORD-013371,09/12/2025,Dokki,AX07,3,767.0,0.0,Valu/Installments,C2218
ORD-013361,09/12/2025,Nasr City,LP02,1,43227.0,0.0,Mobile Wallet,C0903
ORD-013370,09/12/2025,Miami,KA08,2,5510.0,0.0,Visa/Mastercard,C1307
ORD-013369,09/12/2025,heliopolis,SP04,1,11473.0,0.0,cash,C1096
ORD-013368,09/12/2025,Miami,AX07,1,734.0,0.0,CASH,C2158
ORD-013365,09/12/2025,Dokki,AX06,1,1119.0,0.0,VF Cash,C2259
ORD-013364,09/12/2025,Smouha,AU05,1,3229.0,0.0,Cash,C1503
ORD-013373,09/12/2025,Dokki,AU02,2,8879.0,0.0,CASH,
ORD-013362,09/12/2025,6th of October,LP05,1,36179.0,0.0,CASH,C1817
ORD-013372,09/12/2025,Miami,AX05,3,2423.0,0.0,CASH,C2063
ORD-013363,09/12/2025,Smouha,AC03,1,26281.0,0.0,Valu/Installments,C1240
ORD-013359,09/12/2025,Mansoura,AU05,2,3257.0,0.0,CASH,C2028
ORD-013367,09/12/2025,MIAMI,AX03,5,565.0,0.0,Visa/Mastercard,C1001
ORD-013366,09/12/2025,Dokki,SP06,1,10009.0,0.0,mobile wallet,C1199
ORD-013374,09/12/2025,Nasr City,AX05,3,2449.0,0.05,cash,C0428
ORD-013375,09/12/2025,Dokki,LP03,1,30690.0,0.0,Installments,C0222
ORD-013376,09/12/2025,mansoura,AU03,1,13267.0,0.0,Mobile Wallet,C1420
ORD-013377,09/12/2025,Smouha,LP04,1,78614.0,0.0,Visa/Mastercard,C1683
ORD-013360,09/12/2025,Heliopolis,AC06,1,41012.0,0.0,Visa/Mastercard,C1463
ORD-013390,10/12/2025,Nasr City,KA08,1,5445.0,0.0,Cash,C1526
ORD-013392,10/12/2025,Mansoura,AX05,2,2486.0,0.0,Credit Card,C0147
ORD-013389,10/12/2025,Heliopolis,KA06,1,12284.0,0.0,Cash,
ORD-013387,10/12/2025,6th of October,AU05,1,3214.0,0.0,Mobile Wallet,C0864
ORD-013390,10/12/2025,Nasr City,KA08,1,5445.0,0.0,Cash,C1526
ORD-013388,10/12/2025,Dokki,TB04,1,17363.0,0.0,cash,C0503
ORD-013382,10/12/2025,Miami,SP03,1,58656.0,0.0,credit card,C0562
ORD-013386,10/12/2025,Dokki,AX04,2,257.0,0.0,Valu/Installments,C2265
ORD-013385,10/12/2025,Maadi,KA03,1,6841.0,0.0,cash,C1250
ORD-013391,10/12/2025,Smouha,AU05,1,3260.0,0.0,Valu/Installments,C0582
ORD-013393,10/12/2025,Maadi,AX04,4,257.0,0.0,Mobile Wallet,C0963
ORD-013394,10/12/2025,Heliopolis,AX08,1,1335.0,0.0,Credit Card,C1804
ORD-013395,10/12/2025,6th of October,TB01,1,24499.0,0.05,Valu/Installments,C1859
ORD-013399,10/12/2025,Heliopolis,AU01,1,6689.0,0.0,Cash,C0139
ORD-013397,10/12/2025,6th of October,SP08,1,44978.0,0.0,Visa/Mastercard,C0088
ORD-013398,10/12/2025,Maadi,AX06,5,1167.0,0.0,Cash,C2044
ORD-013383,10/12/2025,Heliopolis,TV04,1,41836.0,0.0,Valu/Installments,C2134
ORD-013400,10/12/2025,6th of October,TB03,1,9330.0,0.0,CASH,
ORD-013384,10/12/2025,Smouha,KA05,1,9932.0,0.0,Valu/Installments,C0945
ORD-013380,10/12/2025,Miami,AX02,3,352.0,0.0,Mobile Wallet,C0322
ORD-013379,10/12/2025,Nasr City,AX06,5,1163.0,0.05,CASH,C1146
ORD-013396,10/12/2025,Smouha,LP04,1,77029.0,0.0,Credit Card,C0468
ORD-013378,10/12/2025,Heliopolis,AU03,2,13880.0,0.0,Credit Card,C1992
ORD-013381,10/12/2025,Mansoura,SP01,1,16290.0,0.0,Credit Card,C0834
ORD-013402,11/12/2025,6th of October,AU04,2,1442.0,0.0,credit card,
ORD-013401,11/12/2025,Miami,TV03,1,14420.0,0.0,cash,C1108
ORD-013413,11/12/2025,Miami,TB02,1,13312.0,0.0,VF Cash,C2029
ORD-013412,11/12/2025,Heliopolis,KA03,1,6754.0,0.0,Visa/Mastercard,C1573
ORD-013404,11/12/2025,Smouha,AU04,2,1469.0,0.0,Credit Card,C2410
ORD-013403,11/12/2025,6th of October,AU01,1,6645.0,0.0,Visa/Mastercard,C1139
ORD-013407,11/12/2025,Nasr City,SP06,1,9663.0,0.0,Visa/Mastercard,C0347
ORD-013405,11/12/2025,Dokki,AC01,1,34132.0,0.0,installments,C1574
RET-000087,11/12/2025,Nasr City,SP04,-1,11371.0,0.0,CASH,
ORD-013408,11/12/2025,Nasr City,AX05,3,2485.0,0.0,VF Cash,C0245
ORD-013409,11/12/2025,Mansoura,AX11,1,397.0,0.05,Cash,C1144
ORD-013410,11/12/2025,Nasr City,SP04,1,11371.0,0.0,CASH,
ORD-013411,11/12/2025,Mansoura,AC06,1,41267.0,0.0,Visa/Mastercard,C2498
ORD-013414,11/12/2025,Nasr City,AU03,2,13772.0,0.05,mobile wallet,C0078
ORD-013406,11/12/2025,Dokki,AU01,1,6675.0,0.0,CASH,C1231
ORD-013444,12/12/2025,Dokki,AX07,2,766.0,0.0,mobile wallet,C0234
ORD-013440,12/12/2025,Miami,AX05,2,2503.0,0.0,Installments,
ORD-013443,12/12/2025,miami,AX08,2,1345.0,0.0,credit card,C1752
ORD-013442,12/12/2025,6th of October,TB01,1,24296.0,0.0,Installments,C1778
ORD-013438,12/12/2025,Dokki,AX09,1,1805.0,0.0,Valu/Installments,C0113
ORD-013415,12/12/2025,Heliopolis,LP02,1,42177.0,0.0,Visa/Mastercard,C1568
ORD-013436,12/12/2025,Dokki,AC02,1,47147.0,0.0,cash,C2421
RET-000058,12/12/2025,Miami,AX05,-2,2503.0,0.0,Installments,
ORD-013434,12/12/2025,Mansoura,TB02,1,13710.0,0.0,Cash,C1378
ORD-013441,12/12/2025,6th of October,SP03,1,57461.0,0.0,Valu/Installments,C1397
ORD-013445,12/12/2025,Maadi,SP06,1,9893.0,0.0,Cash,C0448
ORD-013437,12/12/2025,Mansoura,KA07,1,18382.0,0.0,Credit Card,C0887
ORD-013446,12/12/2025,Miami,AX02,1,354.0,0.0,Cash,C2267
ORD-013447,12/12/2025,Dokki,SP06,1,9861.0,0.0,cash,C1590
ORD-013448,12/12/2025,Miami,AX10,3,444.0,0.0,Cash,C1178
ORD-013429,12/12/2025,Nasr City,AX02,1,340.0,0.0,Cash,C0129
ORD-013428,12/12/2025,Miami,AC02,1,45686.0,0.0,installments,
ORD-013427,12/12/2025,Smouha,LP06,1,21353.0,0.0,CASH,C1250
ORD-013426,12/12/2025,Nasr City,AU02,2,8979.0,0.0,CASH,C0215
ORD-013425,12/12/2025,Smouha,TV02,1,26471.0,0.0,Mobile Wallet,C2182
ORD-013424,12/12/2025,Dokki,AX04,4,249.0,0.0,cash,C1766
ORD-013423,12/12/2025,Mansoura,SP06,1,10075.0,0.0,VF Cash,
ORD-013420,12/12/2025,Nasr City,AX12,4,877.0,0.0,installments,C0843
ORD-013421,12/12/2025,6th of October,AU03,2,13634.0,0.0,cash,C1554
ORD-013431,12/12/2025,Miami,KA05,1,9908.0,0.0,installments,C1425
ORD-013419,12/12/2025,6th of October,AX12,2,874.0,0.0,installments,C0920
ORD-013418,12/12/2025,Dokki,SP06,1,9946.0,0.0,CASH,C0182
ORD-013417,12/12/2025,Heliopolis,AX09,1,1904.0,0.0,Visa/Mastercard,C1819
ORD-013416,12/12/2025,Heliopolis,AX03,3,563.0,0.0,mobile wallet,C1576
ORD-013422,12/12/2025,Dokki,AX07,4,737.0,0.0,Visa/Mastercard,C0756
ORD-013430,12/12/2025,Miami,TB04,1,17649.0,0.0,cash,C2219
ORD-013439,12/12/2025,Maadi,AX07,2,746.0,0.0,VF Cash,
ORD-013449,12/12/2025,Nasr City,SP06,1,9737.0,0.0,Mobile Wallet,C2191
ORD-013450,12/12/2025,Dokki,AX03,4,543.0,0.0,Mobile Wallet,C1899
ORD-013451,12/12/2025,Smouha,AU02,2,8876.0,0.0,Mobile Wallet,C1737
ORD-013433,12/12/2025,Heliopolis,KA04,1,24283.0,0.0,Visa/Mastercard,C2494
ORD-013432,12/12/2025,Mansoura,SP06,1,9669.0,0.0,Mobile Wallet,C0107
ORD-013435,12/12/2025,Nasr City,AX07,4,735.0,0.0,Credit Card,C1076
ORD-013453,13/12/2025,6th of October,AC06,1,41903.0,0.0,Valu/Installments,C2328
ORD-013471,13/12/2025,6th of October,LP02,1,41147.0,0.0,Credit Card,C2340
ORD-013478,13/12/2025,Dokki ,AX11,2,412.0,0.0,cash,
ORD-013477,13/12/2025,Heliopolis,TB02,1,13792.0,0.0,Visa/Mastercard,C1101
ORD-013476,13/12/2025,6th of October,AU02,1,8752.0,0.0,Installments,C1482
ORD-013473,13/12/2025,Heliopolis,AU04,2,1413.0,0.05,Credit Card,C1617
ORD-013470,13/12/2025,Maadi,LP04,1,76745.0,0.0,Credit Card,C1383
ORD-013459,13/12/2025,Mansoura,AC01,1,34373.0,0.0,credit card,C1915
ORD-013474,13/12/2025,Mansoura,KA08,1,5265.0,0.0,mobile wallet,C0159
ORD-013452,13/12/2025,Heliopolis,AX11,3,406.0,0.0,Credit Card,C2346
ORD-013475,13/12/2025,Nasr City,AX12,1,915.0,0.0,CASH,C1124
ORD-013467,13/12/2025,Heliopolis,AX03,1,552.0,0.0,Visa/Mastercard,C2224
ORD-013468,13/12/2025,Nasr City,AX05,4,2450.0,0.0,Visa/Mastercard,
ORD-013465,13/12/2025,Miami,AU04,2,1415.0,0.0,Credit Card,C0351
ORD-013464,13/12/2025,Smouha,LP01,1,29192.0,0.0,Credit Card,C1124
ORD-013463,13/12/2025,Smouha,TB02,1,13483.0,0.0,Visa/Mastercard,C1150
ORD-013462,13/12/2025,Heliopolis,AX07,2,728.0,0.0,Credit Card,C0063
ORD-013461,13/12/2025,Maadi,TB02,1,13377.0,0.05,Credit Card,C0541
ORD-013469,13/12/2025,Smouha,SP06,1,10057.0,0.0,Visa/Mastercard,C1212
ORD-013472,13/12/2025,Maadi,AX01,4,933.0,0.0,Credit Card,
ORD-013458,13/12/2025,Dokki,AX06,3,1156.0,0.0,Cash,C1562
ORD-013457,13/12/2025,6th of October,SP01,1,16407.0,0.0,Installments,
ORD-013456,13/12/2025,Nasr City,SP01,1,16508.0,0.0,Installments,C0666
ORD-013455,13/12/2025,Smouha,AC02,1,46843.0,0.0,Cash,C1066
ORD-013454,13/12/2025,DOKKI,AX01,1,960.0,0.0,CASH,C2126
ORD-013466,13/12/2025,Dokki,AC02,1,45517.0,0.0,installments,C1024
ORD-013460,13/12/2025,Dokki,TV05,1,23957.0,0.0,Credit Card,C0976
ORD-013479,14/12/2025,Maadi,TB02,1,13436.0,0.0,Cash,
ORD-013489,14/12/2025,Mansoura,AX08,1,1331.0,0.0,mobile wallet,C0733
ORD-013484,14/12/2025,Nasr City,SP03,1,56864.0,0.05,CASH,C0510
ORD-013488,14/12/2025,Nasr City,AX08,3,,0.0,Cash,C1084
ORD-013487,14/12/2025,maadi,SP01,1,16105.0,0.0,Valu/Installments,C1315
ORD-013486,14/12/2025,Heliopolis,SP05,1,19920.0,0.0,Cash,C2329
ORD-013485,14/12/2025,Miami,SP07,1,14876.0,0.0,Installments,C1258
ORD-013482,14/12/2025,6th of October,KA04,1,25021.0,0.0,cash,C2491
ORD-013483,14/12/2025,Nasr City,AX01,4,969.0,0.0,Visa/Mastercard,C0051
ORD-013480,14/12/2025,Smouha,KA08,1,5516.0,0.0,mobile wallet,C1027
ORD-013501,14/12/2025,Heliopolis,KA07,2,18867.0,0.05,Visa/Mastercard,C1674
ORD-013481,14/12/2025,Nasr City,AX09,3,1806.0,0.0,mobile wallet,
ORD-013499,14/12/2025,Maadi,AU05,1,3217.0,0.0,Installments,C2280
ORD-013491,14/12/2025,Heliopolis,AX12,1,902.0,0.0,Credit Card,C1896
ORD-013500,14/12/2025,Nasr City,LP03,1,31008.0,0.0,cash,C0893
ORD-013493,14/12/2025,Dokki,AU02,2,8915.0,0.0,Cash,C1802
ORD-013490,14/12/2025,Smouha,AX08,2,1339.0,0.0,mobile wallet,C1818
ORD-013492,14/12/2025,maadi,AX02,3,345.0,0.0,Credit Card,C0071
ORD-013495,14/12/2025,Nasr City,AX08,1,1314.0,0.0,Cash,C1911
ORD-013497,14/12/2025,Miami,AX01,1,943.0,0.0,Mobile Wallet,C1470
ORD-013498,14/12/2025,Maadi,SP01,1,16255.0,0.0,VF Cash,C1967
ORD-013494,14/12/2025,Dokki,AX03,5,536.0,0.0,cash,C0037
ORD-013496,14/12/2025,Maadi,AX01,4,937.0,0.0,mobile wallet,C0152
ORD-013525,15/12/2025,6th of October,AX09,3,1845.0,0.0,Cash,
ORD-013520,15/12/2025,Maadi,LP05,1,35000.0,0.0,Cash,C0715
ORD-013524,15/12/2025,Dokki,LP06,1,22212.0,0.0,Credit Card,C0469
ORD-013521,15/12/2025,Smouha,SP04,1,11301.0,0.0,mobile wallet,C0602
ORD-013522,15/12/2025,Maadi,AU01,2,6308.0,0.0,CASH,C0204
ORD-013523,15/12/2025,Nasr City,AX09,1,1846.0,0.0,Credit Card,C0954
ORD-013530,15/12/2025,Maadi,KA02,1,3694.0,0.0,Installments,
ORD-013528,15/12/2025,Nasr City,SP02,1,52383.0,0.05,Visa/Mastercard,C2076
ORD-013533,15/12/2025,Heliopolis,TB02,1,13416.0,0.0,mobile wallet,
ORD-013510,15/12/2025,Nasr City,LP02,1,41268.0,0.0,Credit Card,C1287
ORD-013516,15/12/2025,Mansoura,AX01,2,975.0,0.0,cash,C1064
ORD-013515,15/12/2025,Nasr City,AU01,2,6544.0,0.0,Installments,C1132
ORD-013514,15/12/2025,Miami,AX11,4,392.0,0.0,Visa/Mastercard,C1057
ORD-013513,15/12/2025,Miami,AX11,3,408.0,0.0,Valu/Installments,C0737
ORD-013512,15/12/2025,Heliopolis,AC01,1,33078.0,0.05,Valu/Installments,C1805
ORD-013511,15/12/2025,Dokki,AX09,2,1882.0,0.0,cash,C0263
ORD-013509,15/12/2025,6th of October,AX02,1,341.0,0.0,Cash,
ORD-013517,15/12/2025,Mansoura,AX03,5,554.0,0.0,installments,C2028
ORD-013508,15/12/2025,Miami,AX09,1,1806.0,0.0,Credit Card,C2259
ORD-013527,15/12/2025,Maadi,SP01,1,16283.0,0.0,Cash,C0755
ORD-013507,15/12/2025,Smouha,SP04,1,11362.0,0.0,Mobile Wallet,C2500
ORD-013504,15/12/2025,Nasr City,AX01,1,930.0,0.0,Valu/Installments,
ORD-013503,15/12/2025,Smouha,AX07,5,771.0,0.0,Mobile Wallet,C2374
ORD-013502,15/12/2025,6th of October,AC05,1,37620.0,0.0,credit card,C0240
RET-000025,15/12/2025,Nasr City,LP02,-1,41268.0,0.0,Credit Card,C1287
ORD-013505,15/12/2025,Dokki,TV02,1,26280.0,0.0,cash,C0326
ORD-013518,15/12/2025,Miami,TB03,1,9588.0,0.0,Visa/Mastercard,C0522
ORD-013526,15/12/2025,Maadi,AC02,1,45583.0,0.0,Valu/Installments,C0158
ORD-013519,15/12/2025,Dokki,AX09,3,1898.0,0.0,Credit Card,C0932
ORD-013532,15/12/2025,Smouha,SP04,1,11768.0,0.0,Credit Card,C1300
ORD-013531,15/12/2025,6th of October,AX02,3,355.0,0.0,cash,C2376
ORD-013529,15/12/2025,Mansoura,AU04,1,1414.0,0.0,cash,C1804
ORD-013506,15/12/2025,Smouha ,AC02,1,47150.0,0.0,Visa/Mastercard,C1133
ORD-013537,16/12/2025,Miami,AX11,4,393.0,0.0,cash,C0250
ORD-013550,16/12/2025,Dokki,AX10,3,451.0,0.0,installments,C2077
ORD-013552,16/12/2025,6th of October,KA07,1,18565.0,0.0,Credit Card,C0464
ORD-013549,16/12/2025,Heliopolis,AU05,1,3256.0,0.0,Cash,C0318
ORD-013534,16/12/2025,Smouha,AX03,1,564.0,0.0,Cash,C0172
ORD-013542,16/12/2025,Nasr City,AX11,4,409.0,0.0,mobile wallet,C2214
ORD-013535,16/12/2025,6th of October,TV06,1,89431.0,0.0,Valu/Installments,C2267
ORD-013536,16/12/2025,Mansoura,TB03,1,9606.0,0.0,Cash,C0934
ORD-013538,16/12/2025,Nasr City,AC02,1,45945.0,0.0,Valu/Installments,C1062
ORD-013539,16/12/2025,Dokki,KA01,1,4227.0,0.0,Credit Card,C1055
ORD-013540,16/12/2025,Maadi,KA04,1,24587.0,0.0,mobile wallet,C0067
ORD-013553,16/12/2025,Nasr City,AX08,3,1342.0,0.0,installments,C2094
ORD-013548,16/12/2025,Mansoura,SP02,1,50799.0,0.0,Valu/Installments,C0448
ORD-013543,16/12/2025,6th of October,KA03,2,6907.0,0.0,cash,C0184
ORD-013544,16/12/2025,Dokki,TV04,1,42216.0,0.0,mobile wallet,C2460
ORD-013545,16/12/2025,NASR CITY,SP02,1,53093.0,0.0,Valu/Installments,C0962
ORD-013546,16/12/2025,6th of October,LP01,1,28447.0,0.0,Cash,
ORD-013547,16/12/2025,Mansoura,AX03,3,,0.0,Visa/Mastercard,C1433
ORD-013541,16/12/2025,Dokki,KA06,1,12341.0,0.0,Mobile Wallet,C1448
ORD-013551,16/12/2025,6th of October,AX01,1,926.0,0.0,Valu/Installments,C1818
ORD-013560,17/12/2025,Miami,KA04,1,24440.0,0.05,VF Cash,
ORD-013564,17/12/2025,Nasr City,KA02,1,3681.0,0.0,Credit Card,C1160
ORD-013563,17/12/2025,6th of October,AX05,3,2486.0,0.0,cash,C1747
ORD-013562,17/12/2025,NASR CITY,LP06,1,22392.0,0.0,Valu/Installments,C0293
ORD-013561,17/12/2025,Smouha,AX06,2,1131.0,0.05,mobile wallet,C1704
ORD-013574,17/12/2025,Heliopolis,LP01,1,28799.0,0.0,installments,C1205
ORD-013556,17/12/2025,miami,SP06,1,9899.0,0.05,Cash,C0836
ORD-013567,17/12/2025,Smouha ,AX01,2,969.0,0.0,Cash,C1338
RET-000007,17/12/2025,6th of October,AX04,-4,245.0,0.0,installments,C0587
ORD-013580,17/12/2025,6th of October,SP08,1,44328.0,0.0,Credit Card,C0183
ORD-013579,17/12/2025,Nasr City,SP03,1,57817.0,0.0,Credit Card,C1509
ORD-013578,17/12/2025,Mansoura,TV02,1,26100.0,0.0,Cash,C0657
ORD-013577,17/12/2025,6th of October,TV06,1,86500.0,0.0,Cash,
ORD-013576,17/12/2025,Nasr City,KA07,2,18704.0,0.05,Visa/Mastercard,C0128
ORD-013575,17/12/2025,Heliopolis,TB04,1,17865.0,0.0,credit card,
ORD-013573,17/12/2025,Dokki,AX05,5,2517.0,0.0,cash,C1928
ORD-013572,17/12/2025,Miami,KA03,2,6687.0,0.0,Installments,C1535
ORD-013571,17/12/2025,Miami,AX07,3,764.0,0.0,Valu/Installments,C1672
ORD-013570,17/12/2025,Mansoura,AU03,2,13873.0,0.0,VF Cash,C1373
ORD-013569,17/12/2025,6th of October,AU05,1,3260.0,0.0,Visa/Mastercard,C1476
ORD-013568,17/12/2025,Mansoura,AU02,1,9154.0,0.0,Cash,C2487
ORD-013565,17/12/2025,6th of October,AX04,4,245.0,0.0,installments,C0587
ORD-013566,17/12/2025,Nasr City,AX03,3,534.0,0.0,CASH,C0102
ORD-013559,17/12/2025,Heliopolis,KA04,1,24241.0,0.0,Installments,C1522
ORD-013554,17/12/2025,Miami,AX02,4,344.0,0.0,credit card,C0318
ORD-013555,17/12/2025,maadi,TB01,1,24811.0,0.0,mobile wallet,C0971
ORD-013558,17/12/2025,HELIOPOLIS,AX05,5,2454.0,0.0,Credit Card,C2337
ORD-013557,17/12/2025,Maadi,AX04,2,243.0,0.05,credit card,C1335
ORD-013591,18/12/2025,Maadi,KA08,1,5287.0,0.0,Visa/Mastercard,C2093
ORD-013598,18/12/2025,Heliopolis,AU03,1,13513.0,0.0,Credit Card,C0134
ORD-013599,18/12/2025,Miami,AX03,3,562.0,0.0,Credit Card,C0615
ORD-013583,18/12/2025,Nasr City,AX06,1,1170.0,0.0,Credit Card,C2422
ORD-013584,18/12/2025,Miami,AU01,1,6426.0,0.0,cash,
ORD-013582,18/12/2025,6th of October,TV06,1,87272.0,0.0,Valu/Installments,C0615
ORD-013586,18/12/2025,Smouha,SP01,1,16195.0,0.05,Installments,C0436
ORD-013587,18/12/2025,Nasr City,AU03,1,13664.0,0.05,Cash,C2495
ORD-013588,18/12/2025,6th of October,AX07,1,752.0,0.0,Visa/Mastercard,C0867
ORD-013589,18/12/2025,Mansoura,SP06,1,9565.0,0.0,Valu/Installments,C1283
ORD-013585,18/12/2025,Miami,AU01,1,6445.0,0.0,mobile wallet,C0105
ORD-013592,18/12/2025,Mansoura,AX07,2,730.0,0.0,Credit Card,C2082
ORD-013593,18/12/2025,Nasr City,LP05,1,36040.0,0.0,Valu/Installments,C2382
ORD-013594,18/12/2025,Smouha,AU04,1,1412.0,0.0,Installments,C1410
ORD-013595,18/12/2025,6th of October,AX03,5,547.0,0.0,Credit Card,C0881
ORD-013596,18/12/2025,Smouha,AC06,1,40846.0,0.0,VF Cash,C1552
ORD-013581,18/12/2025,Nasr City,AC05,1,39113.0,0.05,CASH,C1192
ORD-013590,18/12/2025,Nasr City,AX01,2,931.0,0.05,Cash,
ORD-013597,18/12/2025,Heliopolis,KA05,1,9970.0,0.0,VF Cash,C2387
ORD-013615,19/12/2025,Mansoura,SP02,1,52335.0,0.0,Valu/Installments,C0211
ORD-013616,19/12/2025,6th of October,AC06,1,40661.0,0.0,Valu/Installments,C2487
ORD-013617,19/12/2025,Heliopolis,SP07,1,14863.0,0.0,cash,C1935
ORD-013619,19/12/2025,Miami,AX06,3,1122.0,0.0,mobile wallet,C2132
ORD-013622,19/12/2025,Dokki,TV02,1,26253.0,0.0,Credit Card,C1103
ORD-013621,19/12/2025,Miami,AC04,1,59075.0,0.0,Installments,C1299
ORD-013618,19/12/2025,Maadi,AU02,2,9068.0,0.0,credit card,C2149
ORD-013614,19/12/2025,6th of October,TV05,1,23531.0,0.0,installments,C2162
ORD-013620,19/12/2025,dokki,AU04,2,1425.0,0.0,Credit Card,C1807
ORD-013611,19/12/2025,Mansoura,AX09,1,1858.0,0.0,CASH,C2208
ORD-013612,19/12/2025,Heliopolis,AU02,1,8706.0,0.0,CASH,
ORD-013613,19/12/2025,Nasr City,KA08,1,5429.0,0.0,CASH,C0497
ORD-013608,19/12/2025,6th of October,AX01,4,967.0,0.0,Visa/Mastercard,C2353
ORD-013600,19/12/2025,6th of October,AX07,5,738.0,0.0,credit card,C1561
ORD-013601,19/12/2025,Nasr City,AX11,2,403.0,0.0,credit card,C0322
ORD-013609,19/12/2025,Miami,AX01,4,961.0,0.0,CASH,C2246
ORD-013603,19/12/2025,Heliopolis,AU02,2,8710.0,0.0,Credit Card,C0920
ORD-013605,19/12/2025,Smouha,AU03,1,13421.0,0.0,Installments,C2316
ORD-013606,19/12/2025,6th of October,AC02,1,45924.0,0.0,cash,
ORD-013607,19/12/2025,Nasr City,AC03,1,25952.0,0.0,credit card,C2063
ORD-013604,19/12/2025,Maadi,AU04,1,1408.0,0.0,installments,
ORD-013610,19/12/2025,dokki,LP01,1,29202.0,0.0,Installments,C1713
ORD-013602,19/12/2025,dokki,KA03,1,6619.0,0.0,Credit Card,C0317
ORD-013636,20/12/2025,Maadi,AX10,2,459.0,0.0,CASH,C0988
ORD-013641,20/12/2025,Smouha,AX06,2,1129.0,0.0,credit card,C1442
ORD-013640,20/12/2025,Mansoura,AU01,2,6619.0,0.0,credit card,C0327
ORD-013653,20/12/2025,Heliopolis,KA08,1,5459.0,0.0,mobile wallet,C0942
ORD-013652,20/12/2025,Maadi,AX03,4,561.0,0.0,Mobile Wallet,C1716
ORD-013651,20/12/2025,Miami,AU02,2,9075.0,0.0,CASH,
ORD-013637,20/12/2025,Dokki,AU05,2,3129.0,0.0,Mobile Wallet,C1823
ORD-013650,20/12/2025,Nasr City,LP02,1,42689.0,0.0,Credit Card,C1839
ORD-013628,20/12/2025,Nasr City,TB02,1,13745.0,0.0,CASH,C1000
ORD-013649,20/12/2025,Maadi,AX02,1,357.0,0.0,Credit Card,
ORD-013647,20/12/2025,Heliopolis,AC02,1,46957.0,0.0,Installments,C2479
ORD-013645,20/12/2025,Heliopolis,AX03,3,544.0,0.0,cash,C1484
ORD-013644,20/12/2025,Heliopolis,LP03,1,30658.0,0.0,credit card,C0314
ORD-013643,20/12/2025,Dokki,AU03,2,13707.0,0.0,CASH,C2072
ORD-013642,20/12/2025,Smouha,AX03,4,541.0,0.05,Visa/Mastercard,C2296
ORD-013646,20/12/2025,Dokki,AU04,2,1464.0,0.0,credit card,C1984
ORD-013632,20/12/2025,Maadi,TV01,1,32656.0,0.0,Installments,C0946
ORD-013648,20/12/2025,Maadi,AX04,2,253.0,0.0,CASH,C0944
ORD-013639,20/12/2025,Heliopolis,AC02,1,46665.0,0.0,Visa/Mastercard,C1483
ORD-013624,20/12/2025,6th of October,LP02,1,42998.0,0.0,Visa/Mastercard,C2357
ORD-013623,20/12/2025,Dokki,LP06,1,22608.0,0.0,Valu/Installments,C0799
ORD-013625,20/12/2025,Heliopolis,KA01,2,4257.0,0.0,Visa/Mastercard,C1201
ORD-013626,20/12/2025,Smouha,SP05,1,19941.0,0.0,cash,
ORD-013638,20/12/2025,Nasr City,LP06,1,22565.0,0.0,credit card,C1680
ORD-013629,20/12/2025,Miami,KA02,1,3636.0,0.0,mobile wallet,C1347
ORD-013627,20/12/2025,Heliopolis,AU01,2,6448.0,0.0,Cash,
ORD-013631,20/12/2025,Nasr City,TV02,1,27262.0,0.0,Installments,C1483
ORD-013633,20/12/2025,Smouha,SP07,1,14138.0,0.0,CASH,C1868
ORD-013634,20/12/2025,Dokki,AX02,4,352.0,0.05,installments,C1290
ORD-013635,20/12/2025,Maadi,LP01,1,28237.0,0.0,CASH,C0473
ORD-013630,20/12/2025,Nasr City,LP06,1,22182.0,0.0,Visa/Mastercard,C0996
ORD-013659,21/12/2025,miami,AX01,5,974.0,0.0,cash,C2396
ORD-013664,21/12/2025,Miami,KA04,1,24686.0,0.0,Installments,C1400
ORD-013661,21/12/2025,Smouha,KA08,1,5309.0,0.0,Mobile Wallet,C2481
ORD-013660,21/12/2025,Nasr City,AU01,2,6558.0,0.0,installments,C0566
ORD-013658,21/12/2025,Maadi,AX09,5,1874.0,0.0,Cash,C1670
ORD-013662,21/12/2025,Dokki,LP03,1,30765.0,0.0,VF Cash,C1067
ORD-013656,21/12/2025,nasr city,SP08,1,45522.0,0.05,Valu/Installments,C2203
ORD-013655,21/12/2025,Maadi,SP01,1,16157.0,0.0,cash,C0514
ORD-013654,21/12/2025,Miami,SP04,1,11268.0,0.0,cash,C2333
ORD-013663,21/12/2025,Nasr City,AX04,2,243.0,0.0,cash,C1176
ORD-013657,21/12/2025,Smouha,AX05,5,2417.0,0.0,CASH,C1004
ORD-013665,21/12/2025,6th of October,LP03,1,30847.0,0.05,installments,C1286
RET-000046,21/12/2025,Nasr City,AU01,-2,6558.0,0.0,installments,C0566
ORD-013666,21/12/2025,Nasr City,AX12,3,925.0,0.0,Cash,C0484
ORD-013669,21/12/2025,Heliopolis,LP05,1,35173.0,0.0,Valu/Installments,C1725
ORD-013672,21/12/2025,Heliopolis,KA03,2,6768.0,0.05,Visa/Mastercard,C2360
ORD-013667,21/12/2025,Dokki,SP08,1,43970.0,0.0,cash,C0334
ORD-013668,21/12/2025,Maadi,LP01,1,28351.0,0.0,installments,C1674
ORD-013671,21/12/2025,Maadi,AX11,5,399.0,0.0,cash,C0608
ORD-013670,21/12/2025,Dokki,KA05,2,10004.0,0.05,Cash,C2069
ORD-013673,21/12/2025,Maadi,AX06,1,1164.0,0.0,credit card,C2025
ORD-013674,21/12/2025,Nasr City,AX09,1,1829.0,0.0,Cash,C0812
ORD-013675,21/12/2025,6th of October,AU04,1,1492.0,0.0,Cash,C0737
ORD-013690,22/12/2025,Maadi,AX09,4,1878.0,0.05,Visa/Mastercard,C0684
ORD-013696,22/12/2025,Nasr City,SP03,1,58364.0,0.0,cash,
ORD-013692,22/12/2025,Nasr City,LP03,1,31208.0,0.0,Cash,C0543
ORD-013694,22/12/2025,6th of October,AX12,2,919.0,0.0,cash,C2169
ORD-013695,22/12/2025,Mansoura,SP06,1,10020.0,0.0,CASH,C1590
ORD-013687,22/12/2025,Heliopolis,SP01,1,16042.0,0.0,Cash,C0140
ORD-013691,22/12/2025,Miami,AU04,1,1485.0,0.0,Cash,C0300
ORD-013693,22/12/2025,Maadi,AX10,5,463.0,0.0,installments,C2110
ORD-013684,22/12/2025,Dokki,SP03,1,56313.0,0.0,credit card,C1925
ORD-013686,22/12/2025,Smouha,TB03,1,9279.0,0.0,Mobile Wallet,C0518
ORD-013677,22/12/2025,Dokki,AU01,2,6404.0,0.0,Installments,C0064
ORD-013678,22/12/2025,Nasr City,AX06,2,1151.0,0.05,Visa/Mastercard,C0684
ORD-013679,22/12/2025,heliopolis,AX01,1,966.0,0.05,cash,
ORD-013676,22/12/2025,Nasr City,AU02,2,9108.0,0.0,Visa/Mastercard,C1860
ORD-013681,22/12/2025,6TH OF OCTOBER,AX06,3,1131.0,0.0,Valu/Installments,C1715
ORD-013682,22/12/2025,Maadi,TV05,1,23980.0,0.0,installments,C1079
ORD-013683,22/12/2025,Mansoura,SP06,1,10052.0,0.0,Cash,C2272
ORD-013680,22/12/2025,Maadi,SP02,1,53502.0,0.0,mobile wallet,C0495
ORD-013689,22/12/2025,Dokki,TB04,1,17568.0,0.0,VF Cash,C0099
ORD-013685,22/12/2025,6th of October,AU03,1,13383.0,0.0,Valu/Installments,C0414
ORD-013688,22/12/2025,Dokki,AX02,2,360.0,0.0,cash,C1768
ORD-013713,23/12/2025,Heliopolis,AX03,5,545.0,0.0,VF Cash,C1839
ORD-013715,23/12/2025,Smouha,AX12,5,906.0,0.0,Visa/Mastercard,C1843
ORD-013706,23/12/2025,Heliopolis,AX07,5,759.0,0.0,CASH,C1379
ORD-013697,23/12/2025,Maadi,SP06,1,9507.0,0.0,Cash,C1730
ORD-013698,23/12/2025,Miami,SP04,1,11498.0,0.0,mobile wallet,C1452
ORD-013699,23/12/2025,Maadi,LP01,1,28405.0,0.0,credit card,C0523
ORD-013700,23/12/2025,Miami,LP03,1,31771.0,0.0,Valu/Installments,C1648
ORD-013701,23/12/2025,Miami,LP06,1,21773.0,0.0,Credit Card,C2282
ORD-013702,23/12/2025,Maadi,AX07,5,734.0,0.0,cash,C0989
ORD-013704,23/12/2025,Smouha,AC02,1,46368.0,0.0,Visa/Mastercard,C0488
ORD-013705,23/12/2025,6th of October,TV02,1,25863.0,0.0,installments,C1380
ORD-013703,23/12/2025,Miami,AC05,1,38496.0,0.0,CASH,C1202
ORD-013707,23/12/2025,Maadi,AX02,2,358.0,0.0,Credit Card,C2423
ORD-013709,23/12/2025,6th of October,AX08,1,1357.0,0.0,Mobile Wallet,C0442
ORD-013710,23/12/2025,6th of October,KA07,1,18360.0,0.0,credit card,C0186
ORD-013711,23/12/2025,Maadi,AU04,1,1474.0,0.0,mobile wallet,C0303
ORD-013712,23/12/2025,Nasr City,AX12,4,896.0,0.0,installments,C1454
ORD-013708,23/12/2025,Heliopolis,AU05,1,3189.0,0.0,Mobile Wallet,C2494
ORD-013714,23/12/2025,Miami,KA07,2,18346.0,0.0,Valu/Installments,C1675
ORD-013725,24/12/2025,Nasr City,AU03,1,13813.0,0.0,cash,C0032
ORD-013723,24/12/2025,maadi,AX06,2,1165.0,0.0,installments,C0344
ORD-013733,24/12/2025,Nasr City,LP05,1,35699.0,0.0,credit card,C1797
ORD-013732,24/12/2025,Dokki,SP06,1,9683.0,0.0,mobile wallet,
ORD-013731,24/12/2025,Mansoura,AU03,2,13819.0,0.0,Valu/Installments,C1313
ORD-013730,24/12/2025,Maadi,AX01,5,962.0,0.0,credit card,C1554
ORD-013729,24/12/2025,6th of October,KA03,1,6751.0,0.0,CASH,C1858
ORD-013728,24/12/2025,Miami,TV02,1,27084.0,0.0,Credit Card,C1516
ORD-013724,24/12/2025,6th of October,SP01,1,16284.0,0.0,installments,C0624
ORD-013727,24/12/2025,Mansoura,AX10,1,439.0,0.0,Credit Card,C2430
ORD-013716,24/12/2025,6th of October,AU03,1,13358.0,0.0,CASH,C1785
ORD-013717,24/12/2025,heliopolis,AX08,2,1383.0,0.0,credit card,C1185
ORD-013718,24/12/2025,Nasr City,AC03,1,26214.0,0.0,Valu/Installments,C1955
ORD-013719,24/12/2025,Mansoura,SP06,1,9525.0,0.0,Installments,C0552
ORD-013726,24/12/2025,Heliopolis,SP08,1,44483.0,0.0,Visa/Mastercard,C2432
ORD-013721,24/12/2025,6th of October,AU04,2,1421.0,0.0,credit card,C2415
ORD-013720,24/12/2025,Dokki,KA04,1,23837.0,0.0,CASH,C0752
ORD-013722,24/12/2025,6th of October,LP06,1,22544.0,0.0,credit card,C2087
ORD-013740,25/12/2025,mansoura,AU01,1,6437.0,0.0,Mobile Wallet,C1218
ORD-013737,25/12/2025,Smouha,TB04,1,17199.0,0.0,CASH,C1145
ORD-013746,25/12/2025,Maadi,AX03,5,535.0,0.0,Mobile Wallet,C2152
ORD-013734,25/12/2025,Nasr City,SP07,1,,0.0,Cash,C0724
ORD-013742,25/12/2025,Maadi,TV05,1,24268.0,0.0,Credit Card,C1398
ORD-013735,25/12/2025,maadi,TV02,1,27256.0,0.0,installments,C2084
ORD-013736,25/12/2025,6th of october,TV05,1,24058.0,0.0,installments,C2409
ORD-013738,25/12/2025,Smouha,AU01,2,6611.0,0.0,Cash,C0397
ORD-013739,25/12/2025,6th of October,AU03,1,13307.0,0.0,Cash,C0952
ORD-013743,25/12/2025,Smouha,AX02,2,359.0,0.0,cash,C0198
ORD-013745,25/12/2025,Miami,AU04,1,1465.0,0.0,credit card,C2121
RET-000094,25/12/2025,Miami,KA03,-1,6635.0,0.0,VF Cash,C1169
ORD-013744,25/12/2025,Dokki,AX11,5,406.0,0.0,Visa/Mastercard,C2311
ORD-013748,25/12/2025,Heliopolis,KA02,2,3550.0,0.05,Cash,C2375
ORD-013749,25/12/2025,Heliopolis,AX02,4,357.0,0.0,credit card,C2082
ORD-013750,25/12/2025,6th of October,AX11,3,412.0,0.0,mobile wallet,C1748
ORD-013751,25/12/2025,Miami,KA03,1,6635.0,0.0,VF Cash,C1169
ORD-013752,25/12/2025,Dokki,AX07,2,753.0,0.0,mobile wallet,C1323
ORD-013753,25/12/2025,Dokki,AX08,2,1334.0,0.0,Visa/Mastercard,C1574
ORD-013754,25/12/2025,6th of October,AU01,2,6694.0,0.0,cash,C1305
ORD-013755,25/12/2025,Heliopolis,TV04,1,42087.0,0.0,Installments,C0731
ORD-013741,25/12/2025,dokki,SP06,1,9863.0,0.0,Credit Card,C2021
ORD-013747,25/12/2025,Smouha,AX05,4,2420.0,0.0,Cash,
ORD-013761,26/12/2025,Nasr City,AC04,1,57519.0,0.0,Installments,C1140
ORD-013756,26/12/2025,Miami,SP08,1,45831.0,0.0,installments,C0587
ORD-013757,26/12/2025,Maadi,AX08,5,1313.0,0.0,Credit Card,C0172
ORD-013758,26/12/2025,6th of October,AC04,1,56870.0,0.0,Credit Card,C0863
ORD-013760,26/12/2025,6th of October,AX11,1,392.0,0.0,cash,C2127
ORD-013759,26/12/2025,Nasr City,TB01,1,24276.0,0.0,credit card,C1764
ORD-013778,26/12/2025,Nasr City,KA01,2,4095.0,0.0,Cash,C2483
ORD-013764,26/12/2025,Mansoura,LP05,1,34815.0,0.0,cash,C0408
ORD-013765,26/12/2025,6th of October,TV03,1,14858.0,0.0,credit card,C1423
ORD-013766,26/12/2025,Nasr City,KA07,1,18906.0,0.0,installments,C1167
ORD-013762,26/12/2025,Heliopolis,AX10,2,462.0,0.0,Cash,C2356
ORD-013768,26/12/2025,6th of October,AC01,1,33407.0,0.0,Valu/Installments,C0486
ORD-013763,26/12/2025,Dokki,LP05,1,35771.0,0.0,Valu/Installments,C1288
ORD-013767,26/12/2025,6th of October,SP03,1,59668.0,0.0,Cash,C0679
ORD-013774,26/12/2025,Smouha,AX10,2,441.0,0.0,mobile wallet,
ORD-013769,26/12/2025,6th of October,TV05,1,23705.0,0.0,credit card,C1180
ORD-013776,26/12/2025,Smouha,TV06,1,87031.0,0.0,Installments,C1182
ORD-013781,26/12/2025,Nasr City,AX10,2,443.0,0.0,Cash,C1142
ORD-013770,26/12/2025,Nasr City,AU05,2,3122.0,0.0,Mobile Wallet,C1122
ORD-013779,26/12/2025,Dokki,AX08,3,1378.0,0.0,CASH,C0435
ORD-013777,26/12/2025,6th of October,KA01,2,4094.0,0.0,installments,C1063
ORD-013780,26/12/2025,6th of October,SP03,1,58765.0,0.0,Installments,C0949
ORD-013775,26/12/2025,Miami,KA01,1,4129.0,0.0,Installments,C0694
ORD-013773,26/12/2025,Nasr City,AX02,2,358.0,0.05,credit card,C0917
ORD-013771,26/12/2025,Dokki,LP02,1,41029.0,0.0,Valu/Installments,C1994
ORD-013772,26/12/2025,Smouha,SP02,1,51434.0,0.0,mobile wallet,C1798
ORD-013787,27/12/2025,Nasr City,AX05,2,2523.0,0.0,Valu/Installments,C2262
ORD-013784,27/12/2025,Heliopolis,SP07,1,14341.0,0.0,credit card,
ORD-013788,27/12/2025,SMOUHA,AX09,1,1832.0,0.0,VF Cash,C2084
ORD-013790,27/12/2025,6th of October,AC05,1,38725.0,0.05,VF Cash,C0113
ORD-013783,27/12/2025,Nasr City,AX12,4,910.0,0.0,Mobile Wallet,
ORD-013794,27/12/2025,Miami,AX02,2,356.0,0.0,mobile wallet,C2212
ORD-013795,27/12/2025,Smouha,SP04,1,11255.0,0.0,CASH,C2204
ORD-013791,27/12/2025,Miami,TB03,1,9620.0,0.0,mobile wallet,C2452
ORD-013786,27/12/2025,Miami,AC03,1,26753.0,0.05,CASH,C0848
ORD-013792,27/12/2025,Miami,AX11,4,393.0,0.0,VF Cash,C0163
ORD-013785,27/12/2025,Maadi,TB01,1,24123.0,0.0,Visa/Mastercard,C0394
ORD-013793,27/12/2025,Smouha,AU05,2,3131.0,0.0,Credit Card,
ORD-013806,27/12/2025,Nasr City,AX08,5,1388.0,0.05,VF Cash,
ORD-013801,27/12/2025,Smouha,KA05,1,9555.0,0.0,credit card,C0833
ORD-013805,27/12/2025,Nasr City,AX11,5,389.0,0.0,cash,C1823
ORD-013802,27/12/2025,Smouha,SP07,1,14076.0,0.0,credit card,C1155
ORD-013804,27/12/2025,Maadi,AX02,3,352.0,0.0,credit card,C1747
ORD-013803,27/12/2025,MAADI,AX10,3,439.0,0.0,CASH,C2340
ORD-013807,27/12/2025,Mansoura ,LP04,1,76600.0,0.0,Installments,C2134
RET-000042,27/12/2025,Heliopolis,SP07,-1,14341.0,0.0,credit card,
ORD-013808,27/12/2025,Dokki,AX07,5,742.0,0.0,Credit Card,C0517
ORD-013800,27/12/2025,Nasr City,TB04,1,17668.0,0.0,VF Cash,C1514
ORD-013796,27/12/2025,Nasr City,AC01,1,33422.0,0.0,Mobile Wallet,C0800
ORD-013798,27/12/2025,Heliopolis,AX12,4,903.0,0.0,CASH,C2001
ORD-013789,27/12/2025,Nasr City,AX01,1,936.0,0.0,Visa/Mastercard,C0692
ORD-013797,27/12/2025,Mansoura,AU01,2,6377.0,0.0,credit card,C0028
ORD-013782,27/12/2025,Miami,AX02,4,342.0,0.0,Cash,C0578
ORD-013799,27/12/2025,Nasr City,SP02,1,52347.0,0.0,Visa/Mastercard,C0106
ORD-013811,28/12/2025,Mansoura,AU01,2,6487.0,0.0,Credit Card,C0449
ORD-013812,28/12/2025,Maadi,AX06,1,1177.0,0.0,Valu/Installments,C0492
ORD-013810,28/12/2025,6th of October,KA04,2,24196.0,0.0,VF Cash,C1209
ORD-013818,28/12/2025,DOKKI,KA02,2,3509.0,0.0,Cash,C0561
ORD-013822,28/12/2025,Maadi,TB01,1,24656.0,0.0,cash,C1449
ORD-013813,28/12/2025,6th of October,LP05,1,35892.0,0.0,Visa/Mastercard,C1821
ORD-013809,28/12/2025,Nasr City,LP02,1,41126.0,0.05,mobile wallet,C1859
ORD-013814,28/12/2025,Smouha,AX09,3,1895.0,0.0,cash,C1771
ORD-013821,28/12/2025,Smouha,AX01,3,926.0,0.0,installments,C0478
ORD-013816,28/12/2025,Nasr City,SP07,1,14400.0,0.0,Installments,C1078
ORD-013817,28/12/2025,Smouha,AU04,1,1478.0,0.0,mobile wallet,C0356
ORD-013819,28/12/2025,6th of October,AU04,1,1447.0,0.0,Mobile Wallet,C1141
ORD-013820,28/12/2025,Miami,LP06,1,22524.0,0.0,Visa/Mastercard,
ORD-013815,28/12/2025,Maadi,AX03,5,542.0,0.0,cash,C2021
ORD-013822,28/12/2025,Maadi,TB01,1,24656.0,0.0,cash,C1449
ORD-013834,29/12/2025,Heliopolis,AX07,2,755.0,0.0,credit card,C0304
ORD-013833,29/12/2025,Nasr City,AX01,1,923.0,0.0,Cash,C2101
ORD-013832,29/12/2025,Dokki,KA06,1,12754.0,0.0,Installments,
ORD-013830,29/12/2025,Smouha,AX08,2,1362.0,0.0,Mobile Wallet,C1131
ORD-013835,29/12/2025,Heliopolis,LP01,1,28794.0,0.0,Valu/Installments,C1290
ORD-013828,29/12/2025,Nasr City,KA04,2,24663.0,0.0,Credit Card,C2077
ORD-013831,29/12/2025,Dokki,SP03,1,59711.0,0.0,Cash,C1858
ORD-013826,29/12/2025,Heliopolis,AU03,1,13856.0,0.0,Credit Card,C1340
ORD-013825,29/12/2025,Smouha,AX04,3,247.0,0.0,Installments,C0305
ORD-013824,29/12/2025,Nasr City,AX05,2,2501.0,0.0,CASH,C0912
ORD-013823,29/12/2025,Mansoura,TV06,1,87472.0,0.0,Valu/Installments,C0324
RET-000083,29/12/2025,Nasr City,AX01,-1,923.0,0.0,Cash,C2101
ORD-013829,29/12/2025,Miami,AC06,1,42176.0,0.0,Mobile Wallet,C1374
ORD-013836,29/12/2025,Miami,LP06,1,21952.0,0.0,installments,C0158
ORD-013827,29/12/2025,Miami,AU03,1,13839.0,0.0,Cash,C0642
ORD-013837,29/12/2025,Nasr City,AX06,3,1127.0,0.0,VF Cash,C1776
ORD-013841,30/12/2025,Miami,KA01,1,4254.0,0.0,Visa/Mastercard,C0780
ORD-013849,30/12/2025,Dokki,AX01,2,938.0,0.0,CASH,C0902
ORD-013843,30/12/2025,SMOUHA,AX08,4,1341.0,0.0,mobile wallet,C0146
ORD-013846,30/12/2025,Smouha,KA05,2,9537.0,0.0,mobile wallet,C0561
ORD-013842,30/12/2025,Dokki,TB02,1,13597.0,0.0,installments,C2287
RET-000098,30/12/2025,Dokki,AX01,-2,938.0,0.0,CASH,C0902
ORD-013838,30/12/2025,Maadi,AX01,2,948.0,0.0,cash,C0412
ORD-013839,30/12/2025,Nasr City,AX09,4,1811.0,0.0,installments,C2136
ORD-013840,30/12/2025,Dokki,AU01,1,,0.0,cash,C1301
ORD-013856,30/12/2025,Heliopolis,TV06,1,91405.0,0.0,credit card,C2035
ORD-013845,30/12/2025,Dokki,LP06,1,21353.0,0.0,Installments,C1008
ORD-013852,30/12/2025,Nasr City,SP07,1,14092.0,0.0,installments,C1926
ORD-013855,30/12/2025,6th of October,KA01,2,4176.0,0.0,CASH,C0767
ORD-013848,30/12/2025,Dokki,AX01,1,968.0,0.0,Cash,C1541
ORD-013853,30/12/2025,Heliopolis,KA08,2,5249.0,0.0,Mobile Wallet,C0621
ORD-013854,30/12/2025,Nasr City,TB01,1,23842.0,0.0,Mobile Wallet,C1985
ORD-013851,30/12/2025,Maadi,LP06,1,21546.0,0.0,Installments,C1087
ORD-013850,30/12/2025,Heliopolis,SP08,1,43965.0,0.0,cash,C0802
ORD-013847,30/12/2025,miami,LP01,1,28171.0,0.05,installments,C2402
ORD-013844,30/12/2025,Mansoura,SP03,1,58646.0,0.0,CASH,C0033
ORD-013868,31/12/2025,Mansoura,SP08,1,45355.0,0.05,Installments,C2285
ORD-013857,31/12/2025,Maadi,LP01,1,28464.0,0.0,installments,C1158
ORD-013860,31/12/2025,Maadi,TV01,1,32320.0,0.0,cash,C0364
ORD-013865,31/12/2025,Heliopolis,AX10,3,450.0,0.0,Mobile Wallet,C1779
ORD-013863,31/12/2025,Smouha,AU02,2,9065.0,0.0,Cash,
ORD-013862,31/12/2025,6th of October,SP04,1,11407.0,0.05,installments,C0878
ORD-013861,31/12/2025,Dokki,AX05,4,2377.0,0.0,credit card,C2115
ORD-013859,31/12/2025,MANSOURA,AX11,3,390.0,0.0,Visa/Mastercard,C0814
ORD-013858,31/12/2025,Mansoura,AX07,3,757.0,0.0,Mobile Wallet,C0540
ORD-013869,31/12/2025,Miami,AX04,3,257.0,0.0,cash,C0855
ORD-013864,31/12/2025,Maadi,AX11,3,390.0,0.0,Cash,C0014
ORD-013866,31/12/2025,Maadi,AX07,3,770.0,0.05,mobile wallet,C0276
ORD-013867,31/12/2025,Maadi,AU05,1,3121.0,0.0,VF Cash,C2010
